Cycle,Supposed Position,Raw Angle,Filtered Angle,Field Status
1,0,352.46338,352.55804,36
1,30,323.18481,323.28348,16
1,60,293.52173,293.64117,58
1,90,263.39722,263.49509,14
1,120,233.26172,233.3575,32
1,150,203.08228,203.1739,40
1,180,172.90283,173.01849,52
1,210,142.86621,142.97958,24
1,240,112.39014,112.54432,42
1,270,81.85913,81.97388,54
1,300,51.76758,51.88557,16
1,330,22.07153,22.17431,50
2,0,352.45239,352.58127,34
2,30,323.17383,323.28464,14
2,60,293.53271,293.6424,60
2,90,263.39722,263.50101,14
2,120,233.25073,233.36232,32
2,150,203.07129,203.17705,40
2,180,172.90283,173.0285,50
2,210,142.84424,142.98637,20
2,240,112.44507,112.54967,54
2,270,81.82617,81.97733,50
2,300,51.76758,51.89384,18
2,330,22.07153,22.18689,50
3,0,352.50732,352.59537,44
3,30,323.17383,323.29391,16
3,60,293.51074,293.6395,56
3,90,263.39722,263.49924,14
3,120,233.23975,233.36342,28
3,150,203.08228,203.17052,40
3,180,172.90283,173.02251,52
3,210,142.85522,142.97598,22
3,240,112.41211,112.55248,50
3,270,81.83716,81.98207,50
3,300,51.75659,51.89292,14
3,330,22.07153,22.19027,52
4,0,352.50732,352.5928,44
4,30,323.1958,323.29889,18
4,60,293.55469,293.65637,0
4,90,263.36426,263.50311,8
4,120,233.21777,233.36861,24
4,150,203.03833,203.17644,34
4,180,172.94678,173.02988,60
4,210,142.88818,142.99442,30
4,240,112.44507,112.56319,54
4,270,81.84814,81.99325,52
4,300,51.80054,51.90056,22
4,330,22.07153,22.19625,52
5,0,352.47437,352.60147,38
5,30,323.18481,323.29953,16
5,60,293.52173,293.64615,60
5,90,263.39722,263.50333,14
5,120,233.25073,233.36746,30
5,150,203.03833,203.18199,34
5,180,172.93579,173.03993,58
5,210,142.84424,142.98958,20
5,240,112.4231,112.56121,50
5,270,81.89209,81.99493,60
5,300,51.75659,51.9073,12
5,330,22.07153,22.20313,50
6,0,352.47437,352.60703,38
6,30,323.18481,323.30362,16
6,60,293.53271,293.66006,60
6,90,263.39722,263.51419,14
6,120,233.25073,233.37448,32
6,150,203.03833,203.18733,36
6,180,172.89185,173.0338,50
6,210,142.8772,142.99359,26
6,240,112.44507,112.56706,54
6,270,81.8811,81.99954,58
6,300,51.76758,51.9091,16
6,330,22.08252,22.19556,52
7,0,352.50732,352.60516,44
7,30,323.17383,323.30606,16
7,60,293.5437,293.65573,62
7,90,263.3313,263.50699,4
7,120,233.25073,233.37712,30
7,150,203.07129,203.19473,38
7,180,172.90283,173.05132,52
7,210,142.85522,143.00752,22
7,240,112.44507,112.57343,54
7,270,81.85913,82.00798,54
7,300,51.76758,51.91583,16
7,330,22.07153,22.20313,52
8,0,352.45239,352.61169,34
8,30,323.14087,323.31378,10
8,60,293.52173,293.65543,56
8,90,263.38623,263.50739,12
8,120,233.25073,233.37289,30
8,150,203.04932,203.1985,34
8,180,172.88086,173.04489,48
8,210,142.88818,143.00922,28
8,240,112.44507,112.5761,54
8,270,81.84814,82.00623,52
8,300,51.74561,51.91472,12
8,330,22.06055,22.20671,48
9,0,352.49634,352.61478,44
9,30,323.15186,323.30905,10
9,60,293.53271,293.66684,60
9,90,263.37524,263.52252,10
9,120,233.25073,233.38795,30
9,150,203.04932,203.2005,36
9,180,172.9248,173.054,56
9,210,142.88818,143.01224,28
9,240,112.41211,112.57451,50
9,270,81.85913,82.00337,54
9,300,51.72363,51.91411,10
9,330,22.07153,22.20317,50
10,0,352.47437,352.59955,40
10,30,323.16284,323.30692,14
10,60,293.55469,293.66196,62
10,90,263.39722,263.52405,14
10,120,233.26172,233.38544,30
10,150,203.0603,203.20403,38
10,180,172.9248,173.05582,58
10,210,142.8772,143.01599,26
10,240,112.44507,112.57808,54
10,270,81.85913,82.00451,54
10,300,51.75659,51.92265,14
10,330,22.06055,22.2082,50
11,0,352.47437,352.61978,38
11,30,323.14087,323.31412,10
11,60,293.52173,293.66837,58
11,90,263.36426,263.53012,8
11,120,233.22876,233.39079,26
11,150,203.07129,203.20766,40
11,180,172.89185,173.05382,52
11,210,142.8772,143.00571,26
11,240,112.44507,112.57941,54
11,270,81.8811,82.00331,58
11,300,51.76758,51.92889,16
11,330,22.06055,22.21303,48
12,0,352.47437,352.62122,38
12,30,323.15186,323.31888,12
12,60,293.53271,293.67737,60
12,90,263.36426,263.53818,8
12,120,233.25073,233.40045,30
12,150,203.08228,203.20877,40
12,180,172.89185,173.05753,50
12,210,142.85522,143.01691,22
12,240,112.44507,112.58751,54
12,270,81.84814,82.00964,50
12,300,51.77856,51.93032,18
12,330,22.06055,22.21349,50
13,0,352.48535,352.62219,40
13,30,323.16284,323.32098,14
13,60,293.51074,293.67947,58
13,90,263.39722,263.53607,14
13,120,233.25073,233.39673,32
13,150,203.04932,203.21179,38
13,180,172.95776,173.06302,62
13,210,142.85522,143.0188,22
13,240,112.44507,112.58997,54
13,270,81.85913,82.01573,54
13,300,51.76758,51.93267,16
13,330,22.07153,22.22278,48
14,0,352.45239,352.63159,34
14,30,323.15186,323.33142,12
14,60,293.55469,293.68405,62
14,90,263.36426,263.53436,8
14,120,233.22876,233.40247,26
14,150,203.07129,203.21584,42
14,180,172.93579,173.06964,58
14,210,142.8772,143.02263,26
14,240,112.44507,112.59063,54
14,270,81.89209,82.01927,60
14,300,51.80054,51.93098,22
14,330,22.06055,22.22275,48
15,0,352.49634,352.63614,42
15,30,323.18481,323.33127,18
15,60,293.53271,293.68799,62
15,90,263.38623,263.54398,12
15,120,233.21777,233.40779,22
15,150,203.08228,203.21869,40
15,180,172.93579,173.07623,58
15,210,142.89917,143.03581,28
15,240,112.44507,112.59837,54
15,270,81.85913,82.03028,54
15,300,51.76758,51.9395,16
15,330,22.07153,22.22987,50
16,0,352.45239,352.6373,34
16,30,323.15186,323.33646,12
16,60,293.49976,293.68613,56
16,90,263.35327,263.53232,8
16,120,233.1958,233.40198,20
16,150,203.04932,203.22166,36
16,180,172.93579,173.07309,56
16,210,142.88818,143.03003,26
16,240,112.44507,112.59953,56
16,270,81.85913,82.03709,54
16,300,51.76758,51.94421,16
16,330,22.06055,22.23409,48
17,0,352.50732,352.64615,46
17,30,323.20679,323.34726,22
17,60,293.53271,293.68622,60
17,90,263.36426,263.53439,6
17,120,233.21777,233.40927,24
17,150,203.08228,203.22925,40
17,180,172.96875,173.09227,62
17,210,142.91016,143.04646,30
17,240,112.43408,112.60606,52
17,270,81.8811,82.03661,60
17,300,51.80054,51.94117,22
17,330,22.07153,22.23001,50
18,0,352.47437,352.63974,40
18,30,323.1958,323.34326,20
18,60,293.53271,293.68875,62
18,90,263.35327,263.54099,6
18,120,233.21777,233.40901,24
18,150,203.07129,203.22913,40
18,180,172.89185,173.08647,50
18,210,142.8772,143.0453,26
18,240,112.44507,112.60166,54
18,270,81.83716,82.0375,50
18,300,51.80054,51.9479,20
18,330,22.06055,22.23588,50
19,0,352.49634,352.64542,42
19,30,323.17383,323.34833,16
19,60,293.52173,293.69046,58
19,90,263.35327,263.54446,6
19,120,233.20679,233.41194,22
19,150,203.08228,203.22923,40
19,180,172.91382,173.08087,52
19,210,142.8772,143.03705,26
19,240,112.4231,112.60162,50
19,270,81.84814,82.03087,52
19,300,51.78955,51.94815,22
19,330,22.04956,22.2407,44
20,0,352.45239,352.64304,34
20,30,323.17383,323.3396,16
20,60,293.52173,293.6983,58
20,90,263.39722,263.55444,16
20,120,233.21777,233.42084,24
20,150,203.04932,203.23621,34
20,180,172.95776,173.09102,62
20,210,142.88818,143.04745,28
20,240,112.44507,112.60822,54
20,270,81.85913,82.03833,54
20,300,51.76758,51.94967,16
20,330,22.06055,22.23578,48
21,0,352.49634,352.64462,44
21,30,323.14087,323.34387,12
21,60,293.55469,293.69565,0
21,90,263.39722,263.56049,14
21,120,233.21777,233.422,24
21,150,203.08228,203.23999,42
21,180,172.90283,173.09111,50
21,210,142.8772,143.05119,26
21,240,112.4231,112.61276,50
21,270,81.8811,82.04,58
21,300,51.77856,51.96043,20
21,330,22.06055,22.24497,50
22,0,352.47437,352.65598,38
22,30,323.17383,323.35718,16
22,60,293.52173,293.69958,58
22,90,263.37524,263.56888,10
22,120,233.25073,233.43173,28
22,150,203.0603,203.23746,38
22,180,172.90283,173.08617,50
22,210,142.86621,143.04562,24
22,240,112.44507,112.60938,54
22,270,81.85913,82.0354,54
22,300,51.81152,51.96736,24
22,330,22.08252,22.24991,54
23,0,352.45239,352.65219,34
23,30,323.17383,323.36533,16
23,60,293.53271,293.71045,60
23,90,263.4082,263.57269,16
23,120,233.22876,233.4342,24
23,150,203.04932,203.24028,34
23,180,172.9248,173.08905,56
23,210,142.8772,143.04633,26
23,240,112.4231,112.61966,48
23,270,81.85913,82.04411,54
23,300,51.75659,51.96846,12
23,330,22.07153,22.24957,50
24,0,352.48535,352.65399,38
24,30,323.1958,323.36505,18
24,60,293.53271,293.70645,60
24,90,263.39722,263.5766,14
24,120,233.22876,233.43419,26
24,150,203.08228,203.24309,42
24,180,172.86987,173.09436,46
24,210,142.8772,143.05124,26
24,240,112.41211,112.61427,46
24,270,81.85913,82.05026,54
24,300,51.77856,51.98426,18
24,330,22.03857,22.26529,44
25,0,352.49634,352.66351,42
25,30,323.20679,323.37726,22
25,60,293.52173,293.71402,58
25,90,263.39722,263.58066,14
25,120,233.26172,233.44382,32
25,150,203.07129,203.25151,40
25,180,172.89185,173.0994,52
25,210,142.84424,143.04411,20
25,240,112.43408,112.61919,54
25,270,81.82617,82.0537,50
25,300,51.78955,51.98205,20
25,330,22.06055,22.25906,50
26,0,352.48535,352.66333,40
26,30,323.14087,323.36545,10
26,60,293.52173,293.70966,58
26,90,263.38623,263.57794,14
26,120,233.25073,233.44261,30
26,150,203.03833,203.25623,34
26,180,172.94678,173.11327,60
26,210,142.85522,143.07228,24
26,240,112.44507,112.63924,54
26,270,81.85913,82.07019,54
26,300,51.80054,51.97937,22
26,330,22.04956,22.26173,46
27,0,352.48535,352.67224,42
27,30,323.14087,323.36978,10
27,60,293.53271,293.72177,60
27,90,263.38623,263.55606,10
27,120,233.21777,233.43709,24
27,150,203.07129,203.25452,40
27,180,172.90283,173.1227,50
27,210,142.8772,143.06895,26
27,240,112.45605,112.63228,54
27,270,81.8811,82.0619,58
27,300,51.76758,51.97694,16
27,330,22.03857,22.25988,44
28,0,352.50732,352.68225,44
28,30,323.14087,323.37308,10
28,60,293.53271,293.72733,60
28,90,263.36426,263.57239,8
28,120,233.21777,233.446,22
28,150,203.07129,203.25951,40
28,180,172.9248,173.12372,56
28,210,142.8772,143.06969,26
28,240,112.4231,112.63849,48
28,270,81.82617,82.0702,48
28,300,51.75659,51.9734,14
28,330,22.09351,22.25942,54
29,0,352.45239,352.67575,34
29,30,323.16284,323.37662,14
29,60,293.52173,293.72406,58
29,90,263.36426,263.57153,8
29,120,233.26172,233.44063,30
29,150,203.03833,203.25871,34
29,180,172.9248,173.12508,56
29,210,142.89917,143.07021,28
29,240,112.4231,112.63987,50
29,270,81.89209,82.07409,60
29,300,51.80054,51.98181,22
29,330,22.08252,22.26671,54
30,0,352.50732,352.68915,42
30,30,323.1958,323.3848,22
30,60,293.52173,293.72836,58
30,90,263.34229,263.5683,4
30,120,233.26172,233.4481,30
30,150,203.07129,203.25694,40
30,180,172.91382,173.12981,52
30,210,142.8772,143.06944,26
30,240,112.41211,112.63769,48
30,270,81.85913,82.06497,54
30,300,51.76758,51.97898,16
30,330,22.06055,22.26718,46
31,0,352.48535,352.68652,38
31,30,323.14087,323.37833,12
31,60,293.51074,293.73975,56
31,90,263.39722,263.58386,14
31,120,233.25073,233.45604,28
31,150,203.07129,203.26927,40
31,180,172.89185,173.12312,50
31,210,142.86621,143.07712,26
31,240,112.39014,112.64413,48
31,270,81.89209,82.07091,58
31,300,51.76758,51.9863,16
31,330,22.08252,22.27106,52
32,0,352.51831,352.68823,44
32,30,323.17383,323.38593,16
32,60,293.51074,293.73267,58
32,90,263.34229,263.5748,4
32,120,233.22876,233.44649,28
32,150,203.03833,203.26407,36
32,180,172.94678,173.12553,60
32,210,142.88818,143.07759,28
32,240,112.4231,112.64199,50
32,270,81.85913,82.06683,54
32,300,51.80054,51.99499,22
32,330,22.07153,22.27275,50
33,0,352.50732,352.69028,44
33,30,323.18481,323.38394,20
33,60,293.55469,293.73859,62
33,90,263.39722,263.59723,14
33,120,233.21777,233.45906,24
33,150,203.04932,203.27408,38
33,180,172.89185,173.12991,50
33,210,142.8772,143.07253,26
33,240,112.43408,112.64549,54
33,270,81.83716,82.07099,50
33,300,51.76758,51.99494,16
33,330,22.06055,22.27759,50
34,0,352.51831,352.69055,44
34,30,323.17383,323.38278,16
34,60,293.5437,293.73672,60
34,90,263.39722,263.60458,14
34,120,233.21777,233.46419,24
34,150,203.07129,203.27725,42
34,180,172.94678,173.13515,62
34,210,142.84424,143.08197,22
34,240,112.4231,112.65546,50
34,270,81.84814,82.08192,50
34,300,51.77856,51.99886,18
34,330,22.04956,22.28486,48
35,0,352.46338,352.69711,38
35,30,323.17383,323.39478,16
35,60,293.52173,293.7431,58
35,90,263.35327,263.58136,6
35,120,233.21777,233.46223,24
35,150,203.03833,203.26949,34
35,180,172.89185,173.12691,50
35,210,142.91016,143.08218,30
35,240,112.41211,112.65644,48
35,270,81.84814,82.08422,52
35,300,51.81152,52.0006,24
35,330,22.06055,22.28711,46
36,0,352.45239,352.69998,34
36,30,323.1958,323.392,22
36,60,293.49976,293.74661,54
36,90,263.37524,263.60434,10
36,120,233.25073,233.47281,30
36,150,203.03833,203.28435,34
36,180,172.95776,173.1452,62
36,210,142.83325,143.0856,20
36,240,112.44507,112.65688,54
36,270,81.85913,82.07733,54
36,300,51.78955,52.0045,20
36,330,22.04956,22.28619,46
37,0,352.50732,352.69891,42
37,30,323.14087,323.3913,10
37,60,293.52173,293.74329,58
37,90,263.36426,263.61313,8
37,120,233.25073,233.47449,30
37,150,203.04932,203.28616,36
37,180,172.94678,173.14108,60
37,210,142.8772,143.10127,28
37,240,112.41211,112.66118,48
37,270,81.87012,82.09467,56
37,300,51.80054,52.0169,24
37,330,22.03857,22.29423,44
38,0,352.44141,352.69073,32
38,30,323.1958,323.41,20
38,60,293.52173,293.74908,58
38,90,263.37524,263.61838,10
38,120,233.26172,233.47687,30
38,150,203.07129,203.29131,42
38,180,172.89185,173.14238,50
38,210,142.84424,143.09598,20
38,240,112.41211,112.66394,48
38,270,81.83716,82.08734,50
38,300,51.77856,52.02202,16
38,330,22.06055,22.30587,50
39,0,352.47437,352.70096,40
39,30,323.18481,323.42346,18
39,60,293.5437,293.76175,62
39,90,263.39722,263.62393,14
39,120,233.22876,233.49443,24
39,150,203.08228,203.29588,42
39,180,172.89185,173.14952,50
39,210,142.84424,143.09628,20
39,240,112.4231,112.66415,48
39,270,81.83716,82.08835,50
39,300,51.82251,52.02791,26
39,330,22.08252,22.30849,52
40,0,352.48535,352.69424,40
40,30,323.16284,323.42868,14
40,60,293.53271,293.75989,58
40,90,263.39722,263.62701,14
40,120,233.20679,233.49261,24
40,150,203.08228,203.299,42
40,180,172.90283,173.14944,52
40,210,142.85522,143.10553,20
40,240,112.4231,112.67196,48
40,270,81.87012,82.0972,56
40,300,51.80054,52.03389,22
40,330,22.06055,22.31561,50
41,0,352.48535,352.7135,38
41,30,323.17383,323.42947,16
41,60,293.52173,293.77014,58
41,90,263.37524,263.63293,10
41,120,233.26172,233.49458,32
41,150,203.04932,203.30414,34
41,180,172.86987,173.14848,46
41,210,142.81128,143.10049,14
41,240,112.44507,112.66776,56
41,270,81.89209,82.09742,62
41,300,51.76758,52.03405,16
41,330,22.07153,22.31233,50
42,0,352.48535,352.71692,38
42,30,323.17383,323.42892,16
42,60,293.52173,293.7691,58
42,90,263.38623,263.63669,12
42,120,233.26172,233.50034,32
42,150,203.04932,203.30563,36
42,180,172.91382,173.15594,54
42,210,142.89917,143.10835,30
42,240,112.44507,112.67662,54
42,270,81.85913,82.10406,54
42,300,51.80054,52.03735,24
42,330,22.06055,22.31837,48
43,0,352.47437,352.71732,38
43,30,323.20679,323.43668,22
43,60,293.51074,293.7739,58
43,90,263.37524,263.64066,8
43,120,233.25073,233.5023,32
43,150,203.04932,203.30554,36
43,180,172.91382,173.15302,56
43,210,142.84424,143.10913,20
43,240,112.41211,112.67189,46
43,270,81.85913,82.10627,54
43,300,51.75659,52.05008,14
43,330,22.08252,22.33376,52
44,0,352.48535,352.71967,38
44,30,323.20679,323.46213,22
44,60,293.5437,293.78268,62
44,90,263.37524,263.64313,10
44,120,233.26172,233.50996,32
44,150,203.07129,203.31766,42
44,180,172.89185,173.16393,50
44,210,142.8772,143.11717,26
44,240,112.39014,112.67767,42
44,270,81.85913,82.10941,54
44,300,51.77856,52.05664,22
44,330,22.08252,22.33165,52
45,0,352.47437,352.71942,38
45,30,323.21777,323.46216,22
45,60,293.49976,293.77664,54
45,90,263.39722,263.6463,12
45,120,233.27271,233.51814,36
45,150,203.04932,203.32167,34
45,180,172.9248,173.16588,56
45,210,142.8772,143.12111,26
45,240,112.4231,112.68377,50
45,270,81.85913,82.11942,54
45,300,51.81152,52.06429,22
45,330,22.09351,22.33816,54
46,0,352.46338,352.71497,38
46,30,323.20679,323.4765,20
46,60,293.53271,293.77914,60
46,90,263.37524,263.64954,8
46,120,233.25073,233.52071,30
46,150,203.07129,203.31987,42
46,180,172.89185,173.1655,50
46,210,142.84424,143.1266,20
46,240,112.43408,112.68749,52
46,270,81.82617,82.11862,48
46,300,51.77856,52.05919,18
46,330,22.07153,22.34553,50
47,0,352.47437,352.73132,38
47,30,323.17383,323.46002,16
47,60,293.52173,293.79114,60
47,90,263.37524,263.65817,10
47,120,233.25073,233.52283,32
47,150,203.07129,203.32916,40
47,180,172.86987,173.17802,48
47,210,142.8772,143.13239,28
47,240,112.41211,112.70165,48
47,270,81.85913,82.12489,56
47,300,51.81152,52.06069,24
47,330,22.07153,22.33845,50
48,0,352.47437,352.72867,36
48,30,323.1958,323.45209,18
48,60,293.52173,293.7854,58
48,90,263.36426,263.6618,8
48,120,233.23975,233.52084,28
48,150,203.04932,203.33258,36
48,180,172.93579,173.18227,60
48,210,142.84424,143.13338,20
48,240,112.41211,112.70229,46
48,270,81.85913,82.13229,54
48,300,51.77856,52.06854,18
48,330,22.08252,22.3492,54
49,0,352.44141,352.74158,32
49,30,323.20679,323.47641,22
49,60,293.51074,293.80435,56
49,90,263.37524,263.66544,10
49,120,233.27271,233.53168,32
49,150,203.0603,203.3372,40
49,180,172.90283,173.18719,50
49,210,142.84424,143.14209,20
49,240,112.39014,112.69785,42
49,270,81.83716,82.1274,48
49,300,51.78955,52.07281,22
49,330,22.06055,22.35276,50
50,0,352.47437,352.74216,38
50,30,323.17383,323.48898,16
50,60,293.52173,293.80173,58
50,90,263.4082,263.67322,14
50,120,233.29468,233.54811,38
50,150,203.09326,203.34155,44
50,180,172.91382,173.19046,52
50,210,142.86621,143.13969,26
50,240,112.41211,112.70795,48
50,270,81.8811,82.13655,56
50,300,51.77856,52.07347,18
50,330,22.07153,22.35234,50
51,0,352.48535,352.74014,40
51,30,323.20679,323.49054,22
51,60,293.52173,293.80035,56
51,90,263.36426,263.67139,8
51,120,233.26172,233.54736,32
51,150,203.07129,203.33806,40
51,180,172.89185,173.1855,50
51,210,142.84424,143.14453,20
51,240,112.44507,112.70396,54
51,270,81.83716,82.13533,50
51,300,51.82251,52.07878,26
51,330,22.06055,22.36177,50
52,0,352.45239,352.75153,34
52,30,323.23975,323.50598,28
52,60,293.52173,293.81339,58
52,90,263.4082,263.67444,16
52,120,233.26172,233.54758,32
52,150,203.08228,203.34537,40
52,180,172.91382,173.19113,56
52,210,142.85522,143.14236,22
52,240,112.39014,112.7021,44
52,270,81.85913,82.13488,54
52,300,51.80054,52.0775,22
52,330,22.08252,22.36291,54
53,0,352.45239,352.74734,34
53,30,323.23975,323.50378,28
53,60,293.52173,293.80334,58
53,90,263.37524,263.67938,8
53,120,233.25073,233.5574,32
53,150,203.07129,203.34116,42
53,180,172.91382,173.18599,56
53,210,142.8772,143.14891,26
53,240,112.43408,112.71429,52
53,270,81.83716,82.1496,50
53,300,51.82251,52.08236,26
53,330,22.09351,22.3698,52
54,0,352.45239,352.75208,36
54,30,323.22876,323.51202,24
54,60,293.52173,293.80603,56
54,90,263.39722,263.68399,14
54,120,233.26172,233.55304,32
54,150,203.07129,203.34673,40
54,180,172.88086,173.19141,48
54,210,142.82227,143.146,14
54,240,112.43408,112.71022,52
54,270,81.83716,82.14765,50
54,300,51.78955,52.09021,20
54,330,22.10449,22.37814,58
55,0,352.46338,352.76212,34
55,30,323.1958,323.52164,20
55,60,293.53271,293.81235,58
55,90,263.36426,263.68573,10
55,120,233.28369,233.57283,36
55,150,203.03833,203.35631,34
55,180,172.91382,173.20203,54
55,210,142.81128,143.15572,14
55,240,112.40112,112.70768,46
55,270,81.8811,82.14731,58
55,300,51.82251,52.08803,26
55,330,22.06055,22.3718,48
56,0,352.45239,352.76016,34
56,30,323.1958,323.51807,22
56,60,293.52173,293.81091,58
56,90,263.39722,263.6875,12
56,120,233.25073,233.55936,30
56,150,203.02734,203.35867,32
56,180,172.9248,173.20192,56
56,210,142.91016,143.16542,30
56,240,112.43408,112.73202,54
56,270,81.8811,82.16349,56
56,300,51.81152,52.10768,24
56,330,22.07153,22.38449,50
57,0,352.41943,352.76672,28
57,30,323.25073,323.53381,30
57,60,293.52173,293.81921,60
57,90,263.39722,263.69315,14
57,120,233.25073,233.56853,30
57,150,203.07129,203.36398,40
57,180,172.90283,173.20911,52
57,210,142.8772,143.17284,26
57,240,112.39014,112.71649,46
57,270,81.85913,82.15614,54
57,300,51.82251,52.10003,26
57,330,22.09351,22.38285,54
58,0,352.48535,352.77496,42
58,30,323.25073,323.534,32
58,60,293.4668,293.82169,48
58,90,263.35327,263.69754,6
58,120,233.29468,233.58949,36
58,150,203.0603,203.37314,38
58,180,172.9248,173.21916,56
58,210,142.88818,143.18088,26
58,240,112.43408,112.72591,54
58,270,81.83716,82.16525,52
58,300,51.81152,52.1013,24
58,330,22.09351,22.38737,56
59,0,352.45239,352.76709,34
59,30,323.18481,323.5343,18
59,60,293.52173,293.82544,58
59,90,263.39722,263.70255,14
59,120,233.25073,233.59129,32
59,150,203.04932,203.37172,34
59,180,172.90283,173.21178,52
59,210,142.84424,143.1787,22
59,240,112.41211,112.73368,50
59,270,81.83716,82.1649,48
59,300,51.77856,52.10885,18
59,330,22.07153,22.39848,50
60,0,352.45239,352.77936,34
60,30,323.22876,323.54272,26
60,60,293.49976,293.83023,54
60,90,263.4082,263.7067,14
60,120,233.27271,233.58243,32
60,150,203.07129,203.37894,42
60,180,172.91382,173.22742,52
60,210,142.83325,143.17557,18
60,240,112.39014,112.72727,44
60,270,81.85913,82.1691,54
60,300,51.77856,52.10912,16
60,330,22.07153,22.39242,52
61,0,352.47437,352.78549,38
61,30,323.20679,323.54105,22
61,60,293.51074,293.83582,56
61,90,263.39722,263.71063,14
61,120,233.28369,233.58113,38
61,150,203.03833,203.37914,36
61,180,172.9248,173.22304,56
61,210,142.8772,143.18539,26
61,240,112.41211,112.74447,48
61,270,81.85913,82.17219,54
61,300,51.78955,52.11687,22
61,330,22.08252,22.39804,52
62,0,352.48535,352.79037,40
62,30,323.1958,323.54794,20
62,60,293.52173,293.84225,58
62,90,263.36426,263.71164,8
62,120,233.28369,233.58727,38
62,150,203.03833,203.37836,34
62,180,172.86987,173.22403,46
62,210,142.8772,143.17653,26
62,240,112.4231,112.74301,50
62,270,81.83716,82.1758,50
62,300,51.78955,52.1128,20
62,330,22.07153,22.40039,48
63,0,352.49634,352.79385,42
63,30,323.25073,323.55228,30
63,60,293.49976,293.84006,54
63,90,263.39722,263.7139,14
63,120,233.29468,233.59795,36
63,150,203.0603,203.38206,40
63,180,172.86987,173.22276,46
63,210,142.85522,143.18687,22
63,240,112.41211,112.73641,46
63,270,81.87012,82.17534,54
63,300,51.78955,52.12179,22
63,330,22.07153,22.40546,50
64,0,352.47437,352.79431,40
64,30,323.22876,323.55704,26
64,60,293.49976,293.84335,52
64,90,263.37524,263.71643,10
64,120,233.25073,233.60023,32
64,150,203.03833,203.38942,34
64,180,172.89185,173.23563,50
64,210,142.84424,143.18887,20
64,240,112.44507,112.74196,52
64,270,81.85913,82.18731,54
64,300,51.77856,52.13399,18
64,330,22.12646,22.41313,60
65,0,352.45239,352.79547,34
65,30,323.25073,323.55267,30
65,60,293.52173,293.84973,60
65,90,263.37524,263.72165,10
65,120,233.26172,233.59169,32
65,150,203.01636,203.3847,30
65,180,172.89185,173.23428,50
65,210,142.86621,143.18837,26
65,240,112.43408,112.749,50
65,270,81.85913,82.18721,54
65,300,51.80054,52.12941,22
65,330,22.09351,22.41605,54
66,0,352.47437,352.80222,38
66,30,323.1958,323.56494,20
66,60,293.52173,293.84821,58
66,90,263.39722,263.7262,14
66,120,233.30566,233.61531,40
66,150,203.0603,203.39597,38
66,180,172.9248,173.2464,56
66,210,142.85522,143.20206,22
66,240,112.41211,112.74687,48
66,270,81.82617,82.18939,48
66,300,51.76758,52.1321,16
66,330,22.07153,22.41628,50
67,0,352.47437,352.79584,38
67,30,323.25073,323.56693,30
67,60,293.53271,293.84933,60
67,90,263.39722,263.72803,14
67,120,233.28369,233.60814,36
67,150,203.03833,203.39552,34
67,180,172.9248,173.24487,56
67,210,142.85522,143.20567,20
67,240,112.4231,112.75382,48
67,270,81.85913,82.19909,54
67,300,51.81152,52.14157,24
67,330,22.08252,22.42376,50
68,0,352.45239,352.80209,34
68,30,323.20679,323.57761,22
68,60,293.49976,293.85886,54
68,90,263.35327,263.73251,6
68,120,233.27271,233.61932,32
68,150,203.04932,203.40288,36
68,180,172.90283,173.24469,52
68,210,142.86621,143.2007,24
68,240,112.39014,112.75558,44
68,270,81.85913,82.19328,54
68,300,51.77856,52.13948,18
68,330,22.07153,22.40844,50
69,0,352.48535,352.80475,38
69,30,323.23975,323.57724,28
69,60,293.52173,293.85907,58
69,90,263.4082,263.73544,16
69,120,233.25073,233.63231,32
69,150,203.07129,203.41725,42
69,180,172.89185,173.24966,50
69,210,142.83325,143.20691,18
69,240,112.4231,112.74963,50
69,270,81.85913,82.19913,54
69,300,51.80054,52.15509,22
69,330,22.07153,22.41093,48
70,0,352.45239,352.80902,34
70,30,323.20679,323.58063,22
70,60,293.48877,293.86139,52
70,90,263.39722,263.73685,12
70,120,233.29468,233.62709,40
70,150,203.0603,203.41229,38
70,180,172.90283,173.24817,52
70,210,142.85522,143.21034,22
70,240,112.4231,112.75629,50
70,270,81.85913,82.20113,54
70,300,51.80054,52.15469,20
70,330,22.08252,22.41724,52
71,0,352.47437,352.81848,38
71,30,323.1958,323.58539,20
71,60,293.51074,293.8692,56
71,90,263.39722,263.74969,16
71,120,233.30566,233.64078,40
71,150,203.08228,203.41321,40
71,180,172.9248,173.24931,56
71,210,142.8772,143.21284,26
71,240,112.41211,112.75299,50
71,270,81.85913,82.19736,54
71,300,51.80054,52.1535,22
71,330,22.06055,22.41876,48
72,0,352.48535,352.81253,38
72,30,323.20679,323.58292,22
72,60,293.48877,293.86285,54
72,90,263.37524,263.7449,10
72,120,233.30566,233.64201,40
72,150,203.03833,203.41219,36
72,180,172.9248,173.24875,56
72,210,142.84424,143.2114,20
72,240,112.41211,112.75898,48
72,270,81.8811,82.20502,58
72,300,51.80054,52.15679,22
72,330,22.08252,22.42001,52
73,0,352.48535,352.81708,38
73,30,323.20679,323.58191,22
73,60,293.49976,293.86301,54
73,90,263.4082,263.73944,16
73,120,233.30566,233.63715,40
73,150,203.04932,203.40967,34
73,180,172.89185,173.24306,54
73,210,142.8772,143.20773,26
73,240,112.41211,112.75977,48
73,270,81.81519,82.19942,46
73,300,51.80054,52.16072,22
73,330,22.06055,22.41948,48
74,0,352.47437,352.82431,36
74,30,323.20679,323.58557,22
74,60,293.52173,293.86487,58
74,90,263.4082,263.7446,14
74,120,233.30566,233.64569,36
74,150,203.08228,203.41487,42
74,180,172.9248,173.25116,56
74,210,142.82227,143.21581,14
74,240,112.4231,112.76087,48
74,270,81.84814,82.20573,54
74,300,51.76758,52.16294,16
74,330,22.06055,22.41754,48
75,0,352.45239,352.8172,32
75,30,323.20679,323.58698,22
75,60,293.52173,293.86243,58
75,90,263.37524,263.74313,10
75,120,233.28369,233.64664,34
75,150,203.07129,203.41095,40
75,180,172.90283,173.24933,52
75,210,142.86621,143.21878,24
75,240,112.39014,112.75436,44
75,270,81.82617,82.21195,48
75,300,51.80054,52.16071,22
75,330,22.06055,22.42183,48
76,0,352.46338,352.82724,36
76,30,323.20679,323.59076,22
76,60,293.53271,293.86951,60
76,90,263.41919,263.75012,18
76,120,233.27271,233.64673,34
76,150,203.03833,203.41289,36
76,180,172.86987,173.25052,46
76,210,142.8772,143.21437,26
76,240,112.4231,112.74052,50
76,270,81.85913,82.20448,56
76,300,51.77856,52.16301,18
76,330,22.07153,22.41903,50
77,0,352.46338,352.82947,36
77,30,323.25073,323.59106,30
77,60,293.52173,293.87006,58
77,90,263.37524,263.74927,8
77,120,233.29468,233.6575,36
77,150,203.08228,203.42372,42
77,180,172.90283,173.25484,52
77,210,142.88818,143.23016,30
77,240,112.37915,112.75219,42
77,270,81.89209,82.2155,60
77,300,51.82251,52.17985,26
77,330,22.08252,22.42373,50
78,0,352.45239,352.82953,34
78,30,323.25073,323.59357,28
78,60,293.48877,293.87366,52
78,90,263.39722,263.75232,14
78,120,233.32764,233.65547,42
78,150,203.03833,203.42917,38
78,180,172.9248,173.2616,56
78,210,142.8772,143.22383,26
78,240,112.35718,112.75285,36
78,270,81.85913,82.2149,54
78,300,51.80054,52.18013,22
78,330,22.06055,22.43248,48
79,0,352.45239,352.83243,34
79,30,323.20679,323.59842,22
79,60,293.53271,293.87921,60
79,90,263.4082,263.75931,16
79,120,233.31665,233.65944,42
79,150,203.01636,203.4218,30
79,180,172.88086,173.2592,46
79,210,142.8772,143.21858,26
79,240,112.35718,112.73701,36
79,270,81.83716,82.21204,50
79,300,51.80054,52.17601,22
79,330,22.02759,22.42823,42
80,0,352.47437,352.83826,38
80,30,323.20679,323.59586,22
80,60,293.52173,293.87924,58
80,90,263.43018,263.75882,18
80,120,233.26172,233.6658,32
80,150,203.02734,203.42799,32
80,180,172.90283,173.25993,50
80,210,142.86621,143.21988,24
80,240,112.37915,112.73304,42
80,270,81.84814,82.21507,54
80,300,51.82251,52.1911,28
80,330,22.02759,22.43255,42
81,0,352.50732,352.85394,44
81,30,323.25073,323.60327,30
81,60,293.53271,293.88196,60
81,90,263.39722,263.76376,18
81,120,233.32764,233.66344,44
81,150,203.08228,203.42278,42
81,180,172.86987,173.25476,46
81,210,142.81128,143.22078,14
81,240,112.35718,112.74197,38
81,270,81.83716,82.21436,50
81,300,51.81152,52.18577,24
81,330,22.08252,22.43798,52
82,0,352.50732,352.86017,44
82,30,323.25073,323.60519,30
82,60,293.52173,293.88208,58
82,90,263.37524,263.76788,12
82,120,233.28369,233.65834,36
82,150,203.02734,203.42525,34
82,180,172.88086,173.26131,46
82,210,142.86621,143.22581,26
82,240,112.35718,112.74222,38
82,270,81.83716,82.215,50
82,300,51.84448,52.18864,28
82,330,22.09351,22.43359,54
83,0,352.45239,352.84644,34
83,30,323.20679,323.60068,22
83,60,293.49976,293.88129,54
83,90,263.38623,263.7594,12
83,120,233.28369,233.66428,36
83,150,203.07129,203.42909,40
83,180,172.90283,173.26376,52
83,210,142.86621,143.22833,24
83,240,112.35718,112.74962,38
83,270,81.85913,82.2211,54
83,300,51.87744,52.19763,34
83,330,22.07153,22.43675,48
84,0,352.50732,352.85553,44
84,30,323.25073,323.60007,28
84,60,293.53271,293.88049,58
84,90,263.37524,263.758,8
84,120,233.28369,233.66235,38
84,150,203.04932,203.42186,36
84,180,172.90283,173.25694,52
84,210,142.88818,143.22113,26
84,240,112.37915,112.72867,40
84,270,81.87012,82.21685,54
84,300,51.80054,52.1878,22
84,330,22.07153,22.43515,50
85,0,352.48535,352.8598,40
85,30,323.20679,323.60138,22
85,60,293.48877,293.88361,52
85,90,263.39722,263.76114,14
85,120,233.31665,233.66447,42
85,150,203.08228,203.42767,44
85,180,172.90283,173.25569,52
85,210,142.86621,143.22786,24
85,240,112.32422,112.73534,32
85,270,81.85913,82.21786,54
85,300,51.8335,52.19683,28
85,330,22.06055,22.43621,48
86,0,352.50732,352.86243,44
86,30,323.20679,323.59744,22
86,60,293.53271,293.88254,60
86,90,263.35327,263.76117,8
86,120,233.30566,233.66238,38
86,150,203.07129,203.42261,38
86,180,172.89185,173.26694,50
86,210,142.85522,143.23361,22
86,240,112.35718,112.73804,38
86,270,81.85913,82.21887,54
86,300,51.8335,52.20607,28
86,330,22.08252,22.44818,52
87,0,352.47437,352.87543,38
87,30,323.1958,323.60526,20
87,60,293.48877,293.88589,54
87,90,263.37524,263.76633,10
87,120,233.29468,233.67068,36
87,150,203.0603,203.4243,36
87,180,172.88086,173.2661,48
87,210,142.82227,143.22945,14
87,240,112.35718,112.7374,38
87,270,81.81519,82.21627,46
87,300,51.80054,52.19463,22
87,330,22.06055,22.44934,48
88,0,352.47437,352.87598,38
88,30,323.21777,323.60437,24
88,60,293.52173,293.88495,58
88,90,263.4082,263.76794,16
88,120,233.28369,233.6721,34
88,150,203.04932,203.42491,36
88,180,172.90283,173.27505,52
88,210,142.85522,143.23941,20
88,240,112.37915,112.7384,42
88,270,81.82617,82.22015,50
88,300,51.82251,52.20514,26
88,330,22.08252,22.44468,54
89,0,352.5293,352.8652,48
89,30,323.23975,323.60403,26
89,60,293.49976,293.88614,52
89,90,263.38623,263.76746,12
89,120,233.26172,233.66899,32
89,150,203.07129,203.42104,38
89,180,172.90283,173.26566,52
89,210,142.8772,143.22911,26
89,240,112.35718,112.72929,38
89,270,81.85913,82.22376,54
89,300,51.82251,52.19707,24
89,330,22.06055,22.45049,50
90,0,352.50732,352.87582,44
90,30,323.25073,323.60608,30
90,60,293.53271,293.89316,60
90,90,263.39722,263.77615,16
90,120,233.28369,233.67252,38
90,150,203.03833,203.41345,32
90,180,172.86987,173.26349,44
90,210,142.8772,143.23622,24
90,240,112.35718,112.73035,38
90,270,81.83716,82.21764,50
90,300,51.8335,52.1967,28
90,330,22.09351,22.45205,54
91,0,352.47437,352.87915,40
91,30,323.23975,323.59668,30
91,60,293.52173,293.88748,58
91,90,263.39722,263.76752,14
91,120,233.31665,233.67566,42
91,150,203.03833,203.41498,34
91,180,172.86987,173.26326,46
91,210,142.84424,143.22922,20
91,240,112.35718,112.73766,38
91,270,81.82617,82.22129,48
91,300,51.80054,52.21043,22
91,330,22.09351,22.45464,54
92,0,352.5293,352.87894,50
92,30,323.23975,323.60458,28
92,60,293.49976,293.8873,54
92,90,263.37524,263.77087,10
92,120,233.32764,233.66736,42
92,150,203.04932,203.40465,34
92,180,172.86987,173.26044,46
92,210,142.82227,143.22777,16
92,240,112.32422,112.73159,32
92,270,81.84814,82.21777,52
92,300,51.80054,52.19761,22
92,330,22.08252,22.44985,52
93,0,352.47437,352.88126,38
93,30,323.18481,323.60504,22
93,60,293.49976,293.88892,54
93,90,263.39722,263.77481,14
93,120,233.28369,233.66728,36
93,150,203.03833,203.40622,34
93,180,172.90283,173.26427,50
93,210,142.84424,143.23824,20
93,240,112.36816,112.73482,38
93,270,81.85913,82.21703,52
93,300,51.8335,52.20265,28
93,330,22.07153,22.44872,50
94,0,352.50732,352.87875,44
94,30,323.23975,323.59564,28
94,60,293.52173,293.88898,58
94,90,263.39722,263.76251,16
94,120,233.31665,233.66846,42
94,150,203.0603,203.40784,36
94,180,172.86987,173.26353,46
94,210,142.8772,143.228,26
94,240,112.36816,112.73857,42
94,270,81.82617,82.22018,48
94,300,51.82251,52.21841,26
94,330,22.07153,22.45532,50
95,0,352.51831,352.88367,48
95,30,323.23975,323.59589,28
95,60,293.52173,293.89023,58
95,90,263.4082,263.78125,16
95,120,233.25073,233.67102,32
95,150,203.04932,203.40994,36
95,180,172.86987,173.26076,46
95,210,142.81128,143.22388,14
95,240,112.35718,112.73913,38
95,270,81.82617,82.21676,48
95,300,51.81152,52.20205,24
95,330,22.06055,22.44862,48
96,0,352.47437,352.88226,38
96,30,323.21777,323.60254,24
96,60,293.47778,293.8898,50
96,90,263.38623,263.77692,14
96,120,233.30566,233.66975,40
96,150,203.03833,203.41733,32
96,180,172.91382,173.26593,52
96,210,142.88818,143.23956,30
96,240,112.37915,112.74059,42
96,270,81.84814,82.22328,50
96,300,51.82251,52.20823,26
96,330,22.06055,22.45037,48
97,0,352.5293,352.88538,48
97,30,323.22876,323.59537,26
97,60,293.48877,293.88895,54
97,90,263.39722,263.77533,14
97,120,233.30566,233.66818,40
97,150,202.9834,203.41728,26
97,180,172.89185,173.26515,52
97,210,142.84424,143.23055,20
97,240,112.37915,112.73633,42
97,270,81.85913,82.22159,54
97,300,51.82251,52.20365,26
97,330,22.09351,22.45198,54
98,0,352.5293,352.88846,48
98,30,323.20679,323.59991,22
98,60,293.51074,293.89316,56
98,90,263.41919,263.77945,18
98,120,233.29468,233.67459,38
98,150,203.01636,203.41913,30
98,180,172.9248,173.26929,56
98,210,142.84424,143.23207,20
98,240,112.34619,112.73178,36
98,270,81.82617,82.21957,46
98,300,51.80054,52.2056,22
98,330,22.07153,22.45268,48
99,0,352.49634,352.87906,42
99,30,323.23975,323.60406,28
99,60,293.53271,293.89227,60
99,90,263.41919,263.78076,18
99,120,233.32764,233.67688,42
99,150,203.03833,203.41542,32
99,180,172.86987,173.26796,46
99,210,142.84424,143.23578,20
99,240,112.36816,112.74199,40
99,270,81.82617,82.2246,50
99,300,51.84448,52.20534,30
99,330,22.09351,22.45406,52
100,0,352.5293,352.88553,48
100,30,323.25073,323.59689,28
100,60,293.52173,293.8949,58
100,90,263.43018,263.77621,18
100,120,233.32764,233.66763,44
100,150,203.00537,203.41251,28
100,180,172.89185,173.26157,50
100,210,142.83325,143.23065,18
100,240,112.35718,112.74114,38
100,270,81.82617,82.22182,48
100,300,51.86646,52.19951,34
100,330,22.09351,22.4517,54
101,0,352.5293,352.88828,48
101,30,323.25073,323.60428,28
101,60,293.52173,293.8945,58
101,90,263.41919,263.78476,18
101,120,233.30566,233.67593,38
101,150,203.03833,203.42023,34
101,180,172.90283,173.2652,50
101,210,142.84424,143.23009,20
101,240,112.37915,112.73631,40
101,270,81.84814,82.21846,50
101,300,51.8335,52.2033,28
101,330,22.09351,22.44784,54
102,0,352.54028,352.88589,50
102,30,323.25073,323.59668,28
102,60,293.48877,293.88925,54
102,90,263.4082,263.77457,16
102,120,233.30566,233.6685,38
102,150,203.01636,203.41589,30
102,180,172.86987,173.26431,48
102,210,142.8772,143.2303,26
102,240,112.36816,112.74337,42
102,270,81.82617,82.22362,48
102,300,51.82251,52.20905,26
102,330,22.09351,22.45634,54
103,0,352.5293,352.8909,50
103,30,323.22876,323.60391,26
103,60,293.48877,293.89108,54
103,90,263.41919,263.78308,18
103,120,233.33862,233.67404,46
103,150,203.03833,203.40178,36
103,180,172.89185,173.25972,50
103,210,142.8772,143.22304,26
103,240,112.39014,112.73665,44
103,270,81.82617,82.21797,50
103,300,51.82251,52.19649,26
103,330,22.06055,22.44774,48
104,0,352.5293,352.88828,48
104,30,323.1958,323.60175,22
104,60,293.49976,293.88663,54
104,90,263.41919,263.77429,16
104,120,233.28369,233.66992,34
104,150,203.03833,203.41281,34
104,180,172.90283,173.26212,50
104,210,142.8772,143.22618,26
104,240,112.35718,112.73667,38
104,270,81.87012,82.21796,54
104,300,51.84448,52.20392,30
104,330,22.08252,22.45018,52
105,0,352.51831,352.888,46
105,30,323.20679,323.58951,22
105,60,293.51074,293.88892,58
105,90,263.39722,263.76807,14
105,120,233.30566,233.66525,42
105,150,203.04932,203.40366,34
105,180,172.89185,173.25691,50
105,210,142.8772,143.22942,26
105,240,112.35718,112.73973,40
105,270,81.85913,82.22058,54
105,300,51.81152,52.20807,22
105,330,22.08252,22.44986,52
106,0,352.50732,352.88864,44
106,30,323.20679,323.59824,22
106,60,293.48877,293.88916,52
106,90,263.39722,263.7822,14
106,120,233.29468,233.67175,36
106,150,203.02734,203.40779,32
106,180,172.90283,173.25908,52
106,210,142.8772,143.22577,28
106,240,112.37915,112.73725,44
106,270,81.82617,82.21528,48
106,300,51.8335,52.19029,28
106,330,22.06055,22.44427,48
107,0,352.50732,352.88858,44
107,30,323.17383,323.59393,16
107,60,293.48877,293.8909,52
107,90,263.4082,263.77878,14
107,120,233.32764,233.66856,46
107,150,203.01636,203.41713,30
107,180,172.91382,173.26562,54
107,210,142.88818,143.23598,26
107,240,112.35718,112.74021,40
107,270,81.85913,82.21853,54
107,300,51.82251,52.20111,26
107,330,22.09351,22.44814,54
108,0,352.48535,352.88541,38
108,30,323.21777,323.59399,26
108,60,293.52173,293.88925,58
108,90,263.39722,263.77167,14
108,120,233.29468,233.66576,38
108,150,203.03833,203.40547,36
108,180,172.89185,173.2565,52
108,210,142.8772,143.22762,26
108,240,112.36816,112.7362,40
108,270,81.83716,82.21855,50
108,300,51.8335,52.19648,28
108,330,22.09351,22.44723,54
109,0,352.50732,352.87894,44
109,30,323.25073,323.59811,30
109,60,293.52173,293.88977,58
109,90,263.43018,263.77905,18
109,120,233.29468,233.67422,38
109,150,203.01636,203.40692,30
109,180,172.91382,173.25807,54
109,210,142.84424,143.22833,20
109,240,112.32422,112.7327,30
109,270,81.84814,82.21362,52
109,300,51.8335,52.19108,28
109,330,22.02759,22.44147,42
110,0,352.50732,352.87671,44
110,30,323.20679,323.58951,20
110,60,293.48877,293.88422,52
110,90,263.41919,263.7742,18
110,120,233.29468,233.66797,40
110,150,203.03833,203.41103,36
110,180,172.90283,173.26083,50
110,210,142.8772,143.22072,24
110,240,112.36816,112.73246,38
110,270,81.85913,82.21347,54
110,300,51.8335,52.20169,30
110,330,22.07153,22.44967,48
111,0,352.5293,352.88507,50
111,30,323.23975,323.58856,28
111,60,293.53271,293.88562,60
111,90,263.43018,263.77533,20
111,120,233.27271,233.66411,34
111,150,203.04932,203.4014,36
111,180,172.89185,173.25327,50
111,210,142.8772,143.21877,26
111,240,112.35718,112.72922,38
111,270,81.85913,82.21181,54
111,300,51.84448,52.19036,30
111,330,22.09351,22.44075,52
112,0,352.51831,352.88568,46
112,30,323.23975,323.5976,30
112,60,293.48877,293.88901,52
112,90,263.39722,263.77686,14
112,120,233.29468,233.66595,38
112,150,203.00537,203.40866,28
112,180,172.86987,173.25581,46
112,210,142.88818,143.22571,26
112,240,112.35718,112.73604,38
112,270,81.82617,82.21181,50
112,300,51.85547,52.19246,34
112,330,22.09351,22.44178,54
113,0,352.50732,352.88434,44
113,30,323.21777,323.5867,24
113,60,293.49976,293.88501,52
113,90,263.41919,263.76935,18
113,120,233.28369,233.66078,36
113,150,203.04932,203.40825,36
113,180,172.86987,173.25195,46
113,210,142.85522,143.2196,20
113,240,112.35718,112.73559,36
113,270,81.85913,82.21252,54
113,300,51.85547,52.20051,34
113,330,22.09351,22.44559,54
114,0,352.55127,352.8898,52
114,30,323.23975,323.58865,30
114,60,293.52173,293.88739,60
114,90,263.36426,263.77295,8
114,120,233.29468,233.66458,38
114,150,203.02734,203.41075,34
114,180,172.90283,173.25456,50
114,210,142.8772,143.22839,26
114,240,112.35718,112.73405,38
114,270,81.87012,82.2131,54
114,300,51.86646,52.20173,36
114,330,22.09351,22.44178,54
115,0,352.50732,352.88425,44
115,30,323.23975,323.58136,30
115,60,293.48877,293.88571,52
115,90,263.4082,263.7749,18
115,120,233.26172,233.66541,34
115,150,203.03833,203.41273,34
115,180,172.90283,173.25905,52
115,210,142.88818,143.23532,26
115,240,112.37915,112.73657,42
115,270,81.85913,82.21277,52
115,300,51.8335,52.19522,28
115,330,22.08252,22.44313,52
116,0,352.54028,352.88535,48
116,30,323.1958,323.58218,20
116,60,293.49976,293.88513,54
116,90,263.39722,263.7626,14
116,120,233.30566,233.65886,38
116,150,203.0603,203.41597,38
116,180,172.89185,173.254,52
116,210,142.86621,143.22888,24
116,240,112.36816,112.73281,40
116,270,81.8042,82.2131,44
116,300,51.82251,52.19925,24
116,330,22.08252,22.44189,52
117,0,352.54028,352.88669,48
117,30,323.20679,323.58676,22
117,60,293.52173,293.88419,56
117,90,263.41919,263.77493,20
117,120,233.31665,233.66333,42
117,150,203.01636,203.41075,30
117,180,172.91382,173.2581,52
117,210,142.86621,143.2276,24
117,240,112.34619,112.7337,36
117,270,81.83716,82.20811,50
117,300,51.85547,52.18524,32
117,330,22.06055,22.4383,50
118,0,352.50732,352.88257,44
118,30,323.21777,323.57956,26
118,60,293.52173,293.88297,58
118,90,263.4082,263.77139,18
118,120,233.29468,233.66402,38
118,150,203.07129,203.41762,40
118,180,172.9248,173.26172,56
118,210,142.85522,143.23393,22
118,240,112.37915,112.73702,42
118,270,81.85913,82.21306,54
118,300,51.81152,52.19485,24
118,330,22.04956,22.44366,46
119,0,352.55127,352.88141,52
119,30,323.23975,323.58942,28
119,60,293.52173,293.88165,58
119,90,263.43018,263.77325,18
119,120,233.28369,233.66222,36
119,150,203.0603,203.40674,38
119,180,172.86987,173.25378,46
119,210,142.86621,143.22943,24
119,240,112.35718,112.72385,40
119,270,81.85913,82.20978,54
119,300,51.80054,52.19426,22
119,330,22.08252,22.44203,52
120,0,352.51831,352.88113,46
120,30,323.1958,323.5871,22
120,60,293.52173,293.88513,58
120,90,263.41919,263.78152,20
120,120,233.29468,233.67345,38
120,150,203.03833,203.41647,32
120,180,172.9248,173.25916,56
120,210,142.8772,143.22737,24
120,240,112.35718,112.73179,38
120,270,81.85913,82.20858,52
120,300,51.86646,52.20166,34
120,330,22.07153,22.4442,50
121,0,352.5293,352.88327,48
121,30,323.21777,323.5885,24
121,60,293.49976,293.88385,58
121,90,263.41919,263.77548,18
121,120,233.27271,233.66423,34
121,150,203.01636,203.40941,30
121,180,172.90283,173.259,54
121,210,142.8772,143.22865,26
121,240,112.36816,112.73135,42
121,270,81.87012,82.21149,56
121,300,51.81152,52.19824,24
121,330,22.09351,22.44247,54
122,0,352.5293,352.88626,48
122,30,323.23975,323.58554,28
122,60,293.52173,293.88196,58
122,90,263.39722,263.77701,14
122,120,233.29468,233.66562,38
122,150,203.04932,203.41582,34
122,180,172.89185,173.25117,50
122,210,142.84424,143.22083,20
122,240,112.35718,112.73319,38
122,270,81.84814,82.21032,52
122,300,51.8335,52.19448,28
122,330,22.10449,22.43965,54
123,0,352.54028,352.88464,48
123,30,323.20679,323.59024,20
123,60,293.48877,293.87988,54
123,90,263.4082,263.77203,16
123,120,233.29468,233.664,38
123,150,203.0603,203.42026,38
123,180,172.89185,173.26018,52
123,210,142.85522,143.23105,20
123,240,112.39014,112.73342,44
123,270,81.85913,82.21333,54
123,300,51.85547,52.20168,32
123,330,22.09351,22.4414,54
124,0,352.5293,352.88028,50
124,30,323.20679,323.57791,24
124,60,293.52173,293.8812,58
124,90,263.4082,263.76349,18
124,120,233.30566,233.66277,40
124,150,203.07129,203.40887,38
124,180,172.9248,173.25854,56
124,210,142.88818,143.22734,30
124,240,112.35718,112.73156,38
124,270,81.85913,82.2108,54
124,300,51.85547,52.20379,34
124,330,22.09351,22.44136,54
125,0,352.54028,352.88263,48
125,30,323.20679,323.58176,20
125,60,293.52173,293.88315,58
125,90,263.39722,263.77203,14
125,120,233.30566,233.66766,40
125,150,203.03833,203.40865,34
125,180,172.90283,173.25685,54
125,210,142.8772,143.22638,26
125,240,112.36816,112.72272,40
125,270,81.8042,82.20705,46
125,300,51.8335,52.1942,28
125,330,22.09351,22.43489,54
126,0,352.48535,352.88049,40
126,30,323.20679,323.57996,22
126,60,293.52173,293.87857,60
126,90,263.39722,263.76941,12
126,120,233.28369,233.66937,36
126,150,203.07129,203.41403,42
126,180,172.89185,173.26221,50
126,210,142.8772,143.23459,26
126,240,112.35718,112.73086,38
126,270,81.85913,82.21026,54
126,300,51.84448,52.19194,28
126,330,22.09351,22.43951,54
127,0,352.54028,352.88394,50
127,30,323.23975,323.58768,28
127,60,293.48877,293.88095,52
127,90,263.38623,263.76788,12
127,120,233.30566,233.66432,40
127,150,203.04932,203.40648,36
127,180,172.86987,173.25183,46
127,210,142.84424,143.21887,20
127,240,112.34619,112.7231,36
127,270,81.83716,82.20598,48
127,300,51.81152,52.19133,24
127,330,22.07153,22.43237,50
128,0,352.54028,352.88205,50
128,30,323.20679,323.59259,22
128,60,293.52173,293.88135,58
128,90,263.41919,263.77417,18
128,120,233.31665,233.66975,44
128,150,203.03833,203.40964,34
128,180,172.89185,173.25597,50
128,210,142.85522,143.2292,22
128,240,112.35718,112.72808,38
128,270,81.83716,82.20342,50
128,300,51.8335,52.18309,28
128,330,22.06055,22.4338,48
129,0,352.5293,352.88278,48
129,30,323.21777,323.58847,26
129,60,293.52173,293.88004,58
129,90,263.41919,263.77161,18
129,120,233.32764,233.66614,44
129,150,203.07129,203.41351,40
129,180,172.89185,173.25839,52
129,210,142.83325,143.23254,18
129,240,112.34619,112.72994,36
129,270,81.85913,82.20834,54
129,300,51.8335,52.19151,26
129,330,22.08252,22.44274,50
130,0,352.50732,352.88312,44
130,30,323.20679,323.59146,22
130,60,293.52173,293.8793,58
130,90,263.41919,263.77032,18
130,120,233.32764,233.66689,44
130,150,203.02734,203.40584,34
130,180,172.89185,173.25204,50
130,210,142.83325,143.2202,18
130,240,112.33521,112.71862,34
130,270,81.85913,82.20743,54
130,300,51.84448,52.19233,30
130,330,22.07153,22.43784,50
131,0,352.51831,352.88358,44
131,30,323.1958,323.59717,20
131,60,293.49976,293.88614,54
131,90,263.39722,263.77261,14
131,120,233.28369,233.67371,36
131,150,203.03833,203.41516,34
131,180,172.86987,173.25865,46
131,210,142.88818,143.23186,28
131,240,112.35718,112.72211,38
131,270,81.83716,82.20377,50
131,300,51.81152,52.19406,24
131,330,22.06055,22.4355,48
132,0,352.5293,352.88214,48
132,30,323.25073,323.59381,28
132,60,293.49976,293.8783,52
132,90,263.41919,263.76639,18
132,120,233.27271,233.66136,34
132,150,203.07129,203.4153,38
132,180,172.90283,173.25816,52
132,210,142.8772,143.22359,26
132,240,112.35718,112.72225,38
132,270,81.85913,82.20969,54
132,300,51.82251,52.20471,26
132,330,22.09351,22.43912,54
133,0,352.50732,352.88858,44
133,30,323.1958,323.59634,20
133,60,293.52173,293.88205,58
133,90,263.39722,263.77243,14
133,120,233.26172,233.66479,32
133,150,203.07129,203.40797,38
133,180,172.89185,173.25354,52
133,210,142.8772,143.22203,26
133,240,112.34619,112.72358,36
133,270,81.82617,82.20913,46
133,300,51.86646,52.19178,34
133,330,22.08252,22.43666,52
134,0,352.48535,352.88187,42
134,30,323.23975,323.59686,30
134,60,293.52173,293.87988,58
134,90,263.41919,263.77216,18
134,120,233.30566,233.66756,38
134,150,203.07129,203.41977,40
134,180,172.89185,173.25912,50
134,210,142.86621,143.23837,24
134,240,112.35718,112.73312,36
134,270,81.84814,82.21155,52
134,300,51.82251,52.1948,26
134,330,22.09351,22.43959,54
135,0,352.5293,352.88437,50
135,30,323.25073,323.58762,28
135,60,293.48877,293.8797,52
135,90,263.43018,263.76355,18
135,120,233.27271,233.66339,32
135,150,203.03833,203.41177,34
135,180,172.86987,173.25815,46
135,210,142.85522,143.22511,22
135,240,112.37915,112.73367,42
135,270,81.84814,82.21146,54
135,300,51.85547,52.20099,32
135,330,22.09351,22.44254,52
136,0,352.5293,352.88403,50
136,30,323.22876,323.59491,24
136,60,293.49976,293.88187,54
136,90,263.43018,263.77652,20
136,120,233.30566,233.67242,40
136,150,203.0603,203.41685,38
136,180,172.91382,173.25862,52
136,210,142.8772,143.2287,26
136,240,112.35718,112.73373,38
136,270,81.83716,82.20543,48
136,300,51.8335,52.18459,28
136,330,22.07153,22.43802,48
137,0,352.48535,352.87897,40
137,30,323.23975,323.58374,28
137,60,293.52173,293.88095,58
137,90,263.39722,263.77118,14
137,120,233.26172,233.66934,32
137,150,203.01636,203.41254,30
137,180,172.90283,173.258,52
137,210,142.8772,143.23305,26
137,240,112.34619,112.73335,34
137,270,81.82617,82.21204,48
137,300,51.82251,52.19904,26
137,330,22.10449,22.44448,56
138,0,352.55127,352.88525,52
138,30,323.20679,323.59747,22
138,60,293.53271,293.88458,60
138,90,263.38623,263.77588,12
138,120,233.31665,233.67104,42
138,150,203.02734,203.40979,32
138,180,172.88086,173.25774,50
138,210,142.8772,143.22809,26
138,240,112.36816,112.72785,38
138,270,81.82617,82.20776,50
138,300,51.8335,52.19122,30
138,330,22.06055,22.43804,48
139,0,352.5293,352.88535,48
139,30,323.23975,323.59314,28
139,60,293.52173,293.88858,58
139,90,263.41919,263.77921,18
139,120,233.31665,233.67482,44
139,150,203.01636,203.41646,30
139,180,172.90283,173.26277,52
139,210,142.8772,143.23116,24
139,240,112.37915,112.7384,44
139,270,81.82617,82.21294,48
139,300,51.81152,52.18737,24
139,330,22.09351,22.44341,54
140,0,352.5293,352.88089,48
140,30,323.23975,323.59512,30
140,60,293.5437,293.88507,60
140,90,263.38623,263.77176,10
140,120,233.29468,233.66425,38
140,150,203.03833,203.41528,34
140,180,172.89185,173.2684,50
140,210,142.85522,143.2422,22
140,240,112.37915,112.73848,42
140,270,81.85913,82.21358,54
140,300,51.8335,52.19163,28
140,330,22.07153,22.44869,48
141,0,352.47437,352.87433,38
141,30,323.20679,323.60052,22
141,60,293.49976,293.88403,54
141,90,263.39722,263.7717,14
141,120,233.30566,233.67252,40
141,150,203.04932,203.41678,36
141,180,172.90283,173.26413,52
141,210,142.88818,143.23732,26
141,240,112.36816,112.73005,40
141,270,81.83716,82.21519,50
141,300,51.84448,52.18755,28
141,330,22.07153,22.44408,50
142,0,352.47437,352.86169,38
142,30,323.18481,323.59415,18
142,60,293.52173,293.88171,58
142,90,263.39722,263.76855,14
142,120,233.27271,233.66838,34
142,150,203.08228,203.42104,40
142,180,172.89185,173.26962,50
142,210,142.84424,143.24986,20
142,240,112.35718,112.7438,38
142,270,81.84814,82.21491,54
142,300,51.80054,52.19016,22
142,330,22.07153,22.43659,50
143,0,352.48535,352.85434,38
143,30,323.20679,323.60046,22
143,60,293.48877,293.88013,52
143,90,263.41919,263.76053,16
143,120,233.28369,233.66406,36
143,150,203.08228,203.42534,40
143,180,172.88086,173.27023,46
143,210,142.89917,143.24738,30
143,240,112.35718,112.73068,38
143,270,81.83716,82.2161,50
143,300,51.81152,52.19267,26
143,330,22.07153,22.44131,50
144,0,352.48535,352.86688,40
144,30,323.20679,323.60049,22
144,60,293.48877,293.884,52
144,90,263.4082,263.77029,14
144,120,233.31665,233.67261,42
144,150,203.07129,203.42282,42
144,180,172.9248,173.27,54
144,210,142.8772,143.24712,26
144,240,112.36816,112.73184,42
144,270,81.82617,82.21146,46
144,300,51.82251,52.17741,26
144,330,22.07153,22.43493,50
145,0,352.50732,352.8569,44
145,30,323.21777,323.59708,24
145,60,293.52173,293.88049,58
145,90,263.37524,263.76355,10
145,120,233.26172,233.66621,32
145,150,203.03833,203.4194,34
145,180,172.90283,173.27455,52
145,210,142.91016,143.25217,32
145,240,112.39014,112.73463,44
145,270,81.82617,82.21442,50
145,300,51.80054,52.18571,22
145,330,22.09351,22.43741,52
146,0,352.48535,352.86636,38
146,30,323.23975,323.60156,28
146,60,293.52173,293.88281,58
146,90,263.4082,263.763,16
146,120,233.32764,233.67039,46
146,150,203.04932,203.41786,34
146,180,172.89185,173.2607,48
146,210,142.88818,143.23895,26
146,240,112.36816,112.73116,40
146,270,81.85913,82.21604,54
146,300,51.8335,52.19063,28
146,330,22.07153,22.44033,50
147,0,352.45239,352.86664,34
147,30,323.25073,323.60071,28
147,60,293.48877,293.88766,52
147,90,263.41919,263.77438,16
147,120,233.29468,233.68164,38
147,150,203.07129,203.41959,42
147,180,172.91382,173.27219,54
147,210,142.85522,143.24728,22
147,240,112.36816,112.73531,38
147,270,81.83716,82.21301,48
147,300,51.82251,52.18378,26
147,330,22.06055,22.44009,50
148,0,352.48535,352.86072,40
148,30,323.20679,323.59653,22
148,60,293.48877,293.88541,54
148,90,263.43018,263.77164,20
148,120,233.29468,233.67404,38
148,150,203.0603,203.4146,38
148,180,172.89185,173.26447,50
148,210,142.91016,143.24309,30
148,240,112.36816,112.73028,40
148,270,81.85913,82.21539,54
148,300,51.82251,52.18665,26
148,330,22.06055,22.44221,48
149,0,352.51831,352.86731,46
149,30,323.23975,323.59863,28
149,60,293.52173,293.88443,60
149,90,263.41919,263.77127,18
149,120,233.28369,233.67307,38
149,150,203.03833,203.41646,34
149,180,172.91382,173.26231,54
149,210,142.85522,143.2316,22
149,240,112.35718,112.73194,38
149,270,81.82617,82.21468,48
149,300,51.82251,52.1865,28
149,330,22.09351,22.43849,52
150,0,352.47437,352.86465,38
150,30,323.18481,323.60208,18
150,60,293.51074,293.88452,56
150,90,263.41919,263.76923,18
150,120,233.32764,233.67136,44
150,150,203.04932,203.42558,36
150,180,172.90283,173.27516,54
150,210,142.8772,143.25195,26
150,240,112.35718,112.73076,38
150,270,81.85913,82.21503,54
150,300,51.80054,52.19176,20
150,330,22.06055,22.44506,48
151,0,352.51831,352.87646,46
151,30,323.23975,323.5994,30
151,60,293.49976,293.88666,54
151,90,263.43018,263.76358,20
151,120,233.28369,233.66786,36
151,150,203.01636,203.4095,30
151,180,172.88086,173.26532,48
151,210,142.8772,143.2446,24
151,240,112.35718,112.73388,38
151,270,81.83716,82.21388,48
151,300,51.80054,52.19446,24
151,330,22.07153,22.44581,52
152,0,352.47437,352.87329,38
152,30,323.23975,323.60031,28
152,60,293.49976,293.88589,52
152,90,263.38623,263.76947,12
152,120,233.29468,233.67598,38
152,150,203.03833,203.41916,36
152,180,172.9248,173.26848,54
152,210,142.84424,143.24228,20
152,240,112.35718,112.73618,38
152,270,81.84814,82.21233,52
152,300,51.81152,52.19009,22
152,330,22.07153,22.44162,50
153,0,352.47437,352.85623,40
153,30,323.22876,323.603,28
153,60,293.51074,293.88388,54
153,90,263.41919,263.77045,20
153,120,233.32764,233.67278,44
153,150,203.0603,203.44044,40
153,180,172.93579,173.28133,58
153,210,142.91016,143.25023,34
153,240,112.4231,112.75703,50
153,270,81.82617,82.22498,50
153,300,51.8335,52.19048,28
153,330,22.07153,22.43764,48
154,0,352.45239,352.8403,34
154,30,323.25073,323.60327,30
154,60,293.52173,293.88287,58
154,90,263.39722,263.76471,16
154,120,233.30566,233.67197,40
154,150,203.10425,203.44272,48
154,180,172.91382,173.27678,54
154,210,142.88818,143.24213,26
154,240,112.34619,112.73914,38
154,270,81.83716,82.22224,50
154,300,51.81152,52.19515,24
154,330,22.06055,22.43797,46
155,0,352.45239,352.83759,34
155,30,323.20679,323.60596,24
155,60,293.48877,293.88666,52
155,90,263.38623,263.76608,10
155,120,233.32764,233.6731,46
155,150,203.04932,203.44702,34
155,180,172.91382,173.28133,52
155,210,142.89917,143.2498,30
155,240,112.40112,112.76178,48
155,270,81.84814,82.21918,52
155,300,51.80054,52.17303,22
155,330,22.02759,22.42595,44
156,0,352.45239,352.83145,34
156,30,323.23975,323.60739,28
156,60,293.49976,293.88641,52
156,90,263.37524,263.76437,10
156,120,233.26172,233.66586,34
156,150,203.0603,203.44942,38
156,180,172.9248,173.29399,58
156,210,142.91016,143.26164,32
156,240,112.44507,112.8116,54
156,270,81.83716,82.23267,50
156,300,51.80054,52.18171,22
156,330,22.09351,22.44549,60
157,0,352.48535,352.83899,38
157,30,323.25073,323.61252,30
157,60,293.49976,293.89209,52
157,90,263.37524,263.7692,8
157,120,233.29468,233.67377,36
157,150,203.08228,203.44737,40
157,180,172.90283,173.29024,50
157,210,142.8772,143.26245,26
157,240,112.37915,112.7909,42
157,270,81.83716,82.22812,50
157,300,51.78955,52.17791,22
157,330,22.03857,22.44528,44
158,0,352.47437,352.83929,40
158,30,323.23975,323.61145,28
158,60,293.5437,293.89716,60
158,90,263.38623,263.7796,12
158,120,233.26172,233.677,30
158,150,203.08228,203.46439,42
158,180,172.9248,173.29605,56
158,210,142.91016,143.26389,32
158,240,112.44507,112.8076,54
158,270,81.8811,82.23134,58
158,300,51.80054,52.17575,22
158,330,22.06055,22.44205,48
159,0,352.45239,352.84042,34
159,30,323.23975,323.6095,28
159,60,293.51074,293.89062,54
159,90,263.34229,263.77136,4
159,120,233.30566,233.67711,40
159,150,203.07129,203.45132,42
159,180,172.86987,173.29289,46
159,210,142.84424,143.2572,20
159,240,112.43408,112.80434,50
159,270,81.87012,82.23323,56
159,300,51.82251,52.18588,26
159,330,22.09351,22.44786,54
160,0,352.45239,352.8432,36
160,30,323.1958,323.6156,20
160,60,293.5437,293.89743,60
160,90,263.37524,263.77307,10
160,120,233.28369,233.67734,34
160,150,203.08228,203.45183,40
160,180,172.9248,173.28981,56
160,210,142.89917,143.25639,28
160,240,112.44507,112.79966,54
160,270,81.85913,82.22823,54
160,300,51.80054,52.18217,22
160,330,22.07153,22.44403,50
161,0,352.48535,352.8421,40
161,30,323.25073,323.61719,28
161,60,293.5437,293.8981,60
161,90,263.37524,263.77792,10
161,120,233.28369,233.68152,36
161,150,203.08228,203.45137,40
161,180,172.89185,173.29428,52
161,210,142.85522,143.26668,20
161,240,112.44507,112.80891,54
161,270,81.87012,82.24104,58
161,300,51.80054,52.18615,22
161,330,22.06055,22.44845,50
162,0,352.45239,352.84695,34
162,30,323.20679,323.61755,22
162,60,293.51074,293.8981,56
162,90,263.36426,263.77594,8
162,120,233.29468,233.67899,38
162,150,203.03833,203.45969,34
162,180,172.9248,173.29755,56
162,210,142.88818,143.26685,28
162,240,112.41211,112.80688,48
162,270,81.85913,82.23893,54
162,300,51.81152,52.19383,22
162,330,22.07153,22.45418,50
163,0,352.45239,352.85336,34
163,30,323.25073,323.62024,30
163,60,293.53271,293.90146,58
163,90,263.4082,263.7821,18
163,120,233.32764,233.68871,44
163,150,203.04932,203.46616,34
163,180,172.89185,173.30231,50
163,210,142.8772,143.27184,26
163,240,112.4231,112.8148,50
163,270,81.85913,82.23956,54
163,300,51.80054,52.18689,22
163,330,22.06055,22.4546,48
164,0,352.47437,352.84756,38
164,30,323.23975,323.6196,28
164,60,293.51074,293.90256,54
164,90,263.39722,263.78448,14
164,120,233.31665,233.68333,40
164,150,203.10425,203.47092,46
164,180,172.93579,173.31505,58
164,210,142.91016,143.27942,30
164,240,112.41211,112.83007,48
164,270,81.83716,82.24824,48
164,300,51.76758,52.20219,16
164,330,22.09351,22.45964,52
165,0,352.47437,352.84824,40
165,30,323.23975,323.62811,30
165,60,293.48877,293.90591,52
165,90,263.4082,263.78528,16
165,120,233.31665,233.69037,42
165,150,203.0603,203.46863,38
165,180,172.90283,173.31204,52
165,210,142.8772,143.27827,26
165,240,112.4231,112.81012,50
165,270,81.85913,82.24471,52
165,300,51.78955,52.197,20
165,330,22.08252,22.46448,52
166,0,352.47437,352.85654,38
166,30,323.25073,323.63031,30
166,60,293.51074,293.91284,58
166,90,263.38623,263.79019,12
166,120,233.26172,233.68777,34
166,150,203.07129,203.4718,38
166,180,172.9248,173.32983,56
166,210,142.8772,143.28503,26
166,240,112.4231,112.81573,50
166,270,81.82617,82.25095,48
166,300,51.80054,52.19597,22
166,330,22.03857,22.46779,44
167,0,352.48535,352.85013,40
167,30,323.26172,323.63275,32
167,60,293.52173,293.91287,58
167,90,263.39722,263.79254,14
167,120,233.28369,233.68317,38
167,150,203.08228,203.4691,40
167,180,172.95776,173.33281,62
167,210,142.91016,143.28464,30
167,240,112.4231,112.82882,50
167,270,81.87012,82.2525,56
167,300,51.76758,52.1942,18
167,330,22.08252,22.48477,54
168,0,352.45239,352.8663,34
168,30,323.26172,323.64142,32
168,60,293.53271,293.92218,60
168,90,263.43018,263.79526,20
168,120,233.28369,233.69496,36
168,150,203.07129,203.48427,42
168,180,172.95776,173.3214,62
168,210,142.89917,143.27998,32
168,240,112.36816,112.81908,42
168,270,81.83716,82.25153,50
168,300,51.81152,52.19841,26
168,330,22.07153,22.46973,52
169,0,352.43042,352.86313,34
169,30,323.22876,323.6394,26
169,60,293.49976,293.92004,54
169,90,263.39722,263.79901,16
169,120,233.28369,233.694,36
169,150,203.04932,203.4837,36
169,180,172.86987,173.33125,46
169,210,142.8772,143.28851,26
169,240,112.39014,112.82321,42
169,270,81.83716,82.25892,48
169,300,51.8335,52.20934,28
169,330,22.06055,22.47774,50
170,0,352.47437,352.87152,36
170,30,323.20679,323.63901,22
170,60,293.51074,293.92319,56
170,90,263.39722,263.79776,14
170,120,233.28369,233.69554,34
170,150,203.07129,203.47824,38
170,180,172.91382,173.32567,54
170,210,142.84424,143.29041,18
170,240,112.40112,112.82636,46
170,270,81.85913,82.26191,54
170,300,51.78955,52.2168,20
170,330,22.06055,22.47888,48
171,0,352.47437,352.88068,40
171,30,323.22876,323.6438,26
171,60,293.53271,293.92688,60
171,90,263.4082,263.80423,14
171,120,233.30566,233.70546,38
171,150,203.09326,203.48917,42
171,180,172.9248,173.32849,56
171,210,142.8772,143.29001,26
171,240,112.41211,112.8306,50
171,270,81.84814,82.26133,54
171,300,51.76758,52.21557,18
171,330,22.04956,22.47402,46
172,0,352.48535,352.87076,40
172,30,323.1958,323.64505,20
172,60,293.48877,293.92419,52
172,90,263.39722,263.80527,16
172,120,233.31665,233.69809,42
172,150,203.04932,203.48087,36
172,180,172.88086,173.3309,48
172,210,142.85522,143.29649,22
172,240,112.44507,112.8371,54
172,270,81.85913,82.26891,56
172,300,51.76758,52.21388,16
172,330,22.06055,22.48899,48
173,0,352.45239,352.86893,34
173,30,323.25073,323.64554,28
173,60,293.52173,293.92352,58
173,90,263.39722,263.80215,16
173,120,233.29468,233.69206,38
173,150,203.02734,203.47673,32
173,180,172.90283,173.3364,52
173,210,142.8772,143.29674,26
173,240,112.43408,112.84551,52
173,270,81.85913,82.26669,54
173,300,51.80054,52.20031,22
173,330,22.06055,22.49504,50
174,0,352.49634,352.87714,46
174,30,323.21777,323.65067,24
174,60,293.52173,293.93149,58
174,90,263.37524,263.80777,10
174,120,233.27271,233.70645,34
174,150,203.0603,203.491,38
174,180,172.95776,173.34613,62
174,210,142.88818,143.30516,32
174,240,112.44507,112.84164,54
174,270,81.85913,82.27215,54
174,300,51.80054,52.20464,22
174,330,22.09351,22.49249,54
175,0,352.45239,352.87335,34
175,30,323.25073,323.65143,28
175,60,293.48877,293.93274,52
175,90,263.4082,263.81152,16
175,120,233.30566,233.70702,38
175,150,203.08228,203.49571,42
175,180,172.96875,173.35313,62
175,210,142.84424,143.30899,20
175,240,112.44507,112.84542,54
175,270,81.83716,82.27129,50
175,300,51.78955,52.21827,22
175,330,22.09351,22.493,52
176,0,352.48535,352.8804,40
176,30,323.22876,323.66095,24
176,60,293.53271,293.93713,60
176,90,263.39722,263.81305,14
176,120,233.29468,233.71202,38
176,150,203.07129,203.49652,40
176,180,172.9248,173.34505,56
176,210,142.89917,143.30334,30
176,240,112.4231,112.84917,52
176,270,81.85913,82.27495,54
176,300,51.80054,52.2075,22
176,330,22.07153,22.49791,52
177,0,352.47437,352.88354,38
177,30,323.1958,323.66275,20
177,60,293.52173,293.94193,58
177,90,263.39722,263.8201,14
177,120,233.27271,233.70889,32
177,150,203.08228,203.50328,42
177,180,172.96875,173.36349,62
177,210,142.91016,143.31674,30
177,240,112.44507,112.85217,56
177,270,81.8811,82.28069,58
177,300,51.81152,52.21928,24
177,330,22.07153,22.50767,50
178,0,352.44141,352.88107,32
178,30,323.25073,323.66504,28
178,60,293.53271,293.9454,60
178,90,263.39722,263.82291,14
178,120,233.29468,233.71985,40
178,150,203.08228,203.4996,40
178,180,172.94678,173.35478,60
178,210,142.89917,143.31541,32
178,240,112.39014,112.84727,42
178,270,81.83716,82.28294,48
178,300,51.76758,52.23127,16
178,330,22.06055,22.51023,50
179,0,352.48535,352.89459,38
179,30,323.22876,323.67096,24
179,60,293.52173,293.94739,58
179,90,263.37524,263.82626,10
179,120,233.30566,233.71945,42
179,150,203.08228,203.50565,40
179,180,172.95776,173.36378,62
179,210,142.86621,143.32106,24
179,240,112.39014,112.85706,44
179,270,81.85913,82.28159,54
179,300,51.80054,52.22413,22
179,330,22.07153,22.51042,48
180,0,352.47437,352.89883,38
180,30,323.1958,323.66748,20
180,60,293.4668,293.94672,52
180,90,263.39722,263.82889,14
180,120,233.28369,233.72046,36
180,150,203.08228,203.50711,42
180,180,172.95776,173.37148,62
180,210,142.85522,143.32593,22
180,240,112.4231,112.86501,50
180,270,81.89209,82.2945,60
180,300,51.80054,52.23431,22
180,330,22.07153,22.50945,48
181,0,352.48535,352.89343,38
181,30,323.25073,323.67697,30
181,60,293.52173,293.95425,58
181,90,263.39722,263.8284,14
181,120,233.26172,233.72229,30
181,150,203.0603,203.5106,38
181,180,172.89185,173.3616,50
181,210,142.91016,143.33015,32
181,240,112.39014,112.86448,44
181,270,81.8042,82.29089,42
181,300,51.77856,52.24972,18
181,330,22.07153,22.51315,48
182,0,352.47437,352.90332,38
182,30,323.23975,323.67752,26
182,60,293.49976,293.95804,52
182,90,263.37524,263.83319,8
182,120,233.29468,233.73329,38
182,150,203.08228,203.51831,42
182,180,172.90283,173.37279,52
182,210,142.84424,143.33029,22
182,240,112.41211,112.86876,48
182,270,81.85913,82.29991,54
182,300,51.77856,52.24536,18
182,330,22.06055,22.5176,48
183,0,352.45239,352.89804,34
183,30,323.23975,323.67822,30
183,60,293.4668,293.95914,48
183,90,263.36426,263.8399,10
183,120,233.29468,233.73035,36
183,150,203.0603,203.52126,38
183,180,172.95776,173.37941,62
183,210,142.91016,143.33907,32
183,240,112.44507,112.88342,54
183,270,81.85913,82.30683,54
183,300,51.76758,52.25028,16
183,330,22.07153,22.52035,50
184,0,352.45239,352.91006,34
184,30,323.1958,323.68579,20
184,60,293.52173,293.96362,58
184,90,263.37524,263.84247,10
184,120,233.31665,233.74471,42
184,150,203.0603,203.52388,38
184,180,172.88086,173.36461,50
184,210,142.86621,143.33188,24
184,240,112.39014,112.86868,46
184,270,81.83716,82.299,48
184,300,51.80054,52.24991,22
184,330,22.06055,22.51633,50
185,0,352.45239,352.9122,34
185,30,323.26172,323.68954,34
185,60,293.51074,293.96921,56
185,90,263.38623,263.8494,12
185,120,233.32764,233.75139,42
185,150,203.10425,203.53734,46
185,180,172.9248,173.37332,54
185,210,142.91016,143.34505,32
185,240,112.37915,112.87115,42
185,270,81.85913,82.30513,54
185,300,51.78955,52.25074,20
185,330,22.03857,22.51333,48
186,0,352.46338,352.90768,36
186,30,323.23975,323.68192,28
186,60,293.52173,293.96533,58
186,90,263.39722,263.84677,14
186,120,233.29468,233.75131,36
186,150,203.08228,203.53004,40
186,180,172.9248,173.36784,56
186,210,142.84424,143.3394,20
186,240,112.41211,112.87505,48
186,270,81.85913,82.30795,54
186,300,51.80054,52.24736,22
186,330,22.04956,22.51818,46
187,0,352.46338,352.91357,36
187,30,323.25073,323.68817,30
187,60,293.48877,293.96927,52
187,90,263.39722,263.8443,14
187,120,233.27271,233.75569,34
187,150,203.10425,203.53609,46
187,180,172.90283,173.36415,50
187,210,142.8772,143.32985,26
187,240,112.4231,112.87663,48
187,270,81.85913,82.30579,54
187,300,51.77856,52.24846,16
187,330,22.06055,22.51864,48
188,0,352.47437,352.91473,38
188,30,323.23975,323.68887,28
188,60,293.52173,293.97235,58
188,90,263.39722,263.85361,14
188,120,233.26172,233.76201,32
188,150,203.10425,203.53362,48
188,180,172.9248,173.37198,56
188,210,142.8772,143.34323,26
188,240,112.37915,112.8828,42
188,270,81.82617,82.31286,48
188,300,51.78955,52.25604,20
188,330,22.07153,22.51993,50
189,0,352.45239,352.91849,34
189,30,323.20679,323.69156,22
189,60,293.49976,293.97418,54
189,90,263.37524,263.85095,10
189,120,233.30566,233.7533,38
189,150,203.08228,203.53845,42
189,180,172.88086,173.37279,48
189,210,142.91016,143.35046,32
189,240,112.43408,112.88032,54
189,270,81.83716,82.31169,50
189,300,51.81152,52.26546,22
189,330,22.07153,22.53201,48
190,0,352.46338,352.92935,38
190,30,323.18481,323.69714,22
190,60,293.48877,293.97787,52
190,90,263.39722,263.862,14
190,120,233.30566,233.77316,40
190,150,203.04932,203.53569,38
190,180,172.89185,173.37068,50
190,210,142.8772,143.35228,26
190,240,112.44507,112.88569,54
190,270,81.85913,82.30801,54
190,300,51.77856,52.25997,18
190,330,22.03857,22.52466,44
191,0,352.45239,352.92072,34
191,30,323.25073,323.69708,30
191,60,293.48877,293.97702,54
191,90,263.39722,263.86371,14
191,120,233.32764,233.77097,44
191,150,203.08228,203.5388,42
191,180,172.89185,173.37399,50
191,210,142.8772,143.35043,26
191,240,112.44507,112.90052,54
191,270,81.87012,82.31949,56
191,300,51.80054,52.27134,22
191,330,22.07153,22.53168,50
192,0,352.45239,352.92761,34
192,30,323.25073,323.69699,28
192,60,293.52173,293.98032,58
192,90,263.39722,263.85886,14
192,120,233.29468,233.76419,38
192,150,203.03833,203.53777,34
192,180,172.91382,173.37842,54
192,210,142.91016,143.34966,32
192,240,112.39014,112.88932,44
192,270,81.85913,82.31928,54
192,300,51.80054,52.26588,22
192,330,22.08252,22.53347,54
193,0,352.45239,352.92996,34
193,30,323.23975,323.70181,30
193,60,293.53271,293.98364,60
193,90,263.39722,263.86633,14
193,120,233.32764,233.77022,44
193,150,203.08228,203.54701,42
193,180,172.94678,173.38625,58
193,210,142.91016,143.35936,32
193,240,112.41211,112.90054,48
193,270,81.83716,82.31973,50
193,300,51.77856,52.26525,18
193,330,22.04956,22.52789,46
194,0,352.45239,352.92377,34
194,30,323.20679,323.70706,22
194,60,293.52173,293.98288,58
194,90,263.38623,263.86401,10
194,120,233.30566,233.77328,38
194,150,203.0603,203.54126,38
194,180,172.90283,173.38438,50
194,210,142.91016,143.35875,32
194,240,112.41211,112.90358,48
194,270,81.85913,82.32868,54
194,300,51.77856,52.2757,18
194,330,22.07153,22.53508,50
195,0,352.46338,352.93445,36
195,30,323.25073,323.70953,28
195,60,293.49976,293.98856,54
195,90,263.39722,263.86819,14
195,120,233.29468,233.77374,38
195,150,203.04932,203.54456,36
195,180,172.90283,173.37938,50
195,210,142.89917,143.35861,32
195,240,112.41211,112.89465,48
195,270,81.85913,82.32603,54
195,300,51.78955,52.26704,20
195,330,22.02759,22.53809,42
196,0,352.45239,352.93661,34
196,30,323.23975,323.71362,28
196,60,293.48877,293.98862,52
196,90,263.39722,263.87418,14
196,120,233.32764,233.78635,44
196,150,203.0603,203.55962,38
196,180,172.9248,173.3891,56
196,210,142.84424,143.35927,22
196,240,112.43408,112.89734,52
196,270,81.82617,82.33047,50
196,300,51.78955,52.27557,18
196,330,22.02759,22.5336,44
197,0,352.47437,352.93759,38
197,30,323.25073,323.70999,28
197,60,293.49976,293.98917,56
197,90,263.38623,263.87247,12
197,120,233.31665,233.78342,42
197,150,203.04932,203.55861,36
197,180,172.90283,173.39001,52
197,210,142.8772,143.36029,26
197,240,112.44507,112.91149,54
197,270,81.85913,82.32841,54
197,300,51.81152,52.27391,22
197,330,22.04956,22.5424,44
198,0,352.47437,352.94473,38
198,30,323.23975,323.71539,30
198,60,293.51074,293.99344,54
198,90,263.41919,263.87442,18
198,120,233.26172,233.78462,34
198,150,203.07129,203.55148,42
198,180,172.9248,173.39027,56
198,210,142.8772,143.35385,28
198,240,112.41211,112.8932,50
198,270,81.82617,82.33098,50
198,300,51.77856,52.27525,18
198,330,22.06055,22.54008,48
199,0,352.45239,352.94281,34
199,30,323.23975,323.71539,28
199,60,293.52173,293.99335,58
199,90,263.37524,263.87766,10
199,120,233.31665,233.789,44
199,150,203.07129,203.55339,38
199,180,172.9248,173.39343,56
199,210,142.84424,143.36185,22
199,240,112.44507,112.91575,54
199,270,81.8042,82.34074,44
199,300,51.75659,52.2865,14
199,330,22.09351,22.55247,54
200,0,352.45239,352.94635,34
200,30,323.1958,323.71573,22
200,60,293.52173,293.9989,58
200,90,263.37524,263.87753,10
200,120,233.30566,233.78304,38
200,150,203.04932,203.55215,34
200,180,172.89185,173.3942,50
200,210,142.8772,143.36685,26
200,240,112.4231,112.91377,50
200,270,81.85913,82.33898,54
200,300,51.80054,52.28617,22
200,330,22.06055,22.55144,50
201,0,352.48535,352.94583,40
201,30,323.25073,323.72513,28
201,60,293.52173,294.0036,58
201,90,263.39722,263.88049,14
201,120,233.29468,233.78198,40
201,150,203.09326,203.56143,46
201,180,172.91382,173.40668,54
201,210,142.89917,143.36845,30
201,240,112.4231,112.91034,48
201,270,81.83716,82.34419,50
201,300,51.77856,52.28646,18
201,330,22.06055,22.56552,48
202,0,352.48535,352.94736,38
202,30,323.25073,323.72482,32
202,60,293.51074,294.00116,56
202,90,263.36426,263.88446,8
202,120,233.30566,233.78032,40
202,150,203.08228,203.56538,40
202,180,172.95776,173.41827,60
202,210,142.86621,143.38206,24
202,240,112.44507,112.92844,54
202,270,81.87012,82.35683,56
202,300,51.76758,52.29403,16
202,330,22.06055,22.55796,48
203,0,352.47437,352.95425,40
203,30,323.23975,323.72873,28
203,60,293.48877,294.00958,52
203,90,263.39722,263.88559,14
203,120,233.30566,233.786,38
203,150,203.0603,203.56906,38
203,180,172.90283,173.41789,54
203,210,142.91016,143.3822,30
203,240,112.41211,112.9154,48
203,270,81.87012,82.34509,56
203,300,51.78955,52.29655,20
203,330,22.06055,22.55823,50
204,0,352.45239,352.95303,32
204,30,323.20679,323.72949,22
204,60,293.52173,294.01324,56
204,90,263.41919,263.89133,18
204,120,233.32764,233.80109,44
204,150,203.0603,203.58357,40
204,180,172.90283,173.42404,52
204,210,142.8772,143.38536,26
204,240,112.44507,112.92332,54
204,270,81.84814,82.34935,50
204,300,51.77856,52.29071,18
204,330,22.07153,22.55359,50
205,0,352.47437,352.95303,36
205,30,323.20679,323.72986,22
205,60,293.49976,294.00946,54
205,90,263.41919,263.89236,16
205,120,233.28369,233.79633,38
205,150,203.10425,203.57959,46
205,180,172.9248,173.41533,56
205,210,142.83325,143.38548,20
205,240,112.41211,112.92735,48
205,270,81.83716,82.3531,50
205,300,51.78955,52.29971,20
205,330,22.03857,22.56141,44
206,0,352.44141,352.9595,32
206,30,323.21777,323.72836,26
206,60,293.52173,294.01526,58
206,90,263.4082,263.89395,16
206,120,233.28369,233.79822,38
206,150,203.07129,203.57999,42
206,180,172.86987,173.42371,46
206,210,142.85522,143.38652,22
206,240,112.39014,112.91936,46
206,270,81.83716,82.35088,48
206,300,51.82251,52.29285,26
206,330,22.03857,22.56765,44
207,0,352.45239,352.9632,34
207,30,323.21777,323.73526,22
207,60,293.49976,294.01944,52
207,90,263.37524,263.89734,10
207,120,233.31665,233.80165,40
207,150,203.09326,203.58524,44
207,180,172.91382,173.42453,52
207,210,142.91016,143.39494,32
207,240,112.37915,112.92584,44
207,270,81.82617,82.35599,50
207,300,51.76758,52.30555,20
207,330,22.07153,22.56766,52
208,0,352.45239,352.96597,34
208,30,323.22876,323.741,26
208,60,293.51074,294.02341,54
208,90,263.39722,263.9007,14
208,120,233.25073,233.79567,30
208,150,203.03833,203.57448,34
208,180,172.86987,173.42497,46
208,210,142.89917,143.39676,30
208,240,112.43408,112.92629,52
208,270,81.85913,82.35651,54
208,300,51.78955,52.30013,20
208,330,22.08252,22.57384,52
209,0,352.45239,352.97565,34
209,30,323.20679,323.74939,22
209,60,293.49976,294.02823,54
209,90,263.39722,263.90158,14
209,120,233.32764,233.81572,44
209,150,203.07129,203.59293,42
209,180,172.9248,173.42812,56
209,210,142.89917,143.39435,30
209,240,112.43408,112.93022,52
209,270,81.85913,82.3606,54
209,300,51.80054,52.31078,22
209,330,22.07153,22.56998,50
210,0,352.46338,352.96661,36
210,30,323.20679,323.7457,22
210,60,293.53271,294.02637,60
210,90,263.37524,263.90469,16
210,120,233.30566,233.81554,40
210,150,203.08228,203.59172,42
210,180,172.85889,173.42474,44
210,210,142.88818,143.39459,30
210,240,112.40112,112.94512,48
210,270,81.87012,82.37428,60
210,300,51.81152,52.31938,22
210,330,22.09351,22.58256,54
211,0,352.48535,352.97726,38
211,30,323.22876,323.74771,26
211,60,293.51074,294.02625,56
211,90,263.38623,263.90628,10
211,120,233.26172,233.80521,32
211,150,203.08228,203.5811,40
211,180,172.9248,173.43071,56
211,210,142.91016,143.40575,32
211,240,112.40112,112.93743,46
211,270,81.87012,82.36762,56
211,300,51.80054,52.31127,24
211,330,22.06055,22.58426,46
212,0,352.48535,352.98215,40
212,30,323.25073,323.75204,30
212,60,293.49976,294.03149,54
212,90,263.39722,263.90714,14
212,120,233.28369,233.8163,38
212,150,203.10425,203.60793,48
212,180,172.91382,173.4449,54
212,210,142.89917,143.40854,32
212,240,112.4231,112.94743,48
212,270,81.83716,82.3729,48
212,300,51.76758,52.32265,16
212,330,22.04956,22.57811,46
213,0,352.45239,352.97916,34
213,30,323.25073,323.75485,28
213,60,293.48877,294.03412,52
213,90,263.39722,263.91229,14
213,120,233.27271,233.81046,34
213,150,203.10425,203.60217,46
213,180,172.90283,173.44345,54
213,210,142.91016,143.40715,32
213,240,112.41211,112.95647,48
213,270,81.83716,82.38115,50
213,300,51.81152,52.32964,22
213,330,22.04956,22.58988,46
214,0,352.44141,352.98395,32
214,30,323.23975,323.75763,28
214,60,293.51074,294.04025,54
214,90,263.39722,263.91574,14
214,120,233.27271,233.81409,34
214,150,203.0603,203.60313,38
214,180,172.86987,173.44553,46
214,210,142.91016,143.40712,32
214,240,112.44507,112.94398,54
214,270,81.81519,82.37748,46
214,300,51.80054,52.3252,20
214,330,22.07153,22.58823,50
215,0,352.45239,352.99008,34
215,30,323.20679,323.76242,22
215,60,293.48877,294.0448,52
215,90,263.36426,263.92078,8
215,120,233.30566,233.82565,38
215,150,203.07129,203.61749,40
215,180,172.89185,173.45753,50
215,210,142.86621,143.42058,22
215,240,112.43408,112.96276,52
215,270,81.85913,82.38369,56
215,300,51.80054,52.33308,22
215,330,22.03857,22.59312,44
216,0,352.45239,352.9873,34
216,30,323.20679,323.7659,22
216,60,293.52173,294.04715,58
216,90,263.39722,263.92502,14
216,120,233.29468,233.83315,38
216,150,203.04932,203.60956,36
216,180,172.89185,173.44827,50
216,210,142.89917,143.41783,30
216,240,112.4231,112.9541,52
216,270,81.85913,82.38618,54
216,300,51.77856,52.3341,20
216,330,22.07153,22.59795,48
217,0,352.45239,352.99484,32
217,30,323.21777,323.76688,24
217,60,293.51074,294.05167,58
217,90,263.39722,263.92813,14
217,120,233.30566,233.83507,40
217,150,203.04932,203.61452,34
217,180,172.90283,173.45535,52
217,210,142.88818,143.42297,28
217,240,112.4231,112.95842,50
217,270,81.82617,82.38463,48
217,300,51.80054,52.33702,24
217,330,22.06055,22.6026,46
218,0,352.44141,352.99841,30
218,30,323.1958,323.76938,20
218,60,293.48877,294.05093,54
218,90,263.4082,263.93179,16
218,120,233.31665,233.83577,44
218,150,203.04932,203.60818,36
218,180,172.94678,173.45317,58
218,210,142.8772,143.42058,26
218,240,112.44507,112.96281,54
218,270,81.8811,82.38945,58
218,300,51.78955,52.34174,20
218,330,22.04956,22.60372,46
219,0,352.48535,352.9986,38
219,30,323.25073,323.77274,30
219,60,293.52173,294.05234,58
219,90,263.39722,263.93307,14
219,120,233.26172,233.83551,32
219,150,203.08228,203.60529,40
219,180,172.9248,173.4465,58
219,210,142.85522,143.41208,22
219,240,112.41211,112.94378,50
219,270,81.85913,82.3896,54
219,300,51.81152,52.34145,26
219,330,22.02759,22.60051,44
220,0,352.47437,353.01071,38
220,30,323.20679,323.77637,22
220,60,293.52173,294.05597,58
220,90,263.36426,263.93469,6
220,120,233.28369,233.84204,36
220,150,203.08228,203.61748,42
220,180,172.89185,173.45906,52
220,210,142.85522,143.42673,22
220,240,112.44507,112.97372,52
220,270,81.85913,82.39733,54
220,300,51.77856,52.34866,22
220,330,22.07153,22.60557,50
221,0,352.45239,353.00375,34
221,30,323.21777,323.77493,24
221,60,293.52173,294.05652,58
221,90,263.37524,263.93488,8
221,120,233.29468,233.83882,40
221,150,203.09326,203.62779,44
221,180,172.89185,173.46313,50
221,210,142.91016,143.43617,32
221,240,112.43408,112.98484,54
221,270,81.8811,82.41174,58
221,300,51.77856,52.35658,16
221,330,22.07153,22.61394,48
222,0,352.48535,353.00894,40
222,30,323.25073,323.78354,30
222,60,293.52173,294.06717,58
222,90,263.39722,263.93631,14
222,120,233.29468,233.83261,38
222,150,203.0603,203.61755,38
222,180,172.9248,173.46735,56
222,210,142.88818,143.43044,30
222,240,112.39014,112.9678,44
222,270,81.85913,82.39832,54
222,300,51.81152,52.34911,24
222,330,22.08252,22.61655,52
223,0,352.43042,353.00836,28
223,30,323.23975,323.78253,28
223,60,293.49976,294.06473,54
223,90,263.37524,263.94244,8
223,120,233.31665,233.84222,40
223,150,203.07129,203.62389,40
223,180,172.90283,173.4801,52
223,210,142.8772,143.43996,26
223,240,112.44507,112.97553,54
223,270,81.83716,82.40501,50
223,300,51.81152,52.35012,26
223,330,22.07153,22.62298,48
224,0,352.47437,353.00925,40
224,30,323.1958,323.78561,20
224,60,293.51074,294.06583,58
224,90,263.39722,263.94345,14
224,120,233.29468,233.8416,38
224,150,203.0603,203.62849,38
224,180,172.9248,173.48378,56
224,210,142.8772,143.44427,26
224,240,112.4231,112.98014,50
224,270,81.81519,82.41048,46
224,300,51.75659,52.35343,16
224,330,22.09351,22.63075,54
225,0,352.41943,353.01544,28
225,30,323.23975,323.79459,28
225,60,293.51074,294.07196,54
225,90,263.35327,263.95114,6
225,120,233.28369,233.84727,36
225,150,203.03833,203.62936,34
225,180,172.9248,173.49013,58
225,210,142.8772,143.44417,26
225,240,112.37915,112.97262,42
225,270,81.83716,82.40958,48
225,300,51.77856,52.35458,18
225,330,22.06055,22.63919,48
226,0,352.47437,353.01447,38
226,30,323.20679,323.79642,22
226,60,293.49976,294.07428,52
226,90,263.39722,263.95395,14
226,120,233.27271,233.85312,32
226,150,203.07129,203.63513,40
226,180,172.95776,173.49286,62
226,210,142.89917,143.45206,32
226,240,112.41211,112.98945,48
226,270,81.84814,82.41503,50
226,300,51.78955,52.36208,22
226,330,22.08252,22.64426,54
227,0,352.48535,353.02383,40
227,30,323.22876,323.80109,28
227,60,293.48877,294.08044,54
227,90,263.39722,263.95697,14
227,120,233.28369,233.84344,36
227,150,203.01636,203.62947,30
227,180,172.91382,173.49036,54
227,210,142.8772,143.45569,26
227,240,112.41211,112.99448,48
227,270,81.89209,82.42027,58
227,300,51.80054,52.35668,24
227,330,22.09351,22.6415,54
228,0,352.45239,353.02942,34
228,30,323.20679,323.80435,22
228,60,293.48877,294.08438,52
228,90,263.37524,263.96124,10
228,120,233.26172,233.85936,32
228,150,203.04932,203.64034,36
228,180,172.95776,173.49667,60
228,210,142.8772,143.4556,26
228,240,112.4231,112.98968,52
228,270,81.84814,82.42102,52
228,300,51.81152,52.36537,26
228,330,22.08252,22.63524,52
229,0,352.45239,353.02905,34
229,30,323.23975,323.80972,28
229,60,293.52173,294.08795,58
229,90,263.39722,263.96274,14
229,120,233.30566,233.86888,40
229,150,203.0603,203.64767,38
229,180,172.89185,173.48647,52
229,210,142.8772,143.46182,26
229,240,112.41211,113.00327,50
229,270,81.87012,82.43063,56
229,300,51.80054,52.38303,22
229,330,22.08252,22.64228,52
230,0,352.45239,353.04462,34
230,30,323.20679,323.81177,22
230,60,293.48877,294.08939,54
230,90,263.39722,263.96768,14
230,120,233.27271,233.87347,32
230,150,203.08228,203.64235,42
230,180,172.9248,173.48894,56
230,210,142.8772,143.45551,26
230,240,112.41211,113.00317,48
230,270,81.81519,82.42585,46
230,300,51.78955,52.37604,20
230,330,22.02759,22.63518,44
231,0,352.46338,353.04108,34
231,30,323.23975,323.81287,28
231,60,293.52173,294.0947,58
231,90,263.39722,263.97137,14
231,120,233.32764,233.8779,42
231,150,203.0603,203.66652,38
231,180,172.94678,173.51431,60
231,210,142.8772,143.47905,26
231,240,112.4231,113.01924,48
231,270,81.87012,82.43842,56
231,300,51.80054,52.38361,22
231,330,22.07153,22.64403,48
232,0,352.45239,353.04208,34
232,30,323.20679,323.81561,22
232,60,293.52173,294.09366,56
232,90,263.34229,263.97757,4
232,120,233.28369,233.87184,36
232,150,203.04932,203.65631,34
232,180,172.95776,173.51886,62
232,210,142.89917,143.4702,32
232,240,112.44507,113.01735,54
232,270,81.87012,82.44363,56
232,300,51.81152,52.39118,24
232,330,22.08252,22.6621,52
233,0,352.48535,353.05524,40
233,30,323.20679,323.8223,22
233,60,293.52173,294.1066,58
233,90,263.38623,263.98145,12
233,120,233.25073,233.87605,30
233,150,203.07129,203.66646,40
233,180,172.86987,173.51181,46
233,210,142.91016,143.48068,32
233,240,112.4231,113.00785,52
233,270,81.82617,82.43822,48
233,300,51.80054,52.38596,22
233,330,22.07153,22.65949,50
234,0,352.45239,353.04968,34
234,30,323.23975,323.8255,28
234,60,293.49976,294.10629,54
234,90,263.39722,263.98593,16
234,120,233.30566,233.88402,38
234,150,203.08228,203.67464,42
234,180,172.94678,173.52826,60
234,210,142.91016,143.48198,32
234,240,112.41211,113.02116,48
234,270,81.85913,82.44632,54
234,300,51.80054,52.38576,20
234,330,22.08252,22.66684,52
235,0,352.45239,353.05289,34
235,30,323.20679,323.83023,22
235,60,293.4668,294.10522,48
235,90,263.39722,263.98666,14
235,120,233.25073,233.88069,30
235,150,203.08228,203.66685,40
235,180,172.95776,173.52931,62
235,210,142.86621,143.48639,24
235,240,112.41211,113.02311,48
235,270,81.85913,82.4517,54
235,300,51.77856,52.39861,18
235,330,22.07153,22.67145,48
236,0,352.47437,353.05859,38
236,30,323.20679,323.83524,22
236,60,293.53271,294.11469,58
236,90,263.4082,263.99307,14
236,120,233.30566,233.8876,40
236,150,203.03833,203.67802,34
236,180,172.90283,173.52301,50
236,210,142.8772,143.48334,26
236,240,112.43408,113.01653,52
236,270,81.83716,82.4472,48
236,300,51.80054,52.39389,22
236,330,22.09351,22.66456,52
237,0,352.47437,353.05991,38
237,30,323.25073,323.83472,30
237,60,293.52173,294.1152,58
237,90,263.37524,263.99423,10
237,120,233.28369,233.89482,38
237,150,203.0603,203.68726,36
237,180,172.89185,173.52737,48
237,210,142.85522,143.48856,22
237,240,112.39014,113.02836,44
237,270,81.84814,82.45482,52
237,300,51.82251,52.41035,26
237,330,22.08252,22.67406,52
238,0,352.48535,353.06384,42
238,30,323.22876,323.84024,26
238,60,293.48877,294.11908,52
238,90,263.39722,263.99487,14
238,120,233.27271,233.8912,34
238,150,203.0603,203.67902,40
238,180,172.90283,173.51898,54
238,210,142.89917,143.48265,32
238,240,112.41211,113.02069,50
238,270,81.83716,82.45723,48
238,300,51.80054,52.40654,22
238,330,22.03857,22.67097,44
239,0,352.48535,353.06592,40
239,30,323.20679,323.84189,22
239,60,293.52173,294.121,58
239,90,263.4082,264.00034,14
239,120,233.26172,233.89256,32
239,150,203.10425,203.69072,46
239,180,172.95776,173.53722,62
239,210,142.89917,143.49471,30
239,240,112.37915,113.02996,42
239,270,81.82617,82.45812,48
239,300,51.82251,52.41114,24
239,330,22.09351,22.68204,54
240,0,352.48535,353.06882,38
240,30,323.25073,323.84482,30
240,60,293.52173,294.12094,58
240,90,263.39722,263.99982,14
240,120,233.28369,233.89514,36
240,150,203.0603,203.67989,38
240,180,172.90283,173.54146,52
240,210,142.91016,143.50328,32
240,240,112.43408,113.04297,52
240,270,81.8811,82.4734,56
240,300,51.78955,52.4156,20
240,330,22.08252,22.69553,54
241,0,352.47437,353.07547,38
241,30,323.21777,323.84915,24
241,60,293.49976,294.13049,52
241,90,263.39722,264.00729,14
241,120,233.29468,233.90228,38
241,150,203.04932,203.68288,36
241,180,172.95776,173.54881,62
241,210,142.8772,143.50723,24
241,240,112.41211,113.05148,50
241,270,81.85913,82.46757,54
241,300,51.78955,52.40241,20
241,330,22.08252,22.68912,52
242,0,352.45239,353.07266,34
242,30,323.23975,323.85248,28
242,60,293.52173,294.13202,58
242,90,263.35327,264.00943,6
242,120,233.25073,233.90834,30
242,150,203.07129,203.69858,42
242,180,172.9248,173.55269,56
242,210,142.91016,143.51385,30
242,240,112.40112,113.04576,46
242,270,81.87012,82.47494,54
242,300,51.80054,52.42289,22
242,330,22.06055,22.68913,48
243,0,352.48535,353.07547,40
243,30,323.23975,323.85229,28
243,60,293.48877,294.13486,52
243,90,263.39722,264.01337,14
243,120,233.26172,233.91071,32
243,150,203.0603,203.69955,38
243,180,172.90283,173.54536,52
243,210,142.84424,143.5101,20
243,240,112.4231,113.04426,48
243,270,81.85913,82.4773,54
243,300,51.82251,52.42783,26
243,330,22.08252,22.68703,50
244,0,352.48535,353.08838,38
244,30,323.25073,323.85992,30
244,60,293.53271,294.14465,60
244,90,263.39722,264.01764,14
244,120,233.29468,233.92007,40
244,150,203.08228,203.70212,42
244,180,172.9248,173.54092,56
244,210,142.89917,143.50729,30
244,240,112.4231,113.04428,48
244,270,81.81519,82.47238,44
244,300,51.78955,52.42328,20
244,330,22.07153,22.68641,50
245,0,352.45239,353.08374,34
245,30,323.23975,323.86124,30
245,60,293.48877,294.13959,52
245,90,263.37524,264.01834,8
245,120,233.32764,233.92578,44
245,150,203.07129,203.70772,42
245,180,172.91382,173.54781,54
245,210,142.91016,143.51625,32
245,240,112.41211,113.04882,48
245,270,81.87012,82.48067,56
245,300,51.77856,52.4339,22
245,330,22.06055,22.693,48
246,0,352.48535,353.08734,38
246,30,323.20679,323.86218,22
246,60,293.52173,294.14468,58
246,90,263.34229,264.02191,4
246,120,233.26172,233.91537,32
246,150,203.03833,203.70105,34
246,180,172.89185,173.54581,50
246,210,142.8772,143.51198,26
246,240,112.41211,113.05016,48
246,270,81.83716,82.47979,50
246,300,51.78955,52.43501,20
246,330,22.03857,22.69471,42
247,0,352.47437,353.09219,36
247,30,323.1958,323.86508,20
247,60,293.49976,294.14813,52
247,90,263.4082,264.0282,18
247,120,233.30566,233.92982,40
247,150,203.03833,203.71063,36
247,180,172.93579,173.55219,58
247,210,142.8772,143.51683,26
247,240,112.44507,113.05189,54
247,270,81.83716,82.48119,50
247,300,51.77856,52.43115,16
247,330,22.03857,22.689,44
248,0,352.47437,353.08972,38
248,30,323.22876,323.86325,26
248,60,293.49976,294.14722,54
248,90,263.37524,264.02435,8
248,120,233.29468,233.91663,36
248,150,203.08228,203.71181,42
248,180,172.90283,173.54636,52
248,210,142.89917,143.51979,28
248,240,112.4231,113.06469,50
248,270,81.82617,82.4918,48
248,300,51.78955,52.43834,20
248,330,22.06055,22.70598,48
249,0,352.47437,353.09698,38
249,30,323.25073,323.8649,30
249,60,293.49976,294.14563,54
249,90,263.39722,264.0278,14
249,120,233.26172,233.92781,32
249,150,203.09326,203.70459,42
249,180,172.89185,173.5453,52
249,210,142.89917,143.51617,30
249,240,112.41211,113.06425,48
249,270,81.82617,82.48712,48
249,300,51.76758,52.43418,16
249,330,22.06055,22.69298,48
250,0,352.48535,353.09592,40
250,30,323.23975,323.86893,30
250,60,293.48877,294.14877,52
250,90,263.37524,264.02597,10
250,120,233.29468,233.92384,38
250,150,203.07129,203.71568,42
250,180,172.93579,173.56554,58
250,210,142.91016,143.52919,32
250,240,112.4231,113.06887,50
250,270,81.87012,82.49167,56
250,300,51.82251,52.43653,26
250,330,22.09351,22.69913,54
251,0,352.45239,353.09253,34
251,30,323.25073,323.87372,30
251,60,293.52173,294.14902,58
251,90,263.39722,264.02893,14
251,120,233.29468,233.92958,36
251,150,203.08228,203.72064,42
251,180,172.89185,173.55539,50
251,210,142.89917,143.53064,30
251,240,112.4231,113.06567,50
251,270,81.87012,82.49472,56
251,300,51.81152,52.44402,22
251,330,22.07153,22.70539,50
252,0,352.47437,353.10147,36
252,30,323.23975,323.87552,30
252,60,293.4668,294.15781,48
252,90,263.36426,264.0379,10
252,120,233.30566,233.93124,40
252,150,203.08228,203.72459,42
252,180,172.9248,173.55939,56
252,210,142.8772,143.52455,26
252,240,112.4231,113.06264,50
252,270,81.83716,82.49303,48
252,300,51.80054,52.43752,22
252,330,22.07153,22.70036,50
253,0,352.44141,353.10147,32
253,30,323.25073,323.87653,28
253,60,293.48877,294.15921,52
253,90,263.36426,264.03592,8
253,120,233.27271,233.94621,34
253,150,203.0603,203.73213,38
253,180,172.91382,173.56453,54
253,210,142.89917,143.53041,30
253,240,112.43408,113.07673,52
253,270,81.82617,82.49431,48
253,300,51.77856,52.44407,18
253,330,22.02759,22.70518,42
254,0,352.46338,353.10474,38
254,30,323.25073,323.88135,30
254,60,293.48877,294.15933,52
254,90,263.36426,264.0394,10
254,120,233.31665,233.94498,42
254,150,203.08228,203.72743,42
254,180,172.91382,173.56114,56
254,210,142.8772,143.52316,26
254,240,112.41211,113.07525,48
254,270,81.85913,82.49927,54
254,300,51.82251,52.45232,26
254,330,22.03857,22.71108,44
255,0,352.45239,353.11115,36
255,30,323.25073,323.88403,30
255,60,293.48877,294.16336,52
255,90,263.38623,264.04245,12
255,120,233.30566,233.94644,40
255,150,203.0603,203.72972,38
255,180,172.89185,173.56873,52
255,210,142.89917,143.53764,30
255,240,112.40112,113.07359,46
255,270,81.85913,82.50005,54
255,300,51.80054,52.45069,22
255,330,22.03857,22.71212,42
256,0,352.44141,353.11099,32
256,30,323.20679,323.88193,20
256,60,293.53271,294.16122,60
256,90,263.41919,264.04596,20
256,120,233.28369,233.94815,34
256,150,203.0603,203.72963,38
256,180,172.93579,173.56401,58
256,210,142.92114,143.5305,32
256,240,112.44507,113.08047,54
256,270,81.82617,82.501,48
256,300,51.77856,52.4577,18
256,330,22.06055,22.71717,48
257,0,352.45239,353.11179,34
257,30,323.22876,323.88678,26
257,60,293.48877,294.16766,54
257,90,263.38623,264.04431,12
257,120,233.31665,233.94032,42
257,150,203.07129,203.72324,42
257,180,172.91382,173.57243,54
257,210,142.8772,143.53757,26
257,240,112.41211,113.07694,50
257,270,81.83716,82.5059,50
257,300,51.81152,52.44949,26
257,330,22.06055,22.72998,48
258,0,352.46338,353.11581,38
258,30,323.22876,323.89151,26
258,60,293.47778,294.16812,52
258,90,263.34229,264.0481,4
258,120,233.26172,233.94193,32
258,150,203.07129,203.72662,40
258,180,172.89185,173.57877,52
258,210,142.84424,143.54013,20
258,240,112.4231,113.08218,48
258,270,81.85913,82.50915,54
258,300,51.80054,52.45694,22
258,330,22.03857,22.72425,44
259,0,352.47437,353.11874,36
259,30,323.23975,323.89441,30
259,60,293.52173,294.17584,58
259,90,263.36426,264.0509,10
259,120,233.29468,233.94972,38
259,150,203.04932,203.73718,36
259,180,172.93579,173.5779,60
259,210,142.91016,143.54907,30
259,240,112.43408,113.08488,52
259,270,81.83716,82.51589,50
259,300,51.80054,52.46962,22
259,330,22.07153,22.73133,48
260,0,352.46338,353.12427,36
260,30,323.20679,323.89749,24
260,60,293.52173,294.17697,58
260,90,263.39722,264.05481,16
260,120,233.26172,233.9574,30
260,150,203.07129,203.73122,42
260,180,172.95776,173.57643,60
260,210,142.8772,143.54738,26
260,240,112.41211,113.08897,48
260,270,81.81519,82.51459,48
260,300,51.77856,52.46239,18
260,330,22.09351,22.72276,54
261,0,352.44141,353.12225,34
261,30,323.25073,323.8981,30
261,60,293.51074,294.17804,56
261,90,263.38623,264.05667,12
261,120,233.28369,233.96014,36
261,150,203.10425,203.74414,48
261,180,172.95776,173.59145,60
261,210,142.91016,143.55859,32
261,240,112.41211,113.10081,50
261,270,81.83716,82.51764,48
261,300,51.82251,52.4689,28
261,330,22.08252,22.73192,52
262,0,352.46338,353.1243,38
262,30,323.23975,323.89978,28
262,60,293.52173,294.17749,58
262,90,263.37524,264.05829,10
262,120,233.31665,233.96716,42
262,150,203.09326,203.74248,44
262,180,172.90283,173.58093,50
262,210,142.88818,143.54527,26
262,240,112.4231,113.08801,50
262,270,81.84814,82.52364,50
262,300,51.80054,52.47657,22
262,330,22.02759,22.73185,44
263,0,352.41943,353.13144,34
263,30,323.21777,323.90369,24
263,60,293.52173,294.1832,58
263,90,263.37524,264.06284,12
263,120,233.29468,233.96945,38
263,150,203.09326,203.74666,44
263,180,172.94678,173.59068,62
263,210,142.89917,143.55893,32
263,240,112.43408,113.0962,50
263,270,81.85913,82.51902,54
263,300,51.76758,52.46449,18
263,330,22.07153,22.72875,52
264,0,352.45239,353.12598,34
264,30,323.20679,323.90436,22
264,60,293.51074,294.18753,56
264,90,263.37524,264.06424,10
264,120,233.29468,233.96985,40
264,150,203.0603,203.75066,36
264,180,172.9248,173.60049,56
264,210,142.91016,143.56671,34
264,240,112.44507,113.10681,54
264,270,81.85913,82.52863,56
264,300,51.81152,52.47498,24
264,330,22.04956,22.73697,48
265,0,352.47437,353.13882,38
265,30,323.23975,323.90961,30
265,60,293.51074,294.19122,56
265,90,263.37524,264.0704,10
265,120,233.28369,233.96661,36
265,150,203.08228,203.74887,42
265,180,172.9248,173.59338,54
265,210,142.91016,143.56042,32
265,240,112.41211,113.10168,46
265,270,81.82617,82.53089,50
265,300,51.82251,52.47749,26
265,330,22.07153,22.73722,50
266,0,352.47437,353.14114,38
266,30,323.20679,323.91522,22
266,60,293.48877,294.19275,54
266,90,263.36426,264.07205,10
266,120,233.30566,233.97238,40
266,150,203.10425,203.75777,46
266,180,172.90283,173.60529,52
266,210,142.91016,143.57249,32
266,240,112.39014,113.10985,44
266,270,81.85913,82.53018,54
266,300,51.75659,52.48063,14
266,330,22.07153,22.74538,50
267,0,352.45239,353.1402,34
267,30,323.25073,323.91626,30
267,60,293.52173,294.19916,58
267,90,263.39722,264.07446,14
267,120,233.29468,233.97302,36
267,150,203.0603,203.75665,38
267,180,172.9248,173.60155,54
267,210,142.88818,143.56879,28
267,240,112.37915,113.11324,42
267,270,81.8811,82.54098,58
267,300,51.82251,52.48329,24
267,330,22.09351,22.7502,54
268,0,352.48535,353.14993,38
268,30,323.20679,323.91895,20
268,60,293.52173,294.20285,58
268,90,263.37524,264.07687,8
268,120,233.30566,233.9745,40
268,150,203.0603,203.75868,38
268,180,172.9248,173.60248,54
268,210,142.84424,143.57262,22
268,240,112.4231,113.10301,50
268,270,81.85913,82.53665,54
268,300,51.76758,52.4824,16
268,330,22.07153,22.74848,50
269,0,352.45239,353.14551,34
269,30,323.25073,323.92166,28
269,60,293.51074,294.20413,56
269,90,263.39722,264.07751,14
269,120,233.26172,233.97336,32
269,150,203.08228,203.76199,42
269,180,172.9248,173.62151,56
269,210,142.91016,143.57785,32
269,240,112.44507,113.11415,54
269,270,81.84814,82.5446,52
269,300,51.80054,52.48562,22
269,330,22.07153,22.76658,50
270,0,352.45239,353.14655,34
270,30,323.25073,323.92184,28
270,60,293.48877,294.20419,52
270,90,263.39722,264.07922,14
270,120,233.26172,233.97075,30
270,150,203.04932,203.75822,36
270,180,172.96875,173.62529,62
270,210,142.8772,143.57693,26
270,240,112.4231,113.10918,48
270,270,81.84814,82.54711,52
270,300,51.77856,52.49435,18
270,330,22.07153,22.75731,50
271,0,352.48535,353.15729,38
271,30,323.25073,323.92709,28
271,60,293.48877,294.20789,52
271,90,263.39722,264.08374,16
271,120,233.29468,233.98656,36
271,150,203.09326,203.76842,46
271,180,172.9248,173.61308,56
271,210,142.85522,143.58388,22
271,240,112.43408,113.11356,52
271,270,81.85913,82.54752,54
271,300,51.77856,52.49412,18
271,330,22.07153,22.75488,52
272,0,352.45239,353.14951,34
272,30,323.20679,323.92288,22
272,60,293.48877,294.21115,54
272,90,263.38623,264.08868,14
272,120,233.28369,233.99919,38
272,150,203.0603,203.78636,38
272,180,172.90283,173.6257,52
272,210,142.88818,143.59047,28
272,240,112.40112,113.12827,46
272,270,81.83716,82.55083,50
272,300,51.80054,52.4963,22
272,330,22.07153,22.76044,48
273,0,352.45239,353.16156,36
273,30,323.21777,323.93259,24
273,60,293.55469,294.20923,2
273,90,263.39722,264.09207,14
273,120,233.31665,233.99808,42
273,150,203.07129,203.77728,40
273,180,172.90283,173.61887,54
273,210,142.88818,143.5872,28
273,240,112.44507,113.1289,54
273,270,81.82617,82.55516,50
273,300,51.76758,52.50077,16
273,330,22.06055,22.76511,48
274,0,352.45239,353.15692,34
274,30,323.20679,323.93793,22
274,60,293.48877,294.21841,54
274,90,263.41919,264.09695,18
274,120,233.28369,233.99924,36
274,150,203.08228,203.7816,42
274,180,172.95776,173.63864,62
274,210,142.89917,143.59305,30
274,240,112.41211,113.13594,50
274,270,81.85913,82.55431,54
274,300,51.82251,52.49939,26
274,330,22.04956,22.76741,46
275,0,352.45239,353.16013,34
275,30,323.1958,323.93848,18
275,60,293.4668,294.22083,46
275,90,263.38623,264.0965,14
275,120,233.26172,233.99849,32
275,150,203.09326,203.78932,42
275,180,172.91382,173.63676,56
275,210,142.85522,143.59607,22
275,240,112.44507,113.13712,54
275,270,81.83716,82.56216,50
275,300,51.77856,52.51137,18
275,330,22.07153,22.77369,50
276,0,352.47437,353.16641,38
276,30,323.20679,323.94202,22
276,60,293.48877,294.22354,52
276,90,263.37524,264.10034,8
276,120,233.26172,233.99257,32
276,150,203.07129,203.78001,40
276,180,172.90283,173.64046,54
276,210,142.91016,143.59428,32
276,240,112.4231,113.1245,50
276,270,81.85913,82.56032,56
276,300,51.82251,52.50873,26
276,330,22.08252,22.7826,52
277,0,352.47437,353.17249,40
277,30,323.20679,323.94705,22
277,60,293.53271,294.22791,60
277,90,263.39722,264.10474,14
277,120,233.28369,233.99826,36
277,150,203.04932,203.7852,36
277,180,172.90283,173.64331,50
277,210,142.8772,143.6059,26
277,240,112.40112,113.13803,46
277,270,81.85913,82.56447,54
277,300,51.82251,52.51131,26
277,330,22.06055,22.77839,48
278,0,352.45239,353.17603,34
278,30,323.21777,323.94797,24
278,60,293.47778,294.22556,48
278,90,263.39722,264.10574,12
278,120,233.26172,234.00458,32
278,150,203.07129,203.79224,42
278,180,172.91382,173.64294,54
278,210,142.91016,143.60693,32
278,240,112.4231,113.13934,52
278,270,81.87012,82.57252,58
278,300,51.80054,52.5251,22
278,330,22.03857,22.78723,42
279,0,352.45239,353.18387,34
279,30,323.23975,323.95132,30
279,60,293.52173,294.23053,60
279,90,263.37524,264.10953,10
279,120,233.30566,234.01709,38
279,150,203.10425,203.79376,44
279,180,172.94678,173.63548,60
279,210,142.88818,143.60117,28
279,240,112.4231,113.14248,50
279,270,81.82617,82.57044,48
279,300,51.82251,52.52353,26
279,330,22.07153,22.77963,50
280,0,352.45239,353.17187,34
280,30,323.20679,323.95306,22
280,60,293.4668,294.23193,48
280,90,263.39722,264.11325,16
280,120,233.28369,234.0182,36
280,150,203.08228,203.80814,42
280,180,172.95776,173.64749,60
280,210,142.88818,143.61436,30
280,240,112.44507,113.16029,54
280,270,81.84814,82.57983,54
280,300,51.80054,52.52667,22
280,330,22.06055,22.78727,48
281,0,352.45239,353.18817,34
281,30,323.21777,323.95895,24
281,60,293.53271,294.23907,60
281,90,263.39722,264.1199,14
281,120,233.30566,234.02167,38
281,150,203.09326,203.80731,42
281,180,172.9248,173.6398,58
281,210,142.88818,143.60831,30
281,240,112.39014,113.1388,44
281,270,81.82617,82.57915,50
281,300,51.82251,52.53061,28
281,330,22.07153,22.79078,50
282,0,352.45239,353.18784,34
282,30,323.22876,323.96509,26
282,60,293.47778,294.24109,48
282,90,263.37524,264.12308,10
282,120,233.31665,234.03294,40
282,150,203.0603,203.80659,38
282,180,172.93579,173.6418,56
282,210,142.89917,143.61247,30
282,240,112.4231,113.1425,48
282,270,81.82617,82.5798,50
282,300,51.78955,52.52023,20
282,330,22.07153,22.78436,50
283,0,352.45239,353.1879,34
283,30,323.22876,323.96796,24
283,60,293.52173,294.24298,58
283,90,263.39722,264.1235,14
283,120,233.28369,234.03085,36
283,150,203.08228,203.80911,42
283,180,172.9248,173.65198,56
283,210,142.84424,143.62254,20
283,240,112.43408,113.15865,52
283,270,81.85913,82.58495,54
283,300,51.80054,52.53722,22
283,330,22.04956,22.79907,46
284,0,352.45239,353.19269,32
284,30,323.25073,323.96869,28
284,60,293.52173,294.24612,58
284,90,263.39722,264.12921,14
284,120,233.32764,234.03593,44
284,150,203.03833,203.80984,34
284,180,172.86987,173.64488,46
284,210,142.88818,143.6219,26
284,240,112.39014,113.15159,44
284,270,81.85913,82.584,54
284,300,51.80054,52.53117,22
284,330,22.03857,22.79408,44
285,0,352.45239,353.19571,34
285,30,323.1958,323.96762,20
285,60,293.52173,294.25079,56
285,90,263.41919,264.134,16
285,120,233.31665,234.03986,44
285,150,203.0603,203.81656,38
285,180,172.89185,173.65402,50
285,210,142.88818,143.62654,28
285,240,112.39014,113.16534,42
285,270,81.82617,82.58569,48
285,300,51.80054,52.53613,22
285,330,22.02759,22.79297,40
286,0,352.43042,353.19852,30
286,30,323.20679,323.97144,22
286,60,293.52173,294.25055,58
286,90,263.39722,264.13129,14
286,120,233.29468,234.03816,38
286,150,203.0603,203.80905,38
286,180,172.90283,173.6561,50
286,210,142.89917,143.62479,32
286,240,112.39014,113.17245,44
286,270,81.82617,82.59599,46
286,300,51.81152,52.54321,26
286,330,22.07153,22.80762,50
287,0,352.47437,353.20874,36
287,30,323.20679,323.97372,22
287,60,293.52173,294.25479,58
287,90,263.39722,264.13577,14
287,120,233.31665,234.04019,40
287,150,203.04932,203.81793,36
287,180,172.88086,173.65196,48
287,210,142.8772,143.61855,28
287,240,112.43408,113.16027,54
287,270,81.87012,82.59492,56
287,300,51.82251,52.54171,26
287,330,22.03857,22.79972,44
288,0,352.41943,353.20291,28
288,30,323.21777,323.98145,28
288,60,293.52173,294.25439,58
288,90,263.4082,264.13623,16
288,120,233.31665,234.04391,42
288,150,203.07129,203.82597,42
288,180,172.91382,173.65822,54
288,210,142.86621,143.63361,24
288,240,112.41211,113.17085,48
288,270,81.82617,82.60221,50
288,300,51.8335,52.54436,26
288,330,22.03857,22.80532,44
289,0,352.45239,353.21008,34
289,30,323.25073,323.98199,30
289,60,293.51074,294.26016,54
289,90,263.38623,264.14294,12
289,120,233.29468,234.04099,38
289,150,203.08228,203.81793,42
289,180,172.89185,173.66415,50
289,210,142.84424,143.63351,20
289,240,112.40112,113.17577,46
289,270,81.85913,82.60114,54
289,300,51.82251,52.55191,26
289,330,22.03857,22.8133,44
290,0,352.45239,353.21045,34
290,30,323.23975,323.98318,28
290,60,293.52173,294.26199,58
290,90,263.36426,264.14548,8
290,120,233.32764,234.04922,44
290,150,203.03833,203.819,34
290,180,172.90283,173.66608,50
290,210,142.8772,143.63428,26
290,240,112.44507,113.18175,54
290,270,81.85913,82.60263,54
290,300,51.81152,52.54984,26
290,330,22.07153,22.80727,50
291,0,352.44141,353.20322,32
291,30,323.20679,323.98669,22
291,60,293.49976,294.2681,54
291,90,263.39722,264.14447,14
291,120,233.30566,234.05037,42
291,150,203.08228,203.82904,44
291,180,172.90283,173.67722,52
291,210,142.91016,143.64677,30
291,240,112.44507,113.1909,54
291,270,81.82617,82.61234,48
291,300,51.81152,52.55405,24
291,330,22.03857,22.8172,46
292,0,352.46338,353.2153,36
292,30,323.23975,323.9874,26
292,60,293.51074,294.27036,56
292,90,263.39722,264.1463,14
292,120,233.28369,234.04942,36
292,150,203.08228,203.83327,42
292,180,172.9248,173.67189,56
292,210,142.86621,143.64461,24
292,240,112.41211,113.17544,48
292,270,81.82617,82.60735,48
292,300,51.80054,52.55912,22
292,330,22.06055,22.8219,48
293,0,352.47437,353.21848,38
293,30,323.18481,323.99228,18
293,60,293.51074,294.2757,54
293,90,263.4082,264.15396,16
293,120,233.32764,234.05904,44
293,150,203.03833,203.8432,36
293,180,172.9248,173.68205,54
293,210,142.89917,143.65099,32
293,240,112.39014,113.19013,46
293,270,81.85913,82.60765,54
293,300,51.78955,52.55154,20
293,330,22.08252,22.82127,50
294,0,352.43042,353.21252,28
294,30,323.22876,323.98865,26
294,60,293.52173,294.27502,58
294,90,263.36426,264.14941,8
294,120,233.26172,234.05446,34
294,150,203.08228,203.83554,42
294,180,172.94678,173.67609,60
294,210,142.88818,143.65059,28
294,240,112.41211,113.18949,48
294,270,81.81519,82.61432,46
294,300,51.78955,52.5601,20
294,330,22.06055,22.82522,50
295,0,352.48535,353.22269,40
295,30,323.23975,323.99506,30
295,60,293.53271,294.27686,58
295,90,263.39722,264.15231,14
295,120,233.25073,234.05728,32
295,150,203.04932,203.84334,36
295,180,172.9248,173.68025,56
295,210,142.86621,143.64484,26
295,240,112.39014,113.17775,42
295,270,81.85913,82.61394,54
295,300,51.82251,52.56854,26
295,330,22.09351,22.82857,54
296,0,352.47437,353.21872,38
296,30,323.21777,323.99957,22
296,60,293.48877,294.27869,54
296,90,263.4082,264.1564,14
296,120,233.25073,234.0652,32
296,150,203.08228,203.84175,40
296,180,172.9248,173.6862,56
296,210,142.8772,143.6519,26
296,240,112.39014,113.18745,46
296,270,81.84814,82.6188,54
296,300,51.81152,52.56607,24
296,330,22.02759,22.82614,42
297,0,352.48535,353.22736,40
297,30,323.23975,324.00171,30
297,60,293.52173,294.28088,58
297,90,263.36426,264.15817,10
297,120,233.29468,234.06284,38
297,150,203.10425,203.8358,46
297,180,172.9248,173.67613,54
297,210,142.8772,143.66013,26
297,240,112.44507,113.19566,54
297,270,81.85913,82.62134,56
297,300,51.80054,52.5713,22
297,330,22.06055,22.83696,46
298,0,352.48535,353.23639,40
298,30,323.23975,324.00867,30
298,60,293.48877,294.28177,52
298,90,263.4082,264.16544,18
298,120,233.26172,234.07158,32
298,150,203.04932,203.84656,36
298,180,172.9248,173.68666,56
298,210,142.86621,143.65118,24
298,240,112.43408,113.19724,52
298,270,81.85913,82.61978,54
298,300,51.8335,52.56898,28
298,330,22.04956,22.82966,48
299,0,352.44141,353.23215,32
299,30,323.25073,324.00769,32
299,60,293.53271,294.28482,60
299,90,263.37524,264.16501,10
299,120,233.27271,234.06342,34
299,150,203.0603,203.85504,38
299,180,172.93579,173.69356,58
299,210,142.8772,143.66496,28
299,240,112.44507,113.21339,54
299,270,81.85913,82.63063,54
299,300,51.82251,52.57641,26
299,330,22.07153,22.84077,50
300,0,352.48535,353.23761,38
300,30,323.23975,324.00803,28
300,60,293.48877,294.28369,52
300,90,263.39722,264.16766,16
300,120,233.26172,234.07544,32
300,150,203.0603,203.84933,38
300,180,172.89185,173.69516,50
300,210,142.86621,143.66464,22
300,240,112.41211,113.20135,48
300,270,81.83716,82.62749,48
300,300,51.82251,52.58092,26
300,330,22.06055,22.84243,48
301,0,352.50732,353.23926,44
301,30,323.25073,324.01086,28
301,60,293.47778,294.28802,50
301,90,263.37524,264.1749,10
301,120,233.28369,234.07979,36
301,150,203.10425,203.86292,46
301,180,172.88086,173.68805,48
301,210,142.91016,143.66127,30
301,240,112.40112,113.20438,44
301,270,81.83716,82.62759,48
301,300,51.8335,52.58004,28
301,330,22.02759,22.83871,42
302,0,352.45239,353.23627,34
302,30,323.25073,324.01205,28
302,60,293.52173,294.29147,58
302,90,263.39722,264.17316,14
302,120,233.30566,234.07793,42
302,150,203.08228,203.85863,42
302,180,172.9248,173.7,56
302,210,142.85522,143.66547,22
302,240,112.44507,113.20646,54
302,270,81.84814,82.63215,54
302,300,51.78955,52.58475,20
302,330,22.06055,22.8434,48
303,0,352.43042,353.24307,30
303,30,323.1958,324.01651,20
303,60,293.48877,294.29297,54
303,90,263.38623,264.17099,12
303,120,233.28369,234.0786,38
303,150,203.07129,203.86055,38
303,180,172.89185,173.68617,50
303,210,142.86621,143.66724,24
303,240,112.4231,113.18703,50
303,270,81.83716,82.6296,50
303,300,51.82251,52.58258,28
303,330,22.07153,22.83949,50
304,0,352.45239,353.24008,34
304,30,323.20679,324.01907,22
304,60,293.47778,294.29575,52
304,90,263.39722,264.17865,14
304,120,233.32764,234.08641,44
304,150,203.09326,203.86545,46
304,180,172.9248,173.6965,56
304,210,142.8772,143.67252,26
304,240,112.40112,113.19717,46
304,270,81.82617,82.63508,48
304,300,51.80054,52.58828,22
304,330,22.02759,22.84539,42
305,0,352.45239,353.23953,34
305,30,323.1958,324.01712,20
305,60,293.48877,294.2977,52
305,90,263.36426,264.18018,8
305,120,233.25073,234.08252,32
305,150,203.0603,203.86253,38
305,180,172.91382,173.70401,56
305,210,142.89917,143.66916,32
305,240,112.37915,113.20986,42
305,270,81.87012,82.63815,58
305,300,51.80054,52.59518,24
305,330,22.04956,22.85389,46
306,0,352.47437,353.25418,38
306,30,323.22876,324.02664,24
306,60,293.53271,294.30261,60
306,90,263.37524,264.18466,8
306,120,233.28369,234.08907,36
306,150,203.09326,203.87013,42
306,180,172.9248,173.69969,56
306,210,142.85522,143.66571,22
306,240,112.37915,113.17486,46
306,270,81.83716,82.63943,48
306,300,51.82251,52.60604,26
306,330,22.03857,22.85145,46
307,0,352.50732,353.26147,44
307,30,323.20679,324.02588,22
307,60,293.48877,294.30637,52
307,90,263.36426,264.18484,8
307,120,233.30566,234.08804,38
307,150,203.10425,203.87169,46
307,180,172.91382,173.70332,56
307,210,142.8772,143.67725,26
307,240,112.39014,113.18969,46
307,270,81.83716,82.64389,48
307,300,51.81152,52.61078,24
307,330,22.06055,22.85676,48
308,0,352.49634,353.25757,42
308,30,323.22876,324.03076,26
308,60,293.48877,294.30612,52
308,90,263.37524,264.18332,10
308,120,233.30566,234.08351,40
308,150,203.08228,203.8676,40
308,180,172.89185,173.70207,50
308,210,142.84424,143.67299,20
308,240,112.41211,113.19142,48
308,270,81.87012,82.64352,54
308,300,51.81152,52.61332,24
308,330,22.09351,22.85594,54
309,0,352.45239,353.27142,34
309,30,323.23975,324.02963,30
309,60,293.52173,294.31229,58
309,90,263.39722,264.18912,14
309,120,233.26172,234.09259,30
309,150,203.07129,203.87895,42
309,180,172.9248,173.70598,56
309,210,142.8772,143.6711,26
309,240,112.39014,113.19669,42
309,270,81.8811,82.64794,58
309,300,51.82251,52.60201,24
309,330,22.02759,22.85263,42
310,0,352.48535,353.25357,38
310,30,323.21777,324.02478,24
310,60,293.52173,294.30585,58
310,90,263.38623,264.18741,12
310,120,233.27271,234.09271,34
310,150,203.08228,203.87549,42
310,180,172.89185,173.71986,52
310,210,142.89917,143.68823,30
310,240,112.44507,113.2398,54
310,270,81.83716,82.65451,50
310,300,51.80054,52.60235,24
310,330,22.06055,22.86147,48
311,0,352.46338,353.25806,36
311,30,323.25073,324.03036,28
311,60,293.52173,294.30997,58
311,90,263.39722,264.19281,14
311,120,233.26172,234.0948,32
311,150,203.0603,203.87991,38
311,180,172.95776,173.71686,62
311,210,142.8772,143.69177,26
311,240,112.44507,113.22906,54
311,270,81.87012,82.65545,58
311,300,51.76758,52.5958,16
311,330,22.06055,22.87333,50
312,0,352.48535,353.25693,40
312,30,323.21777,323.99997,26
312,60,293.52173,294.32193,58
312,90,263.39722,264.18497,14
312,120,233.25073,234.04947,30
312,150,203.04932,203.87082,34
312,180,172.94678,173.76317,60
312,210,142.92114,143.70227,32
312,240,112.46704,113.25952,58
312,270,81.87012,82.67451,54
312,300,51.76758,52.56262,16
312,330,22.07153,22.85469,50
313,0,352.45239,353.27853,34
313,30,323.16284,323.98001,14
313,60,293.48877,294.31784,52
313,90,263.30933,264.15192,0
313,120,233.20679,234.03421,22
313,150,203.08228,203.87146,42
313,180,172.99072,173.76279,2
313,210,142.92114,143.71207,32
313,240,112.47803,113.26675,60
313,270,81.83716,82.67405,50
313,300,51.76758,52.54509,16
313,330,22.04956,22.8602,46
314,0,352.49634,353.29382,40
314,30,323.15186,323.98303,12
314,60,293.45581,294.31598,46
314,90,263.29834,264.14362,60
314,120,233.16284,234.00325,18
314,150,203.07129,203.87187,38
314,180,172.96875,173.76198,62
314,210,142.8772,143.70622,26
314,240,112.47803,113.26952,60
314,270,81.84814,82.67755,52
314,300,51.72363,52.54989,8
314,330,22.0166,22.85588,38
315,0,352.48535,353.29333,40
315,30,323.14087,323.97128,10
315,60,293.52173,294.31793,58
315,90,263.34229,264.14386,4
315,120,233.18481,234.00546,18
315,150,203.0603,203.87759,36
315,180,172.95776,173.77553,62
315,210,142.85522,143.69321,22
315,240,112.47803,113.27283,60
315,270,81.87012,82.68012,56
315,300,51.73462,52.55062,10
315,330,22.02759,22.8553,44
316,0,352.50732,353.2966,44
316,30,323.15186,323.96826,10
316,60,293.52173,294.30887,56
316,90,263.30933,264.13843,62
316,120,233.20679,234.00128,22
316,150,203.03833,203.86717,36
316,180,172.94678,173.76926,60
316,210,142.89917,143.69377,30
316,240,112.47803,113.27386,60
316,270,81.8811,82.68013,60
316,300,51.73462,52.54995,10
316,330,22.07153,22.86332,50
317,0,352.50732,353.29926,44
317,30,323.17383,323.97079,16
317,60,293.53271,294.31976,58
317,90,263.35327,264.14322,6
317,120,233.18481,234.00195,20
317,150,203.08228,203.8717,42
317,180,172.96875,173.77084,0
317,210,142.89917,143.694,32
317,240,112.44507,113.27392,54
317,270,81.85913,82.68006,54
317,300,51.74561,52.55299,10
317,330,22.03857,22.86025,44
318,0,352.47437,353.29675,40
318,30,323.16284,323.96552,14
318,60,293.49976,294.31635,54
318,90,263.34229,264.14206,4
318,120,233.21777,234.00067,24
318,150,203.0603,203.86459,36
318,180,172.95776,173.77553,62
318,210,142.8772,143.69495,26
318,240,112.47803,113.27814,60
318,270,81.89209,82.68685,58
318,300,51.76758,52.55478,16
318,330,22.03857,22.85933,42
319,0,352.49634,353.29916,40
319,30,323.1189,323.96573,6
319,60,293.52173,294.31161,56
319,90,263.32031,264.142,0
319,120,233.21777,233.99915,24
319,150,203.08228,203.86633,40
319,180,172.9248,173.771,56
319,210,142.89917,143.69275,32
319,240,112.44507,113.27383,54
319,270,81.84814,82.67784,54
319,300,51.73462,52.55499,10
319,330,22.07153,22.85938,48
320,0,352.50732,353.3024,44
320,30,323.15186,323.96774,10
320,60,293.49976,294.31885,54
320,90,263.35327,264.14352,6
320,120,233.21777,234.00591,24
320,150,203.07129,203.8746,38
320,180,172.97974,173.77777,2
320,210,142.85522,143.70053,22
320,240,112.45605,113.277,54
320,270,81.89209,82.68005,58
320,300,51.76758,52.54778,16
320,330,22.04956,22.8542,46
321,0,352.48535,353.29617,38
321,30,323.17383,323.97177,16
321,60,293.52173,294.31015,56
321,90,263.34229,264.14352,4
321,120,233.18481,234.00623,18
321,150,203.08228,203.87213,40
321,180,172.95776,173.77583,60
321,210,142.85522,143.70296,22
321,240,112.47803,113.27797,60
321,270,81.89209,82.68389,60
321,300,51.73462,52.55155,12
321,330,22.04956,22.85927,46
322,0,352.50732,353.30304,44
322,30,323.10791,323.97134,4
322,60,293.47778,294.3219,48
322,90,263.34229,264.14587,4
322,120,233.18481,234.00468,18
322,150,203.08228,203.87505,40
322,180,172.96875,173.77058,0
322,210,142.8772,143.70253,26
322,240,112.4231,113.27361,50
322,270,81.84814,82.6737,52
322,300,51.72363,52.55061,10
322,330,22.03857,22.86032,44
323,0,352.49634,353.29962,42
323,30,323.12988,323.97269,8
323,60,293.51074,294.32349,54
323,90,263.36426,264.15106,8
323,120,233.18481,234.00897,18
323,150,203.07129,203.87964,40
323,180,172.97974,173.7758,2
323,210,142.91016,143.70343,32
323,240,112.47803,113.27741,60
323,270,81.85913,82.67992,54
323,300,51.70166,52.54838,4
323,330,22.04956,22.8584,44
324,0,352.48535,353.30249,40
324,30,323.14087,323.96933,10
324,60,293.52173,294.32388,58
324,90,263.30933,264.14505,0
324,120,233.17383,234.00482,14
324,150,203.03833,203.8765,36
324,180,172.95776,173.77629,62
324,210,142.85522,143.70145,22
324,240,112.44507,113.27969,54
324,270,81.8811,82.68235,58
324,300,51.72363,52.5524,8
324,330,22.03857,22.86313,44
325,0,352.51831,353.30228,46
325,30,323.18481,323.98016,16
325,60,293.49976,294.32755,54
325,90,263.35327,264.14767,8
325,120,233.20679,234.00505,22
325,150,203.08228,203.87007,40
325,180,172.9248,173.77238,56
325,210,142.86621,143.69377,24
325,240,112.4231,113.27341,48
325,270,81.87012,82.67448,58
325,300,51.75659,52.54805,14
325,330,22.03857,22.85989,44
326,0,352.50732,353.30109,44
326,30,323.17383,323.96756,18
326,60,293.51074,294.32315,54
326,90,263.34229,264.14871,6
326,120,233.20679,234.00743,22
326,150,203.03833,203.8743,34
326,180,172.94678,173.76923,60
326,210,142.91016,143.70477,30
326,240,112.47803,113.28083,60
326,270,81.87012,82.68323,56
326,300,51.75659,52.56089,16
326,330,22.07153,22.86319,48
327,0,352.48535,353.3038,42
327,30,323.14087,323.97858,10
327,60,293.4668,294.32236,50
327,90,263.34229,264.14703,4
327,120,233.17383,234.00447,14
327,150,203.03833,203.86726,36
327,180,172.97974,173.76717,2
327,210,142.85522,143.69707,22
327,240,112.44507,113.27497,54
327,270,81.8811,82.68472,58
327,300,51.71265,52.55536,6
327,330,22.04956,22.86551,48
328,0,352.48535,353.3071,38
328,30,323.14087,323.97601,12
328,60,293.52173,294.32501,60
328,90,263.32031,264.15057,0
328,120,233.21777,234.0072,24
328,150,203.08228,203.87474,42
328,180,172.99072,173.7784,4
328,210,142.91016,143.69745,32
328,240,112.44507,113.27747,54
328,270,81.85913,82.68436,54
328,300,51.72363,52.54647,8
328,330,22.02759,22.85703,42
329,0,352.47437,353.30081,38
329,30,323.17383,323.96381,16
329,60,293.47778,294.31552,52
329,90,263.35327,264.14853,4
329,120,233.20679,234.00623,22
329,150,203.07129,203.87152,38
329,180,172.95776,173.76114,62
329,210,142.8772,143.70921,28
329,240,112.47803,113.28542,60
329,270,81.89209,82.68963,60
329,300,51.74561,52.55093,12
329,330,22.03857,22.86552,42
330,0,352.47437,353.3046,38
330,30,323.17383,323.97339,16
330,60,293.48877,294.32712,52
330,90,263.32031,264.14835,62
330,120,233.17383,234.00162,16
330,150,203.04932,203.87515,36
330,180,172.93579,173.75439,60
330,210,142.8772,143.7036,26
330,240,112.44507,113.27827,54
330,270,81.85913,82.68775,54
330,300,51.72363,52.55268,10
330,330,22.06055,22.86641,50
331,0,352.48535,353.30597,40
331,30,323.17383,323.97629,16
331,60,293.48877,294.32593,52
331,90,263.35327,264.15619,4
331,120,233.18481,234.00905,18
331,150,203.08228,203.8838,42
331,180,172.95776,173.78429,62
331,210,142.84424,143.70695,20
331,240,112.47803,113.28072,60
331,270,81.8811,82.68729,58
331,300,51.72363,52.54716,10
331,330,22.02759,22.86673,40
332,0,352.48535,353.30566,40
332,30,323.16284,323.97421,14
332,60,293.52173,294.32654,56
332,90,263.30933,264.15347,62
332,120,233.18481,234.00694,16
332,150,203.04932,203.87936,36
332,180,172.96875,173.77713,2
332,210,142.84424,143.70926,20
332,240,112.47803,113.28265,60
332,270,81.89209,82.68883,58
332,300,51.73462,52.55664,10
332,330,22.02759,22.8678,42
333,0,352.50732,353.31058,44
333,30,323.15186,323.98566,12
333,60,293.51074,294.33032,56
333,90,263.34229,264.15527,4
333,120,233.15186,234.0047,12
333,150,203.04932,203.8806,36
333,180,172.9248,173.774,56
333,210,142.91016,143.70087,32
333,240,112.43408,113.27602,54
333,270,81.85913,82.68374,54
333,300,51.74561,52.55141,12
333,330,22.03857,22.87096,44
334,0,352.48535,353.31046,40
334,30,323.14087,323.97922,10
334,60,293.48877,294.33081,52
334,90,263.36426,264.16092,8
334,120,233.18481,234.00688,18
334,150,203.03833,203.87714,36
334,180,172.9248,173.78506,56
334,210,142.91016,143.71391,32
334,240,112.47803,113.28685,60
334,270,81.87012,82.69098,54
334,300,51.75659,52.55418,14
334,330,22.02759,22.86456,42
335,0,352.48535,353.3028,40
335,30,323.14087,323.98267,10
335,60,293.51074,294.32834,56
335,90,263.35327,264.15353,4
335,120,233.16284,233.99826,14
335,150,203.04932,203.87457,36
335,180,172.96875,173.76941,0
335,210,142.88818,143.70731,30
335,240,112.44507,113.28448,54
335,270,81.8811,82.69173,58
335,300,51.72363,52.55451,10
335,330,22.04956,22.87392,46
336,0,352.47437,353.30606,38
336,30,323.15186,323.98569,12
336,60,293.52173,294.33218,58
336,90,263.36426,264.15735,8
336,120,233.17383,234.00256,16
336,150,203.04932,203.87669,36
336,180,172.91382,173.77255,56
336,210,142.8772,143.70827,26
336,240,112.44507,113.27834,56
336,270,81.85913,82.69421,54
336,300,51.73462,52.55657,8
336,330,22.06055,22.87218,46
337,0,352.47437,353.31049,38
337,30,323.14087,323.99054,10
337,60,293.52173,294.32059,58
337,90,263.37524,264.15054,10
337,120,233.20679,234.00352,22
337,150,203.04932,203.87999,36
337,180,172.9248,173.7728,56
337,210,142.88818,143.71249,28
337,240,112.44507,113.29137,54
337,270,81.85913,82.6947,54
337,300,51.73462,52.5625,10
337,330,22.07153,22.87283,50
338,0,352.49634,353.30844,42
338,30,323.15186,323.98935,12
338,60,293.52173,294.32559,58
338,90,263.30933,264.15421,0
338,120,233.20679,234.00021,22
338,150,203.03833,203.87488,34
338,180,172.95776,173.774,62
338,210,142.8772,143.70724,26
338,240,112.45605,113.28424,54
338,270,81.89209,82.69186,58
338,300,51.73462,52.55489,10
338,330,22.02759,22.86982,42
339,0,352.49634,353.30716,42
339,30,323.12988,323.98563,8
339,60,293.49976,294.33084,52
339,90,263.34229,264.15652,2
339,120,233.21777,234.00804,22
339,150,203.04932,203.88264,36
339,180,172.99072,173.78673,2
339,210,142.8772,143.70622,26
339,240,112.47803,113.28774,60
339,270,81.84814,82.69487,52
339,300,51.70166,52.55664,4
339,330,22.04956,22.86479,46
340,0,352.46338,353.29785,38
340,30,323.15186,323.97839,14
340,60,293.45581,294.31793,46
340,90,263.34229,264.15439,4
340,120,233.18481,234.00182,18
340,150,203.04932,203.87558,36
340,180,172.93579,173.78169,58
340,210,142.8772,143.70999,26
340,240,112.48901,113.28774,60
340,270,81.82617,82.69785,50
340,300,51.73462,52.55993,10
340,330,22.02759,22.8747,42
341,0,352.50732,353.31183,46
341,30,323.17383,323.98544,16
341,60,293.48877,294.33337,52
341,90,263.34229,264.15863,4
341,120,233.17383,234.00787,16
341,150,203.07129,203.87906,38
341,180,172.94678,173.77943,62
341,210,142.8772,143.70818,26
341,240,112.43408,113.27782,50
341,270,81.8811,82.68414,58
341,300,51.73462,52.55374,8
341,330,22.02759,22.8735,42
342,0,352.47437,353.3136,38
342,30,323.17383,323.98422,14
342,60,293.52173,294.33121,58
342,90,263.34229,264.16083,4
342,120,233.15186,234.00777,12
342,150,203.07129,203.8765,42
342,180,172.95776,173.77895,62
342,210,142.8772,143.70935,26
342,240,112.44507,113.286,54
342,270,81.85913,82.69486,54
342,300,51.73462,52.55897,10
342,330,22.07153,22.87175,48
343,0,352.47437,353.3107,38
343,30,323.17383,323.98825,16
343,60,293.47778,294.32855,50
343,90,263.34229,264.15552,4
343,120,233.20679,234.0041,20
343,150,203.07129,203.88116,40
343,180,172.96875,173.77222,0
343,210,142.92114,143.71455,32
343,240,112.47803,113.28534,60
343,270,81.8811,82.69337,56
343,300,51.73462,52.55697,8
343,330,22.02759,22.87747,44
344,0,352.48535,353.31656,42
344,30,323.15186,323.99832,12
344,60,293.53271,294.3349,60
344,90,263.34229,264.15958,4
344,120,233.20679,234.01079,22
344,150,203.07129,203.88072,40
344,180,172.99072,173.76294,4
344,210,142.8772,143.71507,26
344,240,112.44507,113.28648,54
344,270,81.8811,82.68951,58
344,300,51.73462,52.5585,8
344,330,22.06055,22.87546,48
345,0,352.47437,353.31586,38
345,30,323.15186,323.99338,12
345,60,293.52173,294.33347,58
345,90,263.35327,264.16287,6
345,120,233.20679,234.00934,22
345,150,203.08228,203.88385,40
345,180,172.95776,173.78154,62
345,210,142.89917,143.71358,30
345,240,112.44507,113.28963,54
345,270,81.89209,82.69626,58
345,300,51.75659,52.56377,14
345,330,22.06055,22.87626,48
346,0,352.48535,353.3165,38
346,30,323.17383,323.99066,16
346,60,293.48877,294.33566,52
346,90,263.34229,264.16006,6
346,120,233.17383,234.01141,16
346,150,203.03833,203.87885,34
346,180,172.9248,173.78133,56
346,210,142.89917,143.7081,30
346,240,112.47803,113.28249,58
346,270,81.8811,82.69032,60
346,300,51.74561,52.56221,10
346,330,22.03857,22.87816,44
347,0,352.50732,353.31973,44
347,30,323.14087,323.98926,10
347,60,293.52173,294.33844,58
347,90,263.34229,264.1651,4
347,120,233.15186,234.0163,12
347,150,203.07129,203.88425,40
347,180,172.94678,173.78441,58
347,210,142.88818,143.71056,28
347,240,112.47803,113.28724,60
347,270,81.85913,82.69753,56
347,300,51.76758,52.55808,16
347,330,22.06055,22.86921,48
348,0,352.47437,353.31274,42
348,30,323.14087,323.98636,10
348,60,293.49976,294.32593,54
348,90,263.32031,264.15833,0
348,120,233.15186,234.00848,12
348,150,203.07129,203.88217,38
348,180,172.9248,173.77353,56
348,210,142.92114,143.71898,34
348,240,112.47803,113.29318,60
348,270,81.8811,82.70246,58
348,300,51.73462,52.57011,10
348,330,22.02759,22.8795,42
349,0,352.50732,353.31744,44
349,30,323.14087,323.99368,10
349,60,293.48877,294.33963,52
349,90,263.34229,264.16302,6
349,120,233.18481,234.00659,18
349,150,203.03833,203.87904,34
349,180,172.93579,173.76743,60
349,210,142.8772,143.71056,26
349,240,112.44507,113.29187,54
349,270,81.87012,82.69431,56
349,300,51.69067,52.5597,4
349,330,22.03857,22.87782,46
350,0,352.48535,353.31534,40
350,30,323.14087,323.99323,10
350,60,293.52173,294.33646,58
350,90,263.35327,264.16263,6
350,120,233.15186,234.01567,12
350,150,203.03833,203.8873,34
350,180,172.96875,173.77454,0
350,210,142.86621,143.71768,22
350,240,112.47803,113.29167,60
350,270,81.85913,82.6982,56
350,300,51.73462,52.55561,10
350,330,22.04956,22.8731,44
351,0,352.49634,353.31305,42
351,30,323.14087,323.98541,10
351,60,293.52173,294.32858,58
351,90,263.28735,264.15866,58
351,120,233.17383,234.00958,18
351,150,203.03833,203.88455,34
351,180,172.95776,173.77324,62
351,210,142.91016,143.71634,30
351,240,112.44507,113.2901,54
351,270,81.8811,82.69518,58
351,300,51.73462,52.56119,12
351,330,22.02759,22.87704,44
352,0,352.50732,353.31769,44
352,30,323.15186,323.99237,12
352,60,293.52173,294.33826,58
352,90,263.37524,264.17761,8
352,120,233.16284,234.033,16
352,150,203.07129,203.89432,40
352,180,172.94678,173.79399,60
352,210,142.88818,143.69501,28
352,240,112.44507,113.28001,54
352,270,81.87012,82.68702,54
352,300,51.74561,52.56142,12
352,330,22.06055,22.87727,50
353,0,352.47437,353.31952,38
353,30,323.1189,323.98923,4
353,60,293.49976,294.34134,52
353,90,263.36426,264.17725,8
353,120,233.22876,234.03625,26
353,150,203.04932,203.89471,36
353,180,172.96875,173.80139,0
353,210,142.91016,143.71051,30
353,240,112.47803,113.28685,58
353,270,81.8811,82.69033,58
353,300,51.76758,52.57149,16
353,330,22.06055,22.88126,48
354,0,352.49634,353.31973,44
354,30,323.17383,323.99353,16
354,60,293.51074,294.34189,58
354,90,263.30933,264.17294,62
354,120,233.21777,234.02477,22
354,150,203.07129,203.88892,40
354,180,172.96875,173.79141,62
354,210,142.86621,143.7036,24
354,240,112.44507,113.28966,54
354,270,81.85913,82.69109,54
354,300,51.73462,52.56973,8
354,330,22.03857,22.88625,44
355,0,352.46338,353.32544,36
355,30,323.17383,323.99908,16
355,60,293.47778,294.34155,48
355,90,263.36426,264.18808,8
355,120,233.21777,234.04628,24
355,150,203.07129,203.90163,40
355,180,172.95776,173.80321,62
355,210,142.8772,143.71169,28
355,240,112.47803,113.29203,60
355,270,81.84814,82.69476,54
355,300,51.76758,52.56808,16
355,330,22.03857,22.88882,44
356,0,352.47437,353.32385,38
356,30,323.17383,323.98978,16
356,60,293.49976,294.34363,54
356,90,263.36426,264.18115,10
356,120,233.21777,234.04773,26
356,150,203.0603,203.90198,38
356,180,172.95776,173.80324,62
356,210,142.88818,143.70638,30
356,240,112.44507,113.29942,54
356,270,81.84814,82.70522,52
356,300,51.74561,52.57727,10
356,330,22.04956,22.89231,46
357,0,352.50732,353.32565,44
357,30,323.17383,323.99503,16
357,60,293.48877,294.34482,52
357,90,263.35327,264.18143,4
357,120,233.21777,234.04349,24
357,150,203.08228,203.90182,40
357,180,172.9248,173.80417,56
357,210,142.85522,143.71066,22
357,240,112.46704,113.29728,58
357,270,81.89209,82.69701,60
357,300,51.72363,52.56797,8
357,330,22.07153,22.89198,50
358,0,352.47437,353.32794,38
358,30,323.16284,323.99731,14
358,60,293.52173,294.34851,58
358,90,263.36426,264.18832,8
358,120,233.21777,234.0533,24
358,150,203.08228,203.91396,44
358,180,172.97974,173.80882,4
358,210,142.8772,143.71469,26
358,240,112.44507,113.30026,54
358,270,81.87012,82.70337,60
358,300,51.73462,52.57279,10
358,330,22.07153,22.88967,50
359,0,352.46338,353.32678,36
359,30,323.14087,323.99927,10
359,60,293.48877,294.34238,52
359,90,263.3313,264.18112,2
359,120,233.17383,234.04947,16
359,150,203.08228,203.90331,40
359,180,172.95776,173.80783,62
359,210,142.91016,143.71138,32
359,240,112.46704,113.30177,58
359,270,81.8811,82.70855,60
359,300,51.73462,52.57548,10
359,330,22.03857,22.89144,44
360,0,352.47437,353.32968,40
360,30,323.17383,324.00244,16
360,60,293.51074,294.34927,56
360,90,263.3313,264.19229,2
360,120,233.20679,234.04967,22
360,150,203.04932,203.90706,36
360,180,172.97974,173.81168,2
360,210,142.84424,143.71481,20
360,240,112.44507,113.29868,54
360,270,81.89209,82.70013,58
360,300,51.72363,52.56879,10
360,330,22.06055,22.89359,48
361,0,352.47437,353.33011,38
361,30,323.17383,324.00769,16
361,60,293.52173,294.35175,58
361,90,263.37524,264.19827,8
361,120,233.20679,234.0549,22
361,150,203.07129,203.92049,42
361,180,172.99072,173.812,4
361,210,142.86621,143.73553,24
361,240,112.47803,113.29906,58
361,270,81.8811,82.70512,58
361,300,51.73462,52.57276,10
361,330,22.06055,22.89388,48
362,0,352.48535,353.32513,40
362,30,323.14087,324.00317,10
362,60,293.52173,294.35052,58
362,90,263.35327,264.19864,8
362,120,233.21777,234.04843,26
362,150,203.08228,203.92113,42
362,180,172.94678,173.80486,58
362,210,142.86621,143.73096,22
362,240,112.44507,113.3006,54
362,270,81.85913,82.70463,52
362,300,51.73462,52.58168,8
362,330,22.02759,22.89686,42
363,0,352.46338,353.33405,36
363,30,323.14087,324.01111,10
363,60,293.49976,294.35687,54
363,90,263.36426,264.20047,8
363,120,233.20679,234.05615,22
363,150,203.09326,203.92227,44
363,180,172.95776,173.81206,62
363,210,142.85522,143.73431,22
363,240,112.47803,113.29404,58
363,270,81.85913,82.70262,54
363,300,51.73462,52.57858,10
363,330,22.06055,22.89884,48
364,0,352.45239,353.33231,34
364,30,323.14087,324.0032,10
364,60,293.52173,294.35291,58
364,90,263.36426,264.1922,8
364,120,233.21777,234.05617,24
364,150,203.04932,203.91992,36
364,180,172.97974,173.81314,2
364,210,142.8772,143.73589,26
364,240,112.44507,113.29997,54
364,270,81.89209,82.7166,60
364,300,51.70166,52.58722,4
364,330,22.06055,22.89853,50
365,0,352.47437,353.33228,38
365,30,323.16284,324.00906,12
365,60,293.48877,294.35522,52
365,90,263.36426,264.19724,10
365,120,233.16284,234.05174,14
365,150,203.08228,203.90936,40
365,180,172.94678,173.80132,60
365,210,142.92114,143.73932,34
365,240,112.45605,113.30206,58
365,270,81.89209,82.71072,58
365,300,51.73462,52.58085,10
365,330,22.06055,22.89998,46
366,0,352.47437,353.33527,38
366,30,323.18481,324.01178,18
366,60,293.48877,294.3576,52
366,90,263.36426,264.19739,10
366,120,233.1958,234.063,22
366,150,203.08228,203.9265,42
366,180,172.95776,173.81863,60
366,210,142.91016,143.73924,32
366,240,112.46704,113.30393,56
366,270,81.85913,82.71551,54
366,300,51.73462,52.58898,8
366,330,22.03857,22.90338,42
367,0,352.47437,353.33914,38
367,30,323.17383,324.01288,18
367,60,293.51074,294.35239,56
367,90,263.3313,264.1918,0
367,120,233.21777,234.05978,24
367,150,203.0603,203.92267,38
367,180,172.99072,173.8163,2
367,210,142.84424,143.72951,20
367,240,112.44507,113.31499,54
367,270,81.8811,82.7265,60
367,300,51.76758,52.5945,16
367,330,22.06055,22.91051,48
368,0,352.50732,353.34076,42
368,30,323.16284,324.01471,14
368,60,293.52173,294.35785,58
368,90,263.35327,264.1904,6
368,120,233.17383,234.06017,16
368,150,203.0603,203.91139,40
368,180,172.93579,173.81075,58
368,210,142.85522,143.7253,20
368,240,112.47803,113.31295,60
368,270,81.87012,82.71101,54
368,300,51.72363,52.58191,8
368,330,22.06055,22.90132,50
369,0,352.47437,353.34225,38
369,30,323.14087,324.01556,10
369,60,293.49976,294.36047,52
369,90,263.35327,264.18948,6
369,120,233.1958,234.06596,20
369,150,203.10425,203.92456,44
369,180,172.95776,173.82201,62
369,210,142.85522,143.73946,22
369,240,112.44507,113.31521,54
369,270,81.8811,82.72004,58
369,300,51.72363,52.58779,8
369,330,22.02759,22.90303,42
370,0,352.48535,353.34042,40
370,30,323.15186,324.0181,12
370,60,293.52173,294.35345,58
370,90,263.32031,264.18692,62
370,120,233.18481,234.05658,18
370,150,203.07129,203.91693,40
370,180,172.99072,173.81996,4
370,210,142.92114,143.73447,32
370,240,112.47803,113.31723,60
370,270,81.8811,82.72191,58
370,300,51.75659,52.58978,16
370,330,22.03857,22.90711,44
371,0,352.50732,353.34222,44
371,30,323.17383,324.02097,16
371,60,293.53271,294.36423,60
371,90,263.34229,264.18771,4
371,120,233.20679,234.05748,22
371,150,203.07129,203.9176,38
371,180,172.93579,173.82391,60
371,210,142.84424,143.73386,20
371,240,112.47803,113.3083,60
371,270,81.85913,82.71188,54
371,300,51.76758,52.58991,16
371,330,22.07153,22.90044,48
372,0,352.45239,353.34363,34
372,30,323.17383,324.02072,14
372,60,293.51074,294.36151,58
372,90,263.34229,264.19171,4
372,120,233.20679,234.06412,20
372,150,203.07129,203.92303,40
372,180,172.97974,173.82353,2
372,210,142.8772,143.74147,24
372,240,112.47803,113.313,60
372,270,81.82617,82.72344,50
372,300,51.76758,52.597,16
372,330,22.07153,22.90804,48
373,0,352.49634,353.34543,42
373,30,323.16284,324.01596,16
373,60,293.52173,294.36292,58
373,90,263.34229,264.18964,4
373,120,233.1958,234.05128,20
373,150,203.08228,203.91801,42
373,180,172.94678,173.81772,60
373,210,142.8772,143.73169,26
373,240,112.46704,113.31112,58
373,270,81.87012,82.72131,54
373,300,51.72363,52.59094,10
373,330,22.03857,22.90193,44
374,0,352.50732,353.34778,44
374,30,323.17383,324.02271,16
374,60,293.49976,294.36588,56
374,90,263.34229,264.19293,6
374,120,233.20679,234.06197,22
374,150,203.0603,203.92038,38
374,180,172.93579,173.81296,58
374,210,142.91016,143.7343,30
374,240,112.43408,113.31426,54
374,270,81.82617,82.71699,48
374,300,51.70166,52.58909,2
374,330,22.03857,22.89811,44
375,0,352.48535,353.34262,40
375,30,323.15186,324.01596,10
375,60,293.48877,294.36426,52
375,90,263.35327,264.18793,6
375,120,233.21777,234.05255,24
375,150,203.07129,203.91789,42
375,180,172.95776,173.8222,0
375,210,142.8772,143.73453,26
375,240,112.47803,113.31788,60
375,270,81.8811,82.72446,58
375,300,51.74561,52.59936,10
375,330,22.02759,22.90665,44
376,0,352.51831,353.34625,46
376,30,323.15186,324.01709,12
376,60,293.52173,294.36493,58
376,90,263.34229,264.18915,4
376,120,233.21777,234.05228,24
376,150,203.03833,203.91402,36
376,180,172.96875,173.82201,0
376,210,142.89917,143.73126,30
376,240,112.45605,113.31496,56
376,270,81.85913,82.71783,54
376,300,51.72363,52.59037,8
376,330,22.02759,22.9035,42
377,0,352.50732,353.34354,44
377,30,323.17383,324.02176,16
377,60,293.48877,294.36252,52
377,90,263.34229,264.19153,4
377,120,233.21777,234.06224,24
377,150,203.04932,203.9191,36
377,180,172.97974,173.82506,2
377,210,142.88818,143.73253,28
377,240,112.48901,113.3098,60
377,270,81.8811,82.71945,58
377,300,51.72363,52.5885,8
377,330,22.00562,22.89885,40
378,0,352.47437,353.34158,38
378,30,323.16284,324.00955,16
378,60,293.47778,294.362,50
378,90,263.34229,264.18625,4
378,120,233.16284,234.05153,14
378,150,203.07129,203.91628,42
378,180,172.97974,173.82344,4
378,210,142.91016,143.73691,32
378,240,112.44507,113.31613,54
378,270,81.8811,82.72546,58
378,300,51.77856,52.6,18
378,330,22.06055,22.90731,48
379,0,352.51831,353.34705,46
379,30,323.17383,324.02213,16
379,60,293.51074,294.36584,54
379,90,263.34229,264.19135,4
379,120,233.20679,234.05029,22
379,150,203.07129,203.91534,40
379,180,172.95776,173.82036,0
379,210,142.91016,143.73364,32
379,240,112.44507,113.31271,56
379,270,81.87012,82.71483,58
379,300,51.73462,52.59219,10
379,330,22.06055,22.9026,46
380,0,352.47437,353.34769,38
380,30,323.17383,324.01767,16
380,60,293.48877,294.36493,52
380,90,263.32031,264.19092,0
380,120,233.18481,234.06073,18
380,150,203.07129,203.92187,40
380,180,172.97974,173.82434,0
380,210,142.88818,143.74196,28
380,240,112.44507,113.31748,54
380,270,81.8811,82.7218,56
380,300,51.71265,52.59663,6
380,330,22.06055,22.90556,48
381,0,352.50732,353.34299,44
381,30,323.12988,324.01794,8
381,60,293.48877,294.36316,52
381,90,263.34229,264.18857,4
381,120,233.18481,234.0499,18
381,150,203.04932,203.91672,34
381,180,172.96875,173.82634,0
381,210,142.91016,143.73764,32
381,240,112.44507,113.31611,54
381,270,81.85913,82.72215,52
381,300,51.74561,52.59249,12
381,330,22.07153,22.90677,48
382,0,352.50732,353.34747,44
382,30,323.14087,324.02515,12
382,60,293.52173,294.36865,58
382,90,263.35327,264.20444,6
382,120,233.20679,234.06329,20
382,150,203.07129,203.92259,40
382,180,172.99072,173.82761,4
382,210,142.84424,143.73152,20
382,240,112.46704,113.30968,56
382,270,81.82617,82.71535,50
382,300,51.72363,52.59431,8
382,330,22.03857,22.90809,44
383,0,352.47437,353.34488,38
383,30,323.17383,324.02124,16
383,60,293.48877,294.36359,50
383,90,263.34229,264.19995,4
383,120,233.21777,234.07257,26
383,150,203.04932,203.93027,36
383,180,172.97974,173.82381,2
383,210,142.8772,143.7431,26
383,240,112.43408,113.31278,52
383,270,81.85913,82.72691,54
383,300,51.76758,52.60631,16
383,330,22.07153,22.91319,52
384,0,352.47437,353.34601,38
384,30,323.14087,324.01941,10
384,60,293.47778,294.37247,50
384,90,263.3313,264.20792,2
384,120,233.21777,234.06091,26
384,150,203.08228,203.92761,42
384,180,172.95776,173.81694,0
384,210,142.91016,143.75206,32
384,240,112.44507,113.30827,54
384,270,81.84814,82.72064,52
384,300,51.76758,52.59862,16
384,330,22.03857,22.91364,44
385,0,352.49634,353.35205,42
385,30,323.17383,324.02661,16
385,60,293.48877,294.37299,52
385,90,263.36426,264.20822,8
385,120,233.20679,234.06421,24
385,150,203.03833,203.93571,34
385,180,172.99072,173.82791,2
385,210,142.92114,143.75919,34
385,240,112.47803,113.32079,60
385,270,81.83716,82.7248,50
385,300,51.74561,52.6064,10
385,330,22.03857,22.91191,44
386,0,352.47437,353.34543,38
386,30,323.12988,324.01923,8
386,60,293.49976,294.36957,54
386,90,263.36426,264.20062,8
386,120,233.20679,234.06107,24
386,150,203.10425,203.93243,46
386,180,172.9248,173.8213,56
386,210,142.8772,143.75804,26
386,240,112.47803,113.32018,60
386,270,81.85913,82.73195,54
386,300,51.76758,52.60889,18
386,330,22.07153,22.91824,48
387,0,352.47437,353.34995,38
387,30,323.17383,324.02704,16
387,60,293.48877,294.37384,52
387,90,263.3313,264.21078,2
387,120,233.21777,234.06598,24
387,150,203.07129,203.93539,38
387,180,172.9248,173.82095,58
387,210,142.8772,143.75604,28
387,240,112.4231,113.30566,48
387,270,81.87012,82.72243,58
387,300,51.73462,52.60316,10
387,330,22.06055,22.91652,50
388,0,352.48535,353.34348,38
388,30,323.18481,324.02649,16
388,60,293.52173,294.37332,58
388,90,263.35327,264.22079,8
388,120,233.18481,234.07852,18
388,150,203.07129,203.94548,40
388,180,172.9248,173.82777,56
388,210,142.94312,143.77528,38
388,240,112.43408,113.31455,54
388,270,81.8811,82.73483,58
388,300,51.69067,52.61174,2
388,330,22.03857,22.91815,42
389,0,352.50732,353.34393,44
389,30,323.15186,324.02777,12
389,60,293.49976,294.3645,54
389,90,263.35327,264.20575,6
389,120,233.18481,234.06866,18
389,150,203.07129,203.93419,40
389,180,172.96875,173.8282,2
389,210,142.92114,143.7709,34
389,240,112.46704,113.31976,60
389,270,81.85913,82.73438,56
389,300,51.77856,52.60814,16
389,330,22.06055,22.92186,50
390,0,352.45239,353.35385,34
390,30,323.16284,324.03043,16
390,60,293.52173,294.37915,58
390,90,263.36426,264.2225,8
390,120,233.25073,234.07777,30
390,150,203.10425,203.94344,48
390,180,172.97974,173.83202,2
390,210,142.88818,143.77249,26
390,240,112.44507,113.3117,54
390,270,81.82617,82.72051,50
390,300,51.73462,52.60282,10
390,330,22.04956,22.92047,46
391,0,352.49634,353.34265,42
391,30,323.17383,324.02737,16
391,60,293.48877,294.379,52
391,90,263.37524,264.22861,10
391,120,233.21777,234.08435,22
391,150,203.10425,203.95224,46
391,180,172.95776,173.83162,62
391,210,142.91016,143.77588,34
391,240,112.44507,113.3203,54
391,270,81.84814,82.73643,52
391,300,51.75659,52.6051,16
391,330,22.07153,22.92277,48
392,0,352.45239,353.34616,34
392,30,323.17383,324.03427,16
392,60,293.49976,294.38162,54
392,90,263.36426,264.22537,8
392,120,233.18481,234.08365,20
392,150,203.03833,203.94096,34
392,180,172.96875,173.81905,0
392,210,142.91016,143.76686,32
392,240,112.43408,113.31902,54
392,270,81.83716,82.73499,52
392,300,51.76758,52.6079,16
392,330,22.02759,22.9238,44
393,0,352.49634,353.35556,40
393,30,323.17383,324.04404,16
393,60,293.48877,294.38464,52
393,90,263.3313,264.23193,2
393,120,233.20679,234.08308,22
393,150,203.04932,203.94247,36
393,180,172.94678,173.83638,60
393,210,142.89917,143.78052,30
393,240,112.44507,113.32819,54
393,270,81.85913,82.73941,54
393,300,51.73462,52.60843,10
393,330,22.03857,22.92704,44
394,0,352.48535,353.35492,40
394,30,323.17383,324.03397,16
394,60,293.47778,294.37872,50
394,90,263.36426,264.2287,6
394,120,233.17383,234.08232,16
394,150,203.08228,203.9472,42
394,180,172.93579,173.83984,58
394,210,142.92114,143.77971,34
394,240,112.4231,113.33134,48
394,270,81.87012,82.74385,56
394,300,51.76758,52.62144,18
394,330,22.07153,22.93167,50
395,0,352.50732,353.36856,44
395,30,323.17383,324.04211,16
395,60,293.4668,294.38974,52
395,90,263.36426,264.2287,8
395,120,233.20679,234.0786,24
395,150,203.08228,203.94443,40
395,180,172.95776,173.82803,62
395,210,142.86621,143.76955,24
395,240,112.44507,113.33762,54
395,270,81.85913,82.74313,54
395,300,51.73462,52.61858,12
395,330,22.06055,22.93008,50
396,0,352.47437,353.36716,38
396,30,323.14087,324.04483,10
396,60,293.48877,294.3894,52
396,90,263.34229,264.22562,6
396,120,233.1958,234.08446,20
396,150,203.08228,203.9464,42
396,180,172.95776,173.84511,62
396,210,142.92114,143.77812,36
396,240,112.44507,113.34157,54
396,270,81.8811,82.75628,56
396,300,51.76758,52.62267,18
396,330,22.02759,22.93277,42
397,0,352.50732,353.36829,44
397,30,323.14087,324.04025,10
397,60,293.52173,294.38638,60
397,90,263.30933,264.21689,62
397,120,233.16284,234.07549,18
397,150,203.07129,203.94849,40
397,180,172.95776,173.84842,62
397,210,142.88818,143.77248,28
397,240,112.47803,113.34166,60
397,270,81.8811,82.75299,56
397,300,51.74561,52.62741,12
397,330,22.07153,22.93589,50
398,0,352.50732,353.3718,44
398,30,323.17383,324.03867,16
398,60,293.48877,294.39023,52
398,90,263.30933,264.22003,0
398,120,233.18481,234.08644,18
398,150,203.07129,203.94838,42
398,180,172.94678,173.84386,60
398,210,142.89917,143.75769,32
398,240,112.47803,113.34337,60
398,270,81.84814,82.74538,54
398,300,51.72363,52.61496,8
398,330,22.07153,22.93088,48
399,0,352.47437,353.3671,40
399,30,323.17383,324.04202,16
399,60,293.48877,294.38135,52
399,90,263.35327,264.21957,6
399,120,233.20679,234.09026,22
399,150,203.09326,203.95509,44
399,180,172.97974,173.85068,2
399,210,142.91016,143.76378,32
399,240,112.44507,113.34364,54
399,270,81.8811,82.75256,60
399,300,51.72363,52.61757,8
399,330,22.03857,22.93124,44
400,0,352.45239,353.3714,34
400,30,323.17383,324.03036,16
400,60,293.47778,294.37692,52
400,90,263.3313,264.21057,2
400,120,233.20679,234.08417,22
400,150,203.07129,203.94917,38
400,180,172.93579,173.84486,58
400,210,142.8772,143.75667,26
400,240,112.44507,113.34116,54
400,270,81.8811,82.74986,58
400,300,51.76758,52.61848,16
400,330,22.07153,22.93388,50
401,0,352.47437,353.36807,40
401,30,323.17383,324.05008,16
401,60,293.48877,294.39023,52
401,90,263.37524,264.23175,8
401,120,233.20679,234.0889,22
401,150,203.03833,203.9473,34
401,180,172.94678,173.84436,60
401,210,142.8772,143.77811,26
401,240,112.44507,113.33845,54
401,270,81.83716,82.73997,50
401,300,51.73462,52.61698,10
401,330,22.06055,22.92939,50
402,0,352.49634,353.3671,42
402,30,323.17383,324.04126,16
402,60,293.53271,294.38824,58
402,90,263.35327,264.21924,6
402,120,233.20679,234.09409,22
402,150,203.04932,203.95598,34
402,180,172.9248,173.84532,56
402,210,142.84424,143.76549,20
402,240,112.48901,113.34641,60
402,270,81.85913,82.75104,54
402,300,51.73462,52.62318,8
402,330,22.03857,22.93803,44
403,0,352.45239,353.37155,34
403,30,323.17383,324.04687,16
403,60,293.48877,294.39008,52
403,90,263.3313,264.22421,2
403,120,233.20679,234.08376,22
403,150,203.08228,203.94722,42
403,180,172.95776,173.84084,62
403,210,142.8772,143.76053,26
403,240,112.43408,113.34282,52
403,270,81.85913,82.75458,54
403,300,51.73462,52.61797,10
403,330,22.07153,22.93714,48
404,0,352.50732,353.37396,42
404,30,323.18481,324.05176,16
404,60,293.53271,294.39441,58
404,90,263.36426,264.23587,10
404,120,233.1958,234.08742,20
404,150,203.08228,203.95448,42
404,180,172.99072,173.85226,4
404,210,142.89917,143.77718,32
404,240,112.45605,113.3372,54
404,270,81.87012,82.75092,54
404,300,51.70166,52.62337,4
404,330,22.04956,22.93864,48
405,0,352.50732,353.3707,44
405,30,323.1189,324.0437,6
405,60,293.48877,294.3877,52
405,90,263.34229,264.22104,4
405,120,233.20679,234.08128,22
405,150,203.07129,203.9496,42
405,180,172.96875,173.84561,0
405,210,142.86621,143.77612,24
405,240,112.44507,113.34075,54
405,270,81.87012,82.75391,56
405,300,51.73462,52.63065,10
405,330,22.04956,22.941,46
406,0,352.49634,353.37579,44
406,30,323.17383,324.05188,16
406,60,293.48877,294.39526,52
406,90,263.3313,264.22784,2
406,120,233.20679,234.08508,24
406,150,203.08228,203.94916,40
406,180,172.95776,173.83958,0
406,210,142.8772,143.77742,26
406,240,112.44507,113.34195,54
406,270,81.87012,82.75294,56
406,300,51.74561,52.62386,12
406,330,22.03857,22.93805,44
407,0,352.47437,353.37457,38
407,30,323.17383,324.05176,16
407,60,293.53271,294.39413,60
407,90,263.34229,264.2276,4
407,120,233.21777,234.09477,24
407,150,203.0603,203.96162,38
407,180,172.97974,173.85405,2
407,210,142.89917,143.77588,30
407,240,112.44507,113.34654,56
407,270,81.8811,82.75513,58
407,300,51.73462,52.62808,8
407,330,22.07153,22.9375,50
408,0,352.47437,353.37061,38
408,30,323.17383,324.03931,18
408,60,293.52173,294.38968,58
408,90,263.34229,264.22165,4
408,120,233.17383,234.0863,18
408,150,203.08228,203.95601,42
408,180,172.99072,173.85115,2
408,210,142.8772,143.76541,26
408,240,112.46704,113.34835,58
408,270,81.8811,82.7601,58
408,300,51.77856,52.62936,18
408,330,22.07153,22.94303,50
409,0,352.48535,353.37924,40
409,30,323.17383,324.05139,16
409,60,293.52173,294.39548,58
409,90,263.3313,264.23465,2
409,120,233.21777,234.09888,24
409,150,203.08228,203.94994,40
409,180,172.95776,173.85316,62
409,210,142.88818,143.76506,28
409,240,112.45605,113.35212,56
409,270,81.8811,82.74732,58
409,300,51.73462,52.61871,10
409,330,22.03857,22.93836,44
410,0,352.47437,353.3735,38
410,30,323.17383,324.04193,14
410,60,293.48877,294.39539,52
410,90,263.34229,264.23254,4
410,120,233.21777,234.09912,26
410,150,203.07129,203.95563,40
410,180,172.97974,173.8535,4
410,210,142.89917,143.78651,32
410,240,112.44507,113.34073,54
410,270,81.85913,82.75108,54
410,300,51.70166,52.62846,4
410,330,22.03857,22.94043,44
411,0,352.47437,353.37238,38
411,30,323.15186,324.05637,12
411,60,293.48877,294.40094,52
411,90,263.34229,264.2475,4
411,120,233.18481,234.12259,18
411,150,203.07129,203.96344,42
411,180,172.91382,173.83044,54
411,210,142.89917,143.77792,30
411,240,112.45605,113.33178,56
411,270,81.85913,82.74467,54
411,300,51.73462,52.63805,10
411,330,22.07153,22.94418,50
412,0,352.47437,353.36893,38
412,30,323.17383,324.07153,16
412,60,293.53271,294.40579,0
412,90,263.32031,264.25552,0
412,120,233.25073,234.13765,30
412,150,203.07129,203.9792,40
412,180,172.90283,173.83311,52
412,210,142.91016,143.78073,34
412,240,112.44507,113.32723,54
412,270,81.85913,82.74181,56
412,300,51.76758,52.64808,16
412,330,22.02759,22.9477,44
413,0,352.48535,353.35925,42
413,30,323.17383,324.06137,16
413,60,293.52173,294.40887,58
413,90,263.35327,264.26151,6
413,120,233.26172,234.13525,30
413,150,203.04932,203.96651,38
413,180,172.95776,173.82831,62
413,210,142.89917,143.78104,32
413,240,112.4231,113.32692,48
413,270,81.84814,82.74403,52
413,300,51.75659,52.66087,14
413,330,22.07153,22.95002,50
414,0,352.45239,353.36801,34
414,30,323.17383,324.06134,16
414,60,293.53271,294.41165,60
414,90,263.36426,264.27774,8
414,120,233.22876,234.14732,26
414,150,203.08228,203.96759,42
414,180,172.9248,173.82544,56
414,210,142.88818,143.76909,28
414,240,112.44507,113.3267,52
414,270,81.83716,82.74783,50
414,300,51.80054,52.66536,22
414,330,22.07153,22.9558,50
415,0,352.49634,353.35739,40
415,30,323.18481,324.06989,16
415,60,293.53271,294.41147,60
415,90,263.36426,264.28564,8
415,120,233.25073,234.14848,30
415,150,203.10425,203.98074,46
415,180,172.9248,173.83014,56
415,210,142.84424,143.77983,20
415,240,112.44507,113.33137,54
415,270,81.83716,82.74883,48
415,300,51.73462,52.67015,10
415,330,22.09351,22.96295,52
416,0,352.46338,353.35526,36
416,30,323.15186,324.08713,12
416,60,293.52173,294.40845,58
416,90,263.37524,264.27216,10
416,120,233.26172,234.15031,32
416,150,203.08228,203.96552,42
416,180,172.90283,173.82602,52
416,210,142.8772,143.77209,26
416,240,112.43408,113.3251,52
416,270,81.83716,82.74985,50
416,300,51.76758,52.68269,16
416,330,22.09351,22.97238,52
417,0,352.47437,353.36389,38
417,30,323.18481,324.09634,16
417,60,293.52173,294.4129,60
417,90,263.39722,264.28754,14
417,120,233.25073,234.16222,30
417,150,203.0603,203.9735,38
417,180,172.9248,173.83311,56
417,210,142.88818,143.77148,26
417,240,112.40112,113.32404,46
417,270,81.85913,82.74896,52
417,300,51.73462,52.68079,10
417,330,22.06055,22.9645,50
418,0,352.45239,353.35995,36
418,30,323.1958,324.10132,20
418,60,293.52173,294.41577,58
418,90,263.37524,264.29175,8
418,120,233.25073,234.17247,32
418,150,203.10425,203.98813,48
418,180,172.9248,173.84195,56
418,210,142.88818,143.78117,30
418,240,112.41211,113.33002,48
418,270,81.87012,82.7533,54
418,300,51.74561,52.68568,14
418,330,22.07153,22.97367,50
419,0,352.45239,353.37039,34
419,30,323.17383,324.10464,16
419,60,293.52173,294.42133,58
419,90,263.36426,264.2908,8
419,120,233.29468,234.1796,38
419,150,203.08228,203.98138,42
419,180,172.89185,173.83731,52
419,210,142.8772,143.77739,28
419,240,112.43408,113.326,52
419,270,81.84814,82.75597,50
419,300,51.77856,52.69653,18
419,330,22.06055,22.97295,48
420,0,352.45239,353.36465,34
420,30,323.1958,324.11334,18
420,60,293.52173,294.41913,58
420,90,263.4082,264.2999,14
420,120,233.27271,234.18935,34
420,150,203.09326,203.99046,46
420,180,172.93579,173.83916,56
420,210,142.88818,143.78957,30
420,240,112.39014,113.32858,44
420,270,81.85913,82.75722,54
420,300,51.80054,52.69075,22
420,330,22.07153,22.96991,50
421,0,352.45239,353.3634,34
421,30,323.16284,324.1134,16
421,60,293.51074,294.41968,56
421,90,263.36426,264.2999,8
421,120,233.26172,234.18558,30
421,150,203.04932,203.99022,36
421,180,172.93579,173.84294,58
421,210,142.89917,143.79091,30
421,240,112.44507,113.33192,54
421,270,81.82617,82.7617,48
421,300,51.80054,52.70116,22
421,330,22.07153,22.97487,50
422,0,352.47437,353.36411,40
422,30,323.25073,324.12497,30
422,60,293.52173,294.4245,58
422,90,263.39722,264.30307,14
422,120,233.29468,234.19336,38
422,150,203.08228,203.99213,42
422,180,172.9248,173.83292,56
422,210,142.8772,143.78807,26
422,240,112.4231,113.32123,48
422,270,81.85913,82.76265,54
422,300,51.76758,52.70452,16
422,330,22.08252,22.98101,52
423,0,352.47437,353.37634,38
423,30,323.23975,324.12869,28
423,60,293.48877,294.43134,52
423,90,263.36426,264.30737,8
423,120,233.28369,234.19919,38
423,150,203.0603,204.00182,40
423,180,172.95776,173.85083,62
423,210,142.89917,143.79974,32
423,240,112.41211,113.33417,48
423,270,81.82617,82.76562,48
423,300,51.76758,52.70547,16
423,330,22.06055,22.98512,48
424,0,352.45239,353.37704,34
424,30,323.20679,324.12738,26
424,60,293.48877,294.42294,54
424,90,263.39722,264.30289,14
424,120,233.25073,234.19907,32
424,150,203.08228,203.99573,42
424,180,172.9248,173.84428,56
424,210,142.8772,143.80386,26
424,240,112.37915,113.33406,42
424,270,81.82617,82.76978,48
424,300,51.80054,52.71513,22
424,330,22.02759,22.98557,44
425,0,352.45239,353.38635,34
425,30,323.18481,324.14523,18
425,60,293.51074,294.4346,54
425,90,263.36426,264.31415,8
425,120,233.29468,234.20964,38
425,150,203.07129,204.00966,40
425,180,172.9248,173.84114,56
425,210,142.86621,143.80673,24
425,240,112.41211,113.33183,48
425,270,81.85913,82.77345,54
425,300,51.78955,52.71562,22
425,330,22.06055,22.98306,48
426,0,352.48535,353.3858,40
426,30,323.1958,324.14005,22
426,60,293.53271,294.43594,58
426,90,263.36426,264.31595,8
426,120,233.28369,234.21194,34
426,150,203.07129,204.0078,42
426,180,172.95776,173.86047,62
426,210,142.8772,143.80821,26
426,240,112.43408,113.34461,52
426,270,81.84814,82.77584,54
426,300,51.80054,52.72264,22
426,330,22.07153,22.99132,50
427,0,352.46338,353.38617,36
427,30,323.17383,324.13898,16
427,60,293.52173,294.43433,58
427,90,263.37524,264.32251,10
427,120,233.29468,234.21004,38
427,150,203.07129,204.00958,42
427,180,172.95776,173.85454,62
427,210,142.8772,143.80528,26
427,240,112.44507,113.34653,54
427,270,81.83716,82.78041,48
427,300,51.81152,52.72459,24
427,330,22.07153,22.99149,50
428,0,352.47437,353.39429,38
428,30,323.25073,324.15286,30
428,60,293.48877,294.44662,52
428,90,263.39722,264.32513,14
428,120,233.29468,234.21965,38
428,150,203.08228,204.02444,42
428,180,172.89185,173.85869,50
428,210,142.8772,143.8217,28
428,240,112.4231,113.34726,50
428,270,81.87012,82.78107,56
428,300,51.74561,52.72368,12
428,330,22.07153,22.99014,48
429,0,352.45239,353.38815,34
429,30,323.1958,324.14703,20
429,60,293.49976,294.44717,56
429,90,263.36426,264.32611,8
429,120,233.30566,234.2222,38
429,150,203.10425,204.0294,48
429,180,172.94678,173.86334,60
429,210,142.8772,143.82089,26
429,240,112.39014,113.35748,48
429,270,81.8042,82.78356,42
429,300,51.82251,52.73014,26
429,330,22.06055,22.99527,50
430,0,352.46338,353.39963,36
430,30,323.20679,324.14954,20
430,60,293.53271,294.45148,58
430,90,263.36426,264.32816,8
430,120,233.29468,234.2258,36
430,150,203.10425,204.02953,48
430,180,172.90283,173.86113,50
430,210,142.89917,143.81766,30
430,240,112.37915,113.34876,42
430,270,81.82617,82.78879,48
430,300,51.78955,52.73353,20
430,330,22.03857,22.996,44
431,0,352.47437,353.39667,38
431,30,323.22876,324.16476,28
431,60,293.51074,294.45615,56
431,90,263.37524,264.33307,8
431,120,233.29468,234.23427,38
431,150,203.10425,204.03532,48
431,180,172.86987,173.86603,48
431,210,142.88818,143.82593,30
431,240,112.4231,113.35105,50
431,270,81.85913,82.79263,52
431,300,51.80054,52.73563,22
431,330,22.06055,22.99655,50
432,0,352.47437,353.40353,40
432,30,323.21777,324.16238,22
432,60,293.52173,294.45422,58
432,90,263.36426,264.33426,8
432,120,233.29468,234.22861,38
432,150,203.07129,204.03371,40
432,180,172.90283,173.86359,52
432,210,142.91016,143.8309,32
432,240,112.39014,113.35494,44
432,270,81.8811,82.79489,58
432,300,51.80054,52.74131,22
432,330,22.06055,23.009,48
433,0,352.49634,353.41046,40
433,30,323.22876,324.18112,24
433,60,293.52173,294.46173,58
433,90,263.37524,264.33899,8
433,120,233.30566,234.23441,40
433,150,203.08228,204.0298,42
433,180,172.91382,173.86504,56
433,210,142.89917,143.83574,28
433,240,112.37915,113.35748,44
433,270,81.83716,82.79565,50
433,300,51.75659,52.73663,16
433,330,22.06055,23.00318,48
434,0,352.47437,353.40753,36
434,30,323.25073,324.17926,28
434,60,293.52173,294.46512,60
434,90,263.39722,264.33966,14
434,120,233.30566,234.24239,38
434,150,203.10425,204.0414,48
434,180,172.9248,173.87672,54
434,210,142.89917,143.83708,30
434,240,112.40112,113.3643,44
434,270,81.83716,82.80167,50
434,300,51.80054,52.74585,22
434,330,22.08252,23.00977,50
435,0,352.47437,353.40805,38
435,30,323.23975,324.16901,28
435,60,293.48877,294.46198,52
435,90,263.37524,264.3429,10
435,120,233.29468,234.2393,38
435,150,203.07129,204.04033,40
435,180,172.9248,173.87531,56
435,210,142.8772,143.83571,28
435,240,112.39014,113.36465,44
435,270,81.82617,82.7999,48
435,300,51.81152,52.75212,24
435,330,22.02759,23.01833,42
436,0,352.45239,353.41708,34
436,30,323.23975,324.18091,28
436,60,293.52173,294.47012,58
436,90,263.39722,264.34924,14
436,120,233.31665,234.25552,42
436,150,203.09326,204.04083,46
436,180,172.93579,173.87318,58
436,210,142.85522,143.83803,22
436,240,112.37915,113.36221,44
436,270,81.82617,82.80082,48
436,300,51.76758,52.74377,16
436,330,22.04956,23.01281,46
437,0,352.48535,353.41177,40
437,30,323.23975,324.17264,28
437,60,293.51074,294.46976,58
437,90,263.39722,264.34686,14
437,120,233.30566,234.25432,40
437,150,203.10425,204.05011,48
437,180,172.94678,173.8887,60
437,210,142.84424,143.84708,20
437,240,112.44507,113.38754,54
437,270,81.84814,82.812,52
437,300,51.77856,52.76219,16
437,330,22.07153,23.01942,50
438,0,352.48535,353.42499,38
438,30,323.20679,324.18106,24
438,60,293.4668,294.46075,50
438,90,263.36426,264.35028,8
438,120,233.32764,234.25783,44
438,150,203.11523,204.05321,48
438,180,172.9248,173.8849,56
438,210,142.89917,143.84935,32
438,240,112.43408,113.37585,52
438,270,81.82617,82.81301,50
438,300,51.75659,52.76653,14
438,330,22.07153,23.02431,50
439,0,352.50732,353.42966,44
439,30,323.23975,324.18719,28
439,60,293.47778,294.47864,50
439,90,263.38623,264.35919,10
439,120,233.30566,234.26866,40
439,150,203.10425,204.054,46
439,180,172.94678,173.88727,60
439,210,142.84424,143.85144,20
439,240,112.4231,113.38347,50
439,270,81.82617,82.81228,48
439,300,51.77856,52.75755,16
439,330,22.02759,23.01967,44
440,0,352.41943,353.42447,28
440,30,323.1958,324.18723,20
440,60,293.48877,294.47134,52
440,90,263.36426,264.35956,8
440,120,233.31665,234.26483,44
440,150,203.0603,204.05276,40
440,180,172.95776,173.88673,62
440,210,142.8772,143.85008,26
440,240,112.44507,113.38596,54
440,270,81.82617,82.81637,48
440,300,51.82251,52.76049,26
440,330,22.02759,23.02848,44
441,0,352.46338,353.43594,36
441,30,323.25073,324.19818,28
441,60,293.48877,294.48001,52
441,90,263.37524,264.36118,12
441,120,233.32764,234.26894,44
441,150,203.10425,204.05721,46
441,180,172.86987,173.8875,46
441,210,142.84424,143.84184,20
441,240,112.41211,113.38282,48
441,270,81.85913,82.81895,54
441,300,51.77856,52.76288,18
441,330,22.06055,23.0246,48
442,0,352.48535,353.43845,38
442,30,323.23975,324.19791,30
442,60,293.49976,294.48279,56
442,90,263.39722,264.36267,14
442,120,233.28369,234.2742,38
442,150,203.11523,204.06305,48
442,180,172.94678,173.89172,60
442,210,142.89917,143.84428,30
442,240,112.37915,113.37882,42
442,270,81.84814,82.81882,52
442,300,51.77856,52.76291,18
442,330,22.02759,23.0277,42
443,0,352.45239,353.43762,34
443,30,323.25073,324.19589,28
443,60,293.51074,294.47833,56
443,90,263.39722,264.36404,14
443,120,233.30566,234.26753,40
443,150,203.08228,204.05321,42
443,180,172.88086,173.88652,48
443,210,142.85522,143.84506,22
443,240,112.35718,113.3669,38
443,270,81.82617,82.82219,48
443,300,51.81152,52.77899,24
443,330,22.06055,23.03818,46
444,0,352.47437,353.4509,38
444,30,323.25073,324.21017,30
444,60,293.47778,294.48758,54
444,90,263.36426,264.36447,10
444,120,233.30566,234.27579,42
444,150,203.08228,204.06746,42
444,180,172.9248,173.89249,54
444,210,142.83325,143.84572,20
444,240,112.39014,113.36826,44
444,270,81.87012,82.82359,54
444,300,51.76758,52.77959,16
444,330,22.06055,23.03284,50
445,0,352.47437,353.46136,38
445,30,323.20679,324.20206,24
445,60,293.52173,294.48819,58
445,90,263.37524,264.37268,10
445,120,233.28369,234.2821,36
445,150,203.07129,204.06035,40
445,180,172.89185,173.89156,50
445,210,142.86621,143.8542,24
445,240,112.39014,113.36143,46
445,270,81.85913,82.83026,54
445,300,51.78955,52.79051,22
445,330,22.04956,23.04087,46
446,0,352.45239,353.46075,34
446,30,323.1958,324.20801,22
446,60,293.53271,294.49222,60
446,90,263.41919,264.37421,18
446,120,233.30566,234.27881,40
446,150,203.0603,204.05627,38
446,180,172.9248,173.88928,56
446,210,142.89917,143.84958,30
446,240,112.36816,113.35765,38
446,270,81.82617,82.83362,48
446,300,51.8335,52.78827,26
446,330,22.03857,23.04288,44
447,0,352.48535,353.46091,40
447,30,323.20679,324.21219,22
447,60,293.52173,294.49646,58
447,90,263.4082,264.37625,16
447,120,233.32764,234.28877,44
447,150,203.07129,204.06107,40
447,180,172.95776,173.89371,62
447,210,142.85522,143.85626,22
447,240,112.36816,113.35226,40
447,270,81.82617,82.83108,48
447,300,51.80054,52.78728,22
447,330,22.07153,23.04061,50
448,0,352.45239,353.45511,34
448,30,323.20679,324.20813,22
448,60,293.52173,294.49973,58
448,90,263.39722,264.37918,14
448,120,233.26172,234.28503,32
448,150,203.08228,204.06581,42
448,180,172.9248,173.89696,56
448,210,142.88818,143.86493,28
448,240,112.35718,113.36307,38
448,270,81.85913,82.83436,54
448,300,51.82251,52.7967,26
448,330,22.06055,23.04332,46
449,0,352.50732,353.47192,44
449,30,323.25073,324.21872,28
449,60,293.48877,294.49756,54
449,90,263.39722,264.37863,16
449,120,233.30566,234.28745,40
449,150,203.03833,204.06645,34
449,180,172.86987,173.89258,46
449,210,142.89917,143.86331,30
449,240,112.39014,113.34756,42
449,270,81.84814,82.83397,54
449,300,51.82251,52.79987,26
449,330,22.03857,23.05074,44
450,0,352.49634,353.47922,42
450,30,323.25073,324.21436,28
450,60,293.52173,294.50226,58
450,90,263.37524,264.38947,10
450,120,233.26172,234.28885,32
450,150,203.08228,204.06697,40
450,180,172.94678,173.90782,60
450,210,142.86621,143.86998,24
450,240,112.41211,113.35831,48
450,270,81.82617,82.83356,48
450,300,51.81152,52.7992,24
450,330,22.04956,23.05206,46
451,0,352.48535,353.47833,38
451,30,323.22876,324.21045,26
451,60,293.52173,294.50363,60
451,90,263.39722,264.38339,16
451,120,233.32764,234.29187,44
451,150,203.07129,204.06107,40
451,180,172.90283,173.90161,52
451,210,142.86621,143.86618,22
451,240,112.35718,113.35913,38
451,270,81.85913,82.83675,54
451,300,51.8335,52.8065,28
451,330,22.07153,23.06096,48
452,0,352.49634,353.48685,42
452,30,323.1958,324.22159,18
452,60,293.48877,294.50391,52
452,90,263.39722,264.38367,14
452,120,233.29468,234.28995,38
452,150,203.0603,204.05537,38
452,180,172.86987,173.89934,46
452,210,142.85522,143.8595,22
452,240,112.37915,113.35813,40
452,270,81.82617,82.83362,48
452,300,51.82251,52.80431,24
452,330,22.06055,23.06108,48
453,0,352.47437,353.48224,36
453,30,323.23975,324.21631,28
453,60,293.48877,294.50641,54
453,90,263.36426,264.38721,8
453,120,233.27271,234.29544,32
453,150,203.0603,204.05862,40
453,180,172.90283,173.90329,52
453,210,142.88818,143.87248,26
453,240,112.35718,113.3629,38
453,270,81.85913,82.83847,54
453,300,51.8335,52.80753,28
453,330,22.04956,23.05719,46
454,0,352.48535,353.48856,42
454,30,323.21777,324.21625,24
454,60,293.48877,294.50418,52
454,90,263.37524,264.38489,10
454,120,233.32764,234.29297,44
454,150,203.04932,204.05115,36
454,180,172.91382,173.89821,56
454,210,142.86621,143.86743,26
454,240,112.39014,113.36498,42
454,270,81.84814,82.84216,54
454,300,51.82251,52.80924,24
454,330,22.07153,23.06639,50
455,0,352.50732,353.49371,44
455,30,323.1958,324.21753,20
455,60,293.48877,294.51007,52
455,90,263.41919,264.38861,18
455,120,233.32764,234.3047,44
455,150,203.08228,204.0547,40
455,180,172.9248,173.90121,56
455,210,142.8772,143.87196,26
455,240,112.39014,113.36542,42
455,270,81.84814,82.83731,52
455,300,51.80054,52.80597,22
455,330,22.09351,23.05925,52
456,0,352.5293,353.48792,46
456,30,323.17383,324.20605,16
456,60,293.48877,294.50967,52
456,90,263.41919,264.3902,18
456,120,233.25073,234.29932,32
456,150,203.0603,204.0562,38
456,180,172.89185,173.90732,50
456,210,142.86621,143.8765,26
456,240,112.37915,113.37069,42
456,270,81.83716,82.84464,48
456,300,51.80054,52.8133,22
456,330,22.07153,23.06534,50
457,0,352.51831,353.49603,46
457,30,323.1958,324.20938,20
457,60,293.48877,294.50983,52
457,90,263.39722,264.3909,12
457,120,233.25073,234.29617,30
457,150,203.0603,204.05457,40
457,180,172.91382,173.90068,56
457,210,142.89917,143.87671,32
457,240,112.35718,113.3695,38
457,270,81.82617,82.8425,48
457,300,51.81152,52.81463,26
457,330,22.04956,23.06764,46
458,0,352.45239,353.49637,34
458,30,323.23975,324.21292,28
458,60,293.48877,294.51694,52
458,90,263.41919,264.39874,20
458,120,233.29468,234.31192,38
458,150,203.08228,204.05936,40
458,180,172.90283,173.9071,52
458,210,142.85522,143.87303,22
458,240,112.36816,113.37633,40
458,270,81.85913,82.84113,54
458,300,51.82251,52.81068,26
458,330,22.06055,23.05909,48
459,0,352.50732,353.50089,44
459,30,323.20679,324.21472,22
459,60,293.48877,294.51816,52
459,90,263.39722,264.39294,14
459,120,233.26172,234.30406,32
459,150,203.07129,204.06305,40
459,180,172.9248,173.90596,56
459,210,142.91016,143.88162,30
459,240,112.36816,113.37491,40
459,270,81.82617,82.84451,48
459,300,51.78955,52.81644,20
459,330,22.06055,23.0654,48
460,0,352.5293,353.51355,48
460,30,323.20679,324.2149,26
460,60,293.52173,294.51749,58
460,90,263.39722,264.39664,16
460,120,233.28369,234.30702,38
460,150,203.0603,204.05977,38
460,180,172.91382,173.90884,54
460,210,142.83325,143.86568,20
460,240,112.36816,113.37041,40
460,270,81.82617,82.84296,48
460,300,51.80054,52.81741,22
460,330,22.07153,23.07466,50
461,0,352.47437,353.51648,38
461,30,323.21777,324.21429,24
461,60,293.49976,294.51987,52
461,90,263.41919,264.41025,18
461,120,233.32764,234.31337,44
461,150,203.07129,204.06181,40
461,180,172.89185,173.91649,50
461,210,142.8772,143.87808,26
461,240,112.37915,113.37503,42
461,270,81.85913,82.84692,52
461,300,51.8335,52.82104,28
461,330,22.06055,23.07472,48
462,0,352.51831,353.50797,48
462,30,323.20679,324.21066,22
462,60,293.52173,294.51541,58
462,90,263.41919,264.40088,20
462,120,233.28369,234.30661,36
462,150,203.08228,204.06017,40
462,180,172.93579,173.91219,58
462,210,142.8772,143.88297,28
462,240,112.35718,113.37907,38
462,270,81.82617,82.84898,48
462,300,51.80054,52.82045,22
462,330,22.07153,23.07723,48
463,0,352.51831,353.51874,46
463,30,323.1958,324.22189,20
463,60,293.51074,294.52231,56
463,90,263.4082,264.40103,14
463,120,233.29468,234.30525,38
463,150,203.03833,204.06004,34
463,180,172.86987,173.91393,46
463,210,142.84424,143.87349,22
463,240,112.36816,113.37357,42
463,270,81.84814,82.84517,52
463,300,51.78955,52.82178,20
463,330,22.08252,23.07211,52
464,0,352.49634,353.5141,42
464,30,323.21777,324.21487,24
464,60,293.51074,294.52097,56
464,90,263.4082,264.4007,18
464,120,233.31665,234.30794,44
464,150,203.08228,204.0625,42
464,180,172.91382,173.9184,56
464,210,142.8772,143.88156,26
464,240,112.37915,113.37978,44
464,270,81.83716,82.85092,50
464,300,51.80054,52.82226,22
464,330,22.08252,23.07312,54
465,0,352.54028,353.51907,48
465,30,323.20679,324.21521,22
465,60,293.48877,294.52289,52
465,90,263.4082,264.39566,16
465,120,233.29468,234.30481,38
465,150,203.07129,204.05949,40
465,180,172.9248,173.91417,56
465,210,142.8772,143.88023,26
465,240,112.39014,113.37886,44
465,270,81.85913,82.8519,54
465,300,51.82251,52.82913,26
465,330,22.08252,23.07854,52
466,0,352.54028,353.52499,48
466,30,323.20679,324.22025,22
466,60,293.52173,294.52612,58
466,90,263.41919,264.40469,16
466,120,233.28369,234.31078,36
466,150,203.0603,204.06863,38
466,180,172.9248,173.91515,54
466,210,142.84424,143.88043,22
466,240,112.39014,113.3805,42
466,270,81.82617,82.85444,48
466,300,51.80054,52.82216,22
466,330,22.09351,23.07427,52
467,0,352.50732,353.51721,44
467,30,323.20679,324.21426,22
467,60,293.52173,294.52298,58
467,90,263.36426,264.40393,8
467,120,233.29468,234.30637,38
467,150,203.04932,204.06276,36
467,180,172.89185,173.91566,50
467,210,142.88818,143.87921,28
467,240,112.37915,113.38441,42
467,270,81.83716,82.8554,50
467,300,51.82251,52.8259,26
467,330,22.07153,23.07417,50
468,0,352.48535,353.52652,42
468,30,323.17383,324.21478,16
468,60,293.49976,294.52435,54
468,90,263.39722,264.40057,14
468,120,233.30566,234.30765,42
468,150,203.07129,204.06677,40
468,180,172.89185,173.91304,50
468,210,142.8772,143.87428,26
468,240,112.39014,113.38084,42
468,270,81.83716,82.84875,50
468,300,51.82251,52.82946,26
468,330,22.08252,23.08078,52
469,0,352.5293,353.52811,48
469,30,323.21777,324.21854,24
469,60,293.53271,294.52817,60
469,90,263.41919,264.41312,18
469,120,233.32764,234.3092,44
469,150,203.08228,204.07104,42
469,180,172.9248,173.91519,56
469,210,142.91016,143.87871,32
469,240,112.35718,113.37698,38
469,270,81.82617,82.85251,50
469,300,51.78955,52.82076,20
469,330,22.06055,23.07014,50
470,0,352.47437,353.52716,38
470,30,323.20679,324.2128,22
470,60,293.48877,294.52771,52
470,90,263.38623,264.40631,12
470,120,233.29468,234.31154,36
470,150,203.0603,204.0676,40
470,180,172.9248,173.91353,56
470,210,142.85522,143.87985,24
470,240,112.39014,113.38045,44
470,270,81.82617,82.84787,48
470,300,51.81152,52.8273,24
470,330,22.06055,23.08134,48
471,0,352.50732,353.53165,44
471,30,323.25073,324.22519,30
471,60,293.51074,294.52762,54
471,90,263.38623,264.41312,12
471,120,233.29468,234.3138,36
471,150,203.07129,204.07339,40
471,180,172.9248,173.91512,56
471,210,142.88818,143.87703,28
471,240,112.37915,113.38139,44
471,270,81.83716,82.84563,54
471,300,51.80054,52.82347,22
471,330,22.03857,23.07328,44
472,0,352.50732,353.52661,44
472,30,323.22876,324.22437,26
472,60,293.52173,294.53082,58
472,90,263.38623,264.41208,14
472,120,233.29468,234.32022,38
472,150,203.04932,204.07307,34
472,180,172.90283,173.91737,54
472,210,142.85522,143.88078,22
472,240,112.37915,113.38201,42
472,270,81.8042,82.85014,44
472,300,51.80054,52.82562,22
472,330,22.06055,23.08027,46
473,0,352.5293,353.52792,48
473,30,323.20679,324.22104,22
473,60,293.52173,294.52841,58
473,90,263.37524,264.40482,10
473,120,233.32764,234.31165,44
473,150,203.04932,204.07143,34
473,180,172.90283,173.91331,52
473,210,142.8772,143.88261,24
473,240,112.35718,113.37961,38
473,270,81.8042,82.84911,42
473,300,51.80054,52.83348,22
473,330,22.06055,23.08437,48
474,0,352.50732,353.53168,44
474,30,323.22876,324.22873,26
474,60,293.52173,294.53024,58
474,90,263.41919,264.41254,16
474,120,233.29468,234.319,38
474,150,203.01636,204.07268,30
474,180,172.89185,173.91795,50
474,210,142.8772,143.88019,28
474,240,112.33521,113.38084,36
474,270,81.84814,82.85413,50
474,300,51.84448,52.83043,34
474,330,22.07153,23.0798,50
475,0,352.5293,353.53232,48
475,30,323.1958,324.22882,20
475,60,293.52173,294.52997,58
475,90,263.39722,264.4068,12
475,120,233.29468,234.3123,36
475,150,203.07129,204.06995,38
475,180,172.89185,173.91216,52
475,210,142.85522,143.88455,22
475,240,112.35718,113.3842,38
475,270,81.82617,82.85859,48
475,300,51.80054,52.84136,24
475,330,22.09351,23.08237,54
476,0,352.50732,353.53296,44
476,30,323.22876,324.22714,26
476,60,293.48877,294.53043,52
476,90,263.43018,264.40839,20
476,120,233.30566,234.31161,40
476,150,203.03833,204.07266,34
476,180,172.88086,173.90851,48
476,210,142.84424,143.87837,20
476,240,112.35718,113.38491,38
476,270,81.83716,82.85097,50
476,300,51.85547,52.82863,34
476,330,22.03857,23.0821,44
477,0,352.50732,353.5343,44
477,30,323.21777,324.23788,24
477,60,293.48877,294.53003,52
477,90,263.41919,264.41595,18
477,120,233.32764,234.32635,44
477,150,203.09326,204.0751,44
477,180,172.89185,173.9185,50
477,210,142.8772,143.88271,26
477,240,112.36816,113.38002,40
477,270,81.85913,82.85797,54
477,300,51.82251,52.82859,26
477,330,22.09351,23.07704,52
478,0,352.5293,353.52991,48
478,30,323.25073,324.22964,30
478,60,293.48877,294.53012,54
478,90,263.39722,264.40872,14
478,120,233.30566,234.31978,42
478,150,203.04932,204.07005,36
478,180,172.91382,173.91364,54
478,210,142.8772,143.88995,26
478,240,112.35718,113.3802,36
478,270,81.8042,82.84733,44
478,300,51.80054,52.83725,22
478,330,22.06055,23.082,48
479,0,352.50732,353.53415,44
479,30,323.25073,324.2421,28
479,60,293.53271,294.53021,58
479,90,263.36426,264.41425,8
479,120,233.29468,234.32292,40
479,150,203.07129,204.07411,42
479,180,172.90283,173.91431,52
479,210,142.8772,143.87381,26
479,240,112.35718,113.37239,38
479,270,81.84814,82.84063,52
479,300,51.76758,52.82771,16
479,330,22.07153,23.07778,48
480,0,352.50732,353.53497,44
480,30,323.22876,324.23227,26
480,60,293.53271,294.53229,60
480,90,263.4082,264.42084,16
480,120,233.29468,234.32626,38
480,150,203.07129,204.07863,40
480,180,172.93579,173.91579,56
480,210,142.85522,143.89073,22
480,240,112.35718,113.37998,38
480,270,81.82617,82.85432,48
480,300,51.8335,52.83495,28
480,330,22.06055,23.07376,48
481,0,352.5293,353.53226,48
481,30,323.25073,324.233,30
481,60,293.52173,294.53125,58
481,90,263.41919,264.41498,18
481,120,233.30566,234.32458,38
481,150,203.07129,204.07631,40
481,180,172.89185,173.91902,50
481,210,142.84424,143.882,20
481,240,112.36816,113.38569,40
481,270,81.85913,82.85232,54
481,300,51.82251,52.83907,26
481,330,22.06055,23.08325,48
482,0,352.54028,353.53705,50
482,30,323.1958,324.24878,18
482,60,293.52173,294.53235,58
482,90,263.39722,264.42026,14
482,120,233.32764,234.32817,46
482,150,203.08228,204.07918,42
482,180,172.9248,173.92479,56
482,210,142.83325,143.88074,18
482,240,112.39014,113.37582,44
482,270,81.82617,82.84675,46
482,300,51.77856,52.83835,22
482,330,22.07153,23.07569,48
483,0,352.51831,353.53769,46
483,30,323.20679,324.24039,24
483,60,293.48877,294.53226,52
483,90,263.39722,264.41739,16
483,120,233.32764,234.32829,44
483,150,203.08228,204.08327,42
483,180,172.91382,173.92307,54
483,210,142.8772,143.88948,28
483,240,112.35718,113.38679,38
483,270,81.85913,82.86221,54
483,300,51.84448,52.84338,30
483,330,22.03857,23.07736,44
484,0,352.47437,353.53357,42
484,30,323.25073,324.2511,30
484,60,293.49976,294.53409,56
484,90,263.38623,264.41385,12
484,120,233.27271,234.32561,38
484,150,203.03833,204.08009,36
484,180,172.89185,173.92145,52
484,210,142.8772,143.89272,26
484,240,112.35718,113.38315,38
484,270,81.8042,82.85259,44
484,300,51.80054,52.83256,22
484,330,22.06055,23.09103,48
485,0,352.54028,353.53836,50
485,30,323.20679,324.2507,22
485,60,293.52173,294.53329,58
485,90,263.41919,264.41739,18
485,120,233.29468,234.33263,38
485,150,203.04932,204.08427,36
485,180,172.91382,173.91864,54
485,210,142.8772,143.88966,26
485,240,112.34619,113.38805,34
485,270,81.81519,82.85575,44
485,300,51.80054,52.83665,22
485,330,22.06055,23.08679,48
486,0,352.51831,353.53677,46
486,30,323.20679,324.23816,22
486,60,293.52173,294.53732,58
486,90,263.41919,264.4126,18
486,120,233.29468,234.3286,38
486,150,203.01636,204.08113,30
486,180,172.90283,173.91907,50
486,210,142.8772,143.89598,26
486,240,112.35718,113.39118,38
486,270,81.82617,82.86124,46
486,300,51.8335,52.84222,26
486,330,22.07153,23.08691,50
487,0,352.54028,353.54056,50
487,30,323.21777,324.2467,24
487,60,293.47778,294.53595,50
487,90,263.4082,264.41736,14
487,120,233.31665,234.33093,42
487,150,203.08228,204.08067,40
487,180,172.86987,173.91884,46
487,210,142.8772,143.8828,26
487,240,112.34619,113.38305,36
487,270,81.83716,82.84573,50
487,300,51.87744,52.83385,34
487,330,22.06055,23.08255,48
488,0,352.54028,353.54263,48
488,30,323.22876,324.25034,28
488,60,293.48877,294.53635,52
488,90,263.41919,264.42737,18
488,120,233.34961,234.34119,48
488,150,203.07129,204.08905,40
488,180,172.93579,173.92653,56
488,210,142.8772,143.89986,24
488,240,112.35718,113.38652,38
488,270,81.81519,82.85477,46
488,300,51.84448,52.8406,30
488,330,22.02759,23.07728,42
489,0,352.54028,353.53751,48
489,30,323.20679,324.23962,22
489,60,293.53271,294.53778,58
489,90,263.38623,264.42227,14
489,120,233.28369,234.33142,36
489,150,203.08228,204.08522,40
489,180,172.89185,173.9243,50
489,210,142.86621,143.88551,22
489,240,112.37915,113.38636,42
489,270,81.79321,82.85795,42
489,300,51.8335,52.84209,28
489,330,22.06055,23.08548,48
490,0,352.50732,353.54025,44
490,30,323.20679,324.25229,22
490,60,293.52173,294.53732,58
490,90,263.41919,264.42545,18
490,120,233.33862,234.3421,44
490,150,203.08228,204.08659,42
490,180,172.9248,173.92706,56
490,210,142.8772,143.88071,26
490,240,112.33521,113.37711,34
490,270,81.79321,82.84998,44
490,300,51.8335,52.84237,28
490,330,22.03857,23.07278,44
491,0,352.49634,353.5343,44
491,30,323.23975,324.24597,26
491,60,293.52173,294.53598,58
491,90,263.39722,264.4295,14
491,120,233.31665,234.34035,40
491,150,203.07129,204.08929,42
491,180,172.86987,173.92894,44
491,210,142.8772,143.89534,26
491,240,112.34619,113.38159,36
491,270,81.83716,82.85764,50
491,300,51.82251,52.84942,24
491,330,22.06055,23.08416,50
492,0,352.5293,353.54205,48
492,30,323.23975,324.24899,28
492,60,293.49976,294.53659,54
492,90,263.39722,264.42511,12
492,120,233.32764,234.33586,44
492,150,203.08228,204.08334,42
492,180,172.93579,173.92775,60
492,210,142.88818,143.88403,28
492,240,112.36816,113.38945,42
492,270,81.83716,82.85042,50
492,300,51.80054,52.83974,22
492,330,22.07153,23.0777,50
493,0,352.50732,353.54541,44
493,30,323.23975,324.25391,28
493,60,293.49976,294.53619,52
493,90,263.39722,264.42438,14
493,120,233.26172,234.33737,32
493,150,203.07129,204.09804,40
493,180,172.89185,173.92609,50
493,210,142.86621,143.88972,26
493,240,112.35718,113.37606,40
493,270,81.83716,82.85544,50
493,300,51.8335,52.84169,28
493,330,22.06055,23.07351,50
494,0,352.50732,353.54556,44
494,30,323.23975,324.24997,28
494,60,293.49976,294.53979,54
494,90,263.4082,264.42279,16
494,120,233.33862,234.33688,46
494,150,203.0603,204.09485,40
494,180,172.93579,173.92998,56
494,210,142.88818,143.89555,30
494,240,112.36816,113.39462,40
494,270,81.82617,82.86916,48
494,300,51.82251,52.85189,26
494,330,22.07153,23.0813,50
495,0,352.54028,353.54398,48
495,30,323.20679,324.25146,22
495,60,293.52173,294.54016,60
495,90,263.39722,264.42035,14
495,120,233.30566,234.33417,40
495,150,203.03833,204.08649,36
495,180,172.90283,173.92163,52
495,210,142.86621,143.89397,24
495,240,112.36816,113.3788,40
495,270,81.85913,82.8529,54
495,300,51.82251,52.84312,26
495,330,22.00562,23.07839,38
496,0,352.5293,353.54572,48
496,30,323.23975,324.2529,28
496,60,293.49976,294.53616,54
496,90,263.43018,264.43109,18
496,120,233.30566,234.34117,40
496,150,203.0603,204.10033,38
496,180,172.90283,173.93883,52
496,210,142.8772,143.8954,26
496,240,112.34619,113.38042,36
496,270,81.82617,82.85579,48
496,300,51.8335,52.84804,28
496,330,22.03857,23.07838,44
497,0,352.5293,353.5379,48
497,30,323.23975,324.23969,30
497,60,293.51074,294.54062,54
497,90,263.41919,264.43109,18
497,120,233.28369,234.34306,36
497,150,203.08228,204.09955,42
497,180,172.89185,173.93375,50
497,210,142.84424,143.89845,20
497,240,112.39014,113.39346,44
497,270,81.85913,82.86671,54
497,300,51.82251,52.85177,26
497,330,22.04956,23.07759,46
498,0,352.49634,353.53748,42
498,30,323.21777,324.24506,24
498,60,293.52173,294.54245,58
498,90,263.43018,264.43356,20
498,120,233.33862,234.34096,46
498,150,203.08228,204.09509,40
498,180,172.9248,173.9314,56
498,210,142.84424,143.88837,20
498,240,112.33521,113.3755,32
498,270,81.77124,82.85236,38
498,300,51.80054,52.84341,22
498,330,22.06055,23.07714,50
499,0,352.5293,353.54654,48
499,30,323.18481,324.24557,18
499,60,293.49976,294.54364,54
499,90,263.41919,264.4335,18
499,120,233.32764,234.33986,44
499,150,203.10425,204.10484,44
499,180,172.93579,173.93808,56
499,210,142.86621,143.89224,24
499,240,112.34619,113.3853,36
499,270,81.84814,82.85643,54
499,300,51.8335,52.84519,26
499,330,22.07153,23.07637,52
500,0,352.5293,353.54184,48
500,30,323.20679,324.24518,22
500,60,293.52173,294.54147,60
500,90,263.39722,264.42636,12
500,120,233.28369,234.3382,36
500,150,203.08228,204.09195,42
500,180,172.90283,173.9198,52
500,210,142.8772,143.88556,24
500,240,112.35718,113.38206,38
500,270,81.82617,82.8556,48
500,300,51.80054,52.84867,22
500,330,22.07153,23.07899,50
