Cycle,Supposed Position,Raw Angle,Filtered Angle,Field Status
1,0,150.359,150.369,0
1,30,120.586,120.6,0
1,60,90.824,90.844,0
1,90,61.029,61.029,0
1,120,31.124,31.135,0
1,150,1.307,1.318,0
1,180,331.238,331.23,0
1,210,300.784,300.795,0
1,240,270.648,270.637,0
1,270,240.447,240.458,0
1,300,210.015,210.037,0
1,330,179.978,179.996,0
2,0,150.315,150.305,0
2,30,120.542,120.564,0
2,60,90.835,90.828,0
2,90,61.018,61.029,0
2,120,31.113,31.139,0
2,150,1.329,1.329,0
2,180,331.238,331.233,0
2,210,300.795,300.789,0
2,240,270.648,270.637,0
2,270,240.502,240.473,0
2,300,210.026,210.028,0
2,330,179.967,179.989,0
3,0,150.304,150.315,0
3,30,120.564,120.561,0
3,60,90.835,90.826,0
3,90,61.018,61.025,0
3,120,31.102,31.126,0
3,150,1.34,1.33,0
3,180,331.238,331.238,0
3,210,300.817,300.806,0
3,240,270.604,270.647,0
3,270,240.48,240.47,0
3,300,210.015,210.037,0
3,330,180.0,179.99,0
4,0,150.315,150.308,0
4,30,120.564,120.558,0
4,60,90.824,90.824,0
4,90,61.018,61.026,0
4,120,31.124,31.132,0
4,150,1.318,1.329,0
4,180,331.227,331.237,0
4,210,300.806,300.806,0
4,240,270.648,270.636,0
4,270,240.48,240.469,0
4,300,210.037,210.032,0
4,330,179.989,179.985,0
5,0,150.293,150.304,0
5,30,120.575,120.553,0
5,60,90.846,90.827,0
5,90,61.029,61.04,0
5,120,31.157,31.14,0
5,150,1.329,1.34,0
5,180,331.249,331.239,0
5,210,300.784,300.807,0
5,240,270.659,270.646,0
5,270,240.436,240.465,0
5,300,210.004,210.036,0
5,330,179.956,179.978,0
6,0,150.293,150.292,0
6,30,120.553,120.553,0
6,60,90.813,90.824,0
6,90,61.018,61.032,0
6,120,31.135,31.136,0
6,150,1.34,1.329,0
6,180,331.249,331.249,0
6,210,300.839,300.817,0
6,240,270.659,270.648,0
6,270,240.48,240.469,0
6,300,210.026,210.032,0
6,330,179.978,179.98,0
7,0,150.326,150.298,0
7,30,120.52,120.56,0
7,60,90.824,90.824,0
7,90,61.007,61.024,0
7,120,31.124,31.124,0
7,150,1.318,1.329,0
7,180,331.238,331.244,0
7,210,300.795,300.795,0
7,240,270.626,270.637,0
7,270,240.48,240.46,0
7,300,210.026,210.032,0
7,330,179.978,179.978,0
8,0,150.315,150.293,0
8,30,120.542,120.551,0
8,60,90.802,90.829,0
8,90,61.029,61.039,0
8,120,31.135,31.146,0
8,150,1.34,1.34,0
8,180,331.238,331.241,0
8,210,300.795,300.8,0
8,240,270.637,270.637,0
8,270,240.469,240.469,0
8,300,210.037,210.036,0
8,330,180.0,179.982,0
9,0,150.315,150.293,0
9,30,120.553,120.553,0
9,60,90.802,90.817,0
9,90,61.051,61.02,0
9,120,31.124,31.135,0
9,150,1.329,1.329,0
9,180,331.249,331.24,0
9,210,300.795,300.805,0
9,240,270.637,270.637,0
9,270,240.48,240.471,0
9,300,210.037,210.027,0
9,330,179.989,179.978,0
10,0,150.304,150.285,0
10,30,120.542,120.543,0
10,60,90.813,90.811,0
10,90,61.007,61.018,0
10,120,31.135,31.131,0
10,150,1.362,1.34,0
10,180,331.26,331.25,0
10,210,300.828,300.817,0
10,240,270.637,270.658,0
10,270,240.447,240.475,0
10,300,210.026,210.027,0
10,330,179.978,179.982,0
11,0,150.293,150.292,0
11,30,120.553,120.549,0
11,60,90.813,90.813,0
11,90,61.018,61.018,0
11,120,31.113,31.135,0
11,150,1.34,1.338,0
11,180,331.249,331.24,0
11,210,300.817,300.828,0
11,240,270.648,270.659,0
11,270,240.48,240.474,0
11,300,210.015,210.033,0
11,330,180.0,179.989,0
12,0,150.304,150.298,0
12,30,120.553,120.553,0
12,60,90.824,90.822,0
12,90,61.04,61.029,0
12,120,31.135,31.134,0
12,150,1.329,1.329,0
12,180,331.26,331.236,0
12,210,300.795,300.806,0
12,240,270.615,270.639,0
12,270,240.48,240.458,0
12,300,210.015,210.026,0
12,330,179.978,179.975,0
13,0,150.304,150.294,0
13,30,120.575,120.553,0
13,60,90.813,90.825,0
13,90,61.029,61.033,0
13,120,31.146,31.163,0
13,150,1.351,1.348,0
13,180,331.249,331.249,0
13,210,300.784,300.806,0
13,240,270.637,270.638,0
13,270,240.447,240.465,0
13,300,210.015,210.017,0
13,330,179.956,179.979,0
14,0,150.293,150.291,0
14,30,120.531,120.551,0
14,60,90.802,90.802,0
14,90,60.974,61.007,0
14,120,31.124,31.126,0
14,150,1.34,1.338,0
14,180,331.26,331.26,0
14,210,300.828,300.83,0
14,240,270.659,270.661,0
14,270,240.48,240.489,0
14,300,210.026,210.037,0
14,330,179.978,179.982,0
15,0,150.282,150.293,0
15,30,120.553,120.556,0
15,60,90.835,90.824,0
15,90,60.996,61.018,0
15,120,31.146,31.131,0
15,150,1.329,1.33,0
15,180,331.227,331.241,0
15,210,300.795,300.809,0
15,240,270.637,270.647,0
15,270,240.458,240.474,0
15,300,210.048,210.039,0
15,330,179.967,179.992,0
16,0,150.271,150.293,0
16,30,120.542,120.549,0
16,60,90.835,90.82,0
16,90,61.029,61.024,0
16,120,31.135,31.142,0
16,150,1.329,1.327,0
16,180,331.238,331.234,0
16,210,300.817,300.807,0
16,240,270.67,270.656,0
16,270,240.502,240.493,0
16,300,210.059,210.051,0
16,330,180.022,180.0,0
17,0,150.293,150.302,0
17,30,120.542,120.553,0
17,60,90.846,90.813,0
17,90,61.04,61.029,0
17,120,31.135,31.124,0
17,150,1.318,1.321,0
17,180,331.238,331.238,0
17,210,300.806,300.813,0
17,240,270.648,270.645,0
17,270,240.491,240.476,0
17,300,210.037,210.039,0
17,330,179.978,179.995,0
18,0,150.293,150.315,0
18,30,120.542,120.564,0
18,60,90.835,90.821,0
18,90,61.018,61.029,0
18,120,31.124,31.125,0
18,150,1.34,1.329,0
18,180,331.271,331.243,0
18,210,300.806,300.817,0
18,240,270.648,270.657,0
18,270,240.48,240.48,0
18,300,210.059,210.037,0
18,330,179.989,180.0,0
19,0,150.304,150.302,0
19,30,120.553,120.553,0
19,60,90.824,90.824,0
19,90,61.029,61.02,0
19,120,31.135,31.125,0
19,150,1.307,1.329,0
19,180,331.216,331.247,0
19,210,300.795,300.808,0
19,240,270.626,270.648,0
19,270,240.469,240.467,0
19,300,210.037,210.034,0
19,330,179.978,179.985,0
20,0,150.282,150.294,0
20,30,120.553,120.555,0
20,60,90.824,90.824,0
20,90,61.029,61.029,0
20,120,31.124,31.14,0
20,150,1.329,1.336,0
20,180,331.227,331.232,0
20,210,300.806,300.806,0
20,240,270.626,270.645,0
20,270,240.48,240.49,0
20,300,210.048,210.048,0
20,330,180.0,180.007,0
21,0,150.304,150.312,0
21,30,120.553,120.558,0
21,60,90.813,90.824,0
21,90,61.018,61.026,0
21,120,31.135,31.129,0
21,150,1.329,1.326,0
21,180,331.227,331.238,0
21,210,300.806,300.808,0
21,240,270.637,270.653,0
21,270,240.469,240.469,0
21,300,210.037,210.026,0
21,330,179.967,179.978,0
22,0,150.293,150.293,0
22,30,120.542,120.553,0
22,60,90.813,90.824,0
22,90,61.051,61.039,0
22,120,31.157,31.153,0
22,150,1.329,1.34,0
22,180,331.249,331.26,0
22,210,300.806,300.812,0
22,240,270.637,270.649,0
22,270,240.458,240.479,0
22,300,210.048,210.037,0
22,330,179.967,179.989,0
23,0,150.304,150.309,0
23,30,120.553,120.556,0
23,60,90.846,90.822,0
23,90,60.996,61.018,0
23,120,31.135,31.129,0
23,150,1.318,1.336,0
23,180,331.271,331.259,0
23,210,300.817,300.822,0
23,240,270.648,270.65,0
23,270,240.469,240.468,0
23,300,210.037,210.037,0
23,330,179.967,179.986,0
24,0,150.315,150.301,0
24,30,120.553,120.553,0
24,60,90.824,90.82,0
24,90,61.029,61.029,0
24,120,31.135,31.133,0
24,150,1.329,1.327,0
24,180,331.238,331.238,0
24,210,300.795,300.817,0
24,240,270.648,270.66,0
24,270,240.491,240.491,0
24,300,210.07,210.05,0
24,330,180.011,180.0,0
25,0,150.304,150.297,0
25,30,120.553,120.553,0
25,60,90.824,90.822,0
25,90,61.007,61.029,0
25,120,31.124,31.134,0
25,150,1.318,1.33,0
25,180,331.249,331.247,0
25,210,300.806,300.813,0
25,240,270.637,270.654,0
25,270,240.469,240.476,0
25,300,210.048,210.048,0
25,330,179.978,179.995,0
26,0,150.293,150.314,0
26,30,120.542,120.563,0
26,60,90.813,90.829,0
26,90,61.029,61.031,0
26,120,31.124,31.134,0
26,150,1.307,1.332,0
26,180,331.238,331.248,0
26,210,300.806,300.817,0
26,240,270.659,270.645,0
26,270,240.48,240.47,0
26,300,210.048,210.037,0
26,330,179.989,179.981,0
27,0,150.271,150.282,0
27,30,120.531,120.549,0
27,60,90.824,90.813,0
27,90,61.029,61.032,0
27,120,31.135,31.145,0
27,150,1.329,1.338,0
27,180,331.238,331.249,0
27,210,300.839,300.817,0
27,240,270.637,270.659,0
27,270,240.458,240.469,0
27,300,210.037,210.038,0
27,330,179.967,179.988,0
28,0,150.282,150.293,0
28,30,120.542,120.553,0
28,60,90.802,90.824,0
28,90,61.007,61.024,0
28,120,31.102,31.129,0
28,150,1.34,1.329,0
28,180,331.26,331.255,0
28,210,300.839,300.817,0
28,240,270.648,270.648,0
28,270,240.458,240.472,0
28,300,210.037,210.034,0
28,330,180.011,179.988,0
29,0,150.293,150.301,0
29,30,120.564,120.557,0
29,60,90.824,90.818,0
29,90,61.051,61.019,0
29,120,31.113,31.124,0
29,150,1.329,1.337,0
29,180,331.271,331.259,0
29,210,300.85,300.825,0
29,240,270.648,270.659,0
29,270,240.469,240.48,0
29,300,210.07,210.04,0
29,330,180.022,179.997,0
30,0,150.293,150.293,0
30,30,120.542,120.553,0
30,60,90.835,90.824,0
30,90,61.018,61.029,0
30,120,31.135,31.133,0
30,150,1.34,1.328,0
30,180,331.249,331.247,0
30,210,300.828,300.817,0
30,240,270.67,270.657,0
30,270,240.524,240.485,0
30,300,210.037,210.048,0
30,330,180.011,180.001,0
31,0,150.304,150.304,0
31,30,120.575,120.556,0
31,60,90.835,90.824,0
31,90,61.029,61.022,0
31,120,31.135,31.122,0
31,150,1.329,1.329,0
31,180,331.249,331.243,0
31,210,300.817,300.808,0
31,240,270.67,270.659,0
31,270,240.48,240.474,0
31,300,210.07,210.048,0
31,330,179.978,180.002,0
32,0,150.282,150.303,0
32,30,120.564,120.553,0
32,60,90.813,90.814,0
32,90,61.029,61.018,0
32,120,31.124,31.124,0
32,150,1.318,1.33,0
32,180,331.249,331.252,0
32,210,300.828,300.819,0
32,240,270.659,270.662,0
32,270,240.491,240.485,0
32,300,210.048,210.053,0
32,330,180.0,179.991,0
33,0,150.293,150.287,0
33,30,120.531,120.542,0
33,60,90.813,90.813,0
33,90,61.029,61.025,0
33,120,31.135,31.125,0
33,150,1.34,1.34,0
33,180,331.26,331.251,0
33,210,300.817,300.822,0
33,240,270.659,270.656,0
33,270,240.48,240.487,0
33,300,210.004,210.048,0
33,330,180.0,179.992,0
34,0,150.304,150.292,0
34,30,120.542,120.552,0
34,60,90.824,90.814,0
34,90,61.04,61.028,0
34,120,31.124,31.124,0
34,150,1.318,1.329,0
34,180,331.249,331.249,0
34,210,300.795,300.81,0
34,240,270.67,270.649,0
34,270,240.48,240.47,0
34,300,210.037,210.043,0
34,330,179.978,180.003,0
35,0,150.304,150.307,0
35,30,120.564,120.549,0
35,60,90.824,90.824,0
35,90,61.029,61.029,0
35,120,31.124,31.131,0
35,150,1.34,1.34,0
35,180,331.227,331.253,0
35,210,300.839,300.818,0
35,240,270.648,270.656,0
35,270,240.458,240.48,0
35,300,210.048,210.041,0
35,330,180.0,179.987,0
36,0,150.315,150.302,0
36,30,120.531,120.553,0
36,60,90.802,90.814,0
36,90,60.963,60.974,0
36,120,31.069,31.091,0
36,150,1.296,1.305,0
36,180,331.238,331.239,0
36,210,300.828,300.83,0
36,240,270.659,270.67,0
36,270,240.524,240.506,0
36,300,210.07,210.065,0
36,330,180.011,180.012,0
37,0,150.315,150.315,0
37,30,120.553,120.554,0
37,60,90.791,90.793,0
37,90,60.974,60.981,0
37,120,31.091,31.09,0
37,150,1.296,1.307,0
37,180,331.216,331.227,0
37,210,300.795,300.789,0
37,240,270.615,270.63,0
37,270,240.469,240.469,0
37,300,210.07,210.044,0
37,330,180.0,180.001,0
38,0,150.304,150.311,0
38,30,120.608,120.564,0
38,60,90.824,90.835,0
38,90,61.051,61.03,0
38,120,31.157,31.131,0
38,150,1.329,1.323,0
38,180,331.238,331.219,0
38,210,300.806,300.789,0
38,240,270.615,270.637,0
38,270,240.458,240.474,0
38,300,210.026,210.037,0
38,330,179.989,179.989,0
39,0,150.293,150.295,0
39,30,120.542,120.549,0
39,60,90.813,90.821,0
39,90,61.018,61.025,0
39,120,31.124,31.135,0
39,150,1.34,1.332,0
39,180,331.227,331.238,0
39,210,300.795,300.814,0
39,240,270.648,270.648,0
39,270,240.469,240.469,0
39,300,210.026,210.041,0
39,330,180.0,179.992,0
40,0,150.26,150.304,0
40,30,120.542,120.554,0
40,60,90.813,90.815,0
40,90,61.029,61.018,0
40,120,31.124,31.124,0
40,150,1.329,1.333,0
40,180,331.249,331.26,0
40,210,300.828,300.818,0
40,240,270.626,270.659,0
40,270,240.513,240.476,0
40,300,210.015,210.047,0
40,330,180.011,179.989,0
41,0,150.293,150.294,0
41,30,120.553,120.553,0
41,60,90.813,90.813,0
41,90,61.018,61.018,0
41,120,31.113,31.13,0
41,150,1.34,1.329,0
41,180,331.26,331.249,0
41,210,300.828,300.813,0
41,240,270.637,270.664,0
41,270,240.502,240.501,0
41,300,210.015,210.048,0
41,330,179.989,180.003,0
42,0,150.326,150.293,0
42,30,120.542,120.542,0
42,60,90.824,90.806,0
42,90,61.018,61.018,0
42,120,31.135,31.124,0
42,150,1.318,1.332,0
42,180,331.249,331.238,0
42,210,300.795,300.809,0
42,240,270.648,270.648,0
42,270,240.48,240.469,0
42,300,210.059,210.044,0
42,330,180.0,180.0,0
43,0,150.315,150.309,0
43,30,120.564,120.569,0
43,60,90.824,90.825,0
43,90,61.029,61.018,0
43,120,31.113,31.13,0
43,150,1.329,1.334,0
43,180,331.249,331.26,0
43,210,300.839,300.817,0
43,240,270.648,270.654,0
43,270,240.48,240.48,0
43,300,210.037,210.034,0
43,330,179.956,179.978,0
44,0,150.282,150.282,0
44,30,120.553,120.553,0
44,60,90.835,90.816,0
44,90,61.04,61.029,0
44,120,31.157,31.142,0
44,150,1.351,1.346,0
44,180,331.26,331.251,0
44,210,300.817,300.823,0
44,240,270.67,270.668,0
44,270,240.469,240.48,0
44,300,210.048,210.048,0
44,330,179.989,179.989,0
45,0,150.293,150.293,0
45,30,120.542,120.542,0
45,60,90.824,90.813,0
45,90,61.018,61.024,0
45,120,31.135,31.128,0
45,150,1.351,1.34,0
45,180,331.26,331.263,0
45,210,300.817,300.817,0
45,240,270.659,270.667,0
45,270,240.458,240.474,0
45,300,210.037,210.04,0
45,330,180.0,179.988,0
46,0,150.315,150.293,0
46,30,120.531,120.553,0
46,60,90.802,90.82,0
46,90,61.029,61.024,0
46,120,31.124,31.135,0
46,150,1.318,1.338,0
46,180,331.26,331.258,0
46,210,300.817,300.817,0
46,240,270.659,270.659,0
46,270,240.48,240.48,0
46,300,210.048,210.055,0
46,330,180.0,180.0,0
47,0,150.304,150.294,0
47,30,120.553,120.553,0
47,60,90.802,90.813,0
47,90,60.996,61.019,0
47,120,31.124,31.135,0
47,150,1.318,1.33,0
47,180,331.227,331.249,0
47,210,300.817,300.817,0
47,240,270.67,270.659,0
47,270,240.469,240.48,0
47,300,210.037,210.048,0
47,330,180.011,180.0,0
48,0,150.271,150.312,0
48,30,120.564,120.558,0
48,60,90.813,90.827,0
48,90,61.007,61.026,0
48,120,31.113,31.115,0
48,150,1.318,1.333,0
48,180,331.238,331.245,0
48,210,300.817,300.817,0
48,240,270.659,270.649,0
48,270,240.48,240.48,0
48,300,210.037,210.051,0
48,330,180.0,180.0,0
49,0,150.293,150.315,0
49,30,120.586,120.557,0
49,60,90.824,90.82,0
49,90,61.007,61.019,0
49,120,31.113,31.124,0
49,150,1.329,1.325,0
49,180,331.238,331.252,0
49,210,300.828,300.825,0
49,240,270.681,270.67,0
49,270,240.491,240.493,0
49,300,210.048,210.059,0
49,330,179.989,180.008,0
50,0,150.304,150.296,0
50,30,120.553,120.553,0
50,60,90.813,90.813,0
50,90,60.996,61.018,0
50,120,31.113,31.123,0
50,150,1.329,1.325,0
50,180,331.238,331.254,0
50,210,300.828,300.817,0
50,240,270.637,270.661,0
50,270,240.469,240.48,0
50,300,210.037,210.041,0
50,330,179.989,180.0,0
51,0,150.282,150.295,0
51,30,120.553,120.553,0
51,60,90.824,90.824,0
51,90,61.018,61.029,0
51,120,31.124,31.134,0
51,150,1.351,1.343,0
51,180,331.227,331.238,0
51,210,300.795,300.801,0
51,240,270.67,270.665,0
51,270,240.502,240.491,0
51,300,210.059,210.059,0
51,330,180.0,180.005,0
52,0,150.293,150.306,0
52,30,120.542,120.543,0
52,60,90.824,90.824,0
52,90,61.007,61.028,0
52,120,31.124,31.133,0
52,150,1.318,1.33,0
52,180,331.249,331.269,0
52,210,300.839,300.828,0
52,240,270.659,270.673,0
52,270,240.491,240.491,0
52,300,210.037,210.053,0
52,330,180.0,180.0,0
53,0,150.315,150.302,0
53,30,120.553,120.561,0
53,60,90.791,90.822,0
53,90,61.029,61.018,0
53,120,31.113,31.113,0
53,150,1.329,1.335,0
53,180,331.26,331.251,0
53,210,300.817,300.819,0
53,240,270.648,270.668,0
53,270,240.469,240.469,0
53,300,210.026,210.033,0
53,330,180.0,179.989,0
54,0,150.293,150.293,0
54,30,120.531,120.551,0
54,60,90.802,90.823,0
54,90,61.018,61.029,0
54,120,31.113,31.137,0
54,150,1.329,1.358,0
54,180,331.271,331.265,0
54,210,300.806,300.83,0
54,240,270.67,270.667,0
54,270,240.491,240.481,0
54,300,210.026,210.041,0
54,330,180.0,179.995,0
55,0,150.282,150.303,0
55,30,120.553,120.552,0
55,60,90.813,90.806,0
55,90,61.007,61.017,0
55,120,31.124,31.125,0
55,150,1.34,1.338,0
55,180,331.282,331.263,0
55,210,300.795,300.836,0
55,240,270.659,270.667,0
55,270,240.458,240.48,0
55,300,210.026,210.042,0
55,330,179.989,179.99,0
56,0,150.282,150.303,0
56,30,120.531,120.553,0
56,60,90.824,90.814,0
56,90,61.018,61.027,0
56,120,31.113,31.128,0
56,150,1.34,1.328,0
56,180,331.227,331.247,0
56,210,300.784,300.817,0
56,240,270.659,270.669,0
56,270,240.502,240.497,0
56,300,210.037,210.056,0
56,330,180.0,179.999,0
57,0,150.282,150.304,0
57,30,120.553,120.553,0
57,60,90.813,90.813,0
57,90,61.018,61.038,0
57,120,31.135,31.15,0
57,150,1.34,1.351,0
57,180,331.238,331.264,0
57,210,300.828,300.828,0
57,240,270.637,270.659,0
57,270,240.458,240.479,0
57,300,210.037,210.032,0
57,330,179.989,179.987,0
58,0,150.282,150.3,0
58,30,120.553,120.555,0
58,60,90.824,90.833,0
58,90,61.018,61.022,0
58,120,31.124,31.124,0
58,150,1.307,1.323,0
58,180,331.238,331.24,0
58,210,300.817,300.812,0
58,240,270.659,270.659,0
58,270,240.469,240.478,0
58,300,210.059,210.047,0
58,330,180.0,180.0,0
59,0,150.304,150.315,0
59,30,120.575,120.575,0
59,60,90.846,90.825,0
59,90,61.007,61.017,0
59,120,31.102,31.114,0
59,150,1.329,1.33,0
59,180,331.249,331.26,0
59,210,300.828,300.823,0
59,240,270.648,270.662,0
59,270,240.48,240.486,0
59,300,210.07,210.048,0
59,330,179.978,179.995,0
60,0,150.315,150.302,0
60,30,120.564,120.551,0
60,60,90.791,90.811,0
60,90,61.018,61.009,0
60,120,31.102,31.122,0
60,150,1.318,1.333,0
60,180,331.238,331.236,0
60,210,300.806,300.806,0
60,240,270.681,270.661,0
60,270,240.502,240.49,0
60,300,210.048,210.059,0
60,330,179.989,180.0,0
61,0,150.293,150.313,0
61,30,120.586,120.554,0
61,60,90.835,90.828,0
61,90,61.018,61.024,0
61,120,31.135,31.13,0
61,150,1.329,1.329,0
61,180,331.227,331.259,0
61,210,300.828,300.818,0
61,240,270.648,270.659,0
61,270,240.513,240.484,0
61,300,210.037,210.048,0
61,330,180.0,180.0,0
62,0,150.304,150.298,0
62,30,120.531,120.553,0
62,60,90.824,90.821,0
62,90,61.018,61.025,0
62,120,31.124,31.144,0
62,150,1.362,1.343,0
62,180,331.249,331.254,0
62,210,300.828,300.817,0
62,240,270.637,270.658,0
62,270,240.469,240.48,0
62,300,210.015,210.048,0
62,330,180.011,179.99,0
63,0,150.304,150.296,0
63,30,120.553,120.553,0
63,60,90.824,90.824,0
63,90,60.996,61.019,0
63,120,31.135,31.135,0
63,150,1.329,1.33,0
63,180,331.249,331.26,0
63,210,300.817,300.822,0
63,240,270.659,270.67,0
63,270,240.491,240.5,0
63,300,210.059,210.056,0
63,330,180.0,179.997,0
64,0,150.304,150.294,0
64,30,120.564,120.557,0
64,60,90.813,90.824,0
64,90,61.018,61.029,0
64,120,31.135,31.131,0
64,150,1.329,1.34,0
64,180,331.227,331.241,0
64,210,300.839,300.816,0
64,240,270.637,270.651,0
64,270,240.48,240.472,0
64,300,210.059,210.043,0
64,330,180.0,180.002,0
65,0,150.304,150.317,0
65,30,120.575,120.573,0
65,60,90.846,90.825,0
65,90,61.029,61.029,0
65,120,31.102,31.121,0
65,150,1.34,1.329,0
65,180,331.26,331.245,0
65,210,300.817,300.817,0
65,240,270.681,270.659,0
65,270,240.469,240.48,0
65,300,210.048,210.048,0
65,330,180.0,179.997,0
66,0,150.282,150.297,0
66,30,120.531,120.543,0
66,60,90.813,90.82,0
66,90,60.996,61.026,0
66,120,31.135,31.13,0
66,150,1.329,1.329,0
66,180,331.26,331.253,0
66,210,300.806,300.817,0
66,240,270.659,270.66,0
66,270,240.491,240.487,0
66,300,210.07,210.053,0
66,330,179.989,180.0,0
67,0,150.304,150.293,0
67,30,120.553,120.554,0
67,60,90.824,90.809,0
67,90,61.007,61.018,0
67,120,31.135,31.131,0
67,150,1.329,1.351,0
67,180,331.26,331.256,0
67,210,300.828,300.827,0
67,240,270.648,270.661,0
67,270,240.469,240.479,0
67,300,210.037,210.048,0
67,330,179.989,179.991,0
68,0,150.326,150.305,0
68,30,120.542,120.553,0
68,60,90.802,90.824,0
68,90,61.007,61.025,0
68,120,31.135,31.135,0
68,150,1.329,1.335,0
68,180,331.249,331.249,0
68,210,300.817,300.817,0
68,240,270.659,270.66,0
68,270,240.48,240.484,0
68,300,210.048,210.055,0
68,330,180.0,180.0,0
69,0,150.304,150.297,0
69,30,120.553,120.563,0
69,60,90.835,90.817,0
69,90,61.007,61.021,0
69,120,31.135,31.133,0
69,150,1.307,1.329,0
69,180,331.227,331.247,0
69,210,300.817,300.824,0
69,240,270.681,270.659,0
69,270,240.491,240.48,0
69,300,210.048,210.048,0
69,330,179.989,179.991,0
70,0,150.326,150.307,0
70,30,120.586,120.564,0
70,60,90.813,90.814,0
70,90,61.029,61.018,0
70,120,31.113,31.124,0
70,150,1.351,1.335,0
70,180,331.26,331.27,0
70,210,300.806,300.825,0
70,240,270.659,270.659,0
70,270,240.48,240.483,0
70,300,210.048,210.048,0
70,330,179.989,180.0,0
71,0,150.304,150.313,0
71,30,120.553,120.555,0
71,60,90.802,90.823,0
71,90,61.029,61.018,0
71,120,31.102,31.117,0
71,150,1.318,1.329,0
71,180,331.249,331.249,0
71,210,300.806,300.817,0
71,240,270.67,270.659,0
71,270,240.502,240.489,0
71,300,210.07,210.055,0
71,330,180.0,179.989,0
72,0,150.26,150.272,0
72,30,120.52,120.531,0
72,60,90.813,90.802,0
72,90,61.018,61.029,0
72,120,31.146,31.151,0
72,150,1.34,1.35,0
72,180,331.26,331.271,0
72,210,300.817,300.83,0
72,240,270.67,270.675,0
72,270,240.491,240.494,0
72,300,210.07,210.053,0
72,330,179.989,179.985,0
73,0,150.293,150.271,0
73,30,120.509,120.523,0
73,60,90.791,90.801,0
73,90,61.007,61.028,0
73,120,31.124,31.135,0
73,150,1.329,1.34,0
73,180,331.26,331.25,0
73,210,300.839,300.827,0
73,240,270.648,270.659,0
73,270,240.48,240.481,0
73,300,210.048,210.047,0
73,330,180.0,180.0,0
74,0,150.293,150.308,0
74,30,120.553,120.556,0
74,60,90.824,90.825,0
74,90,61.018,61.028,0
74,120,31.113,31.126,0
74,150,1.318,1.343,0
74,180,331.238,331.258,0
74,210,300.839,300.823,0
74,240,270.67,270.655,0
74,270,240.502,240.48,0
74,300,210.048,210.037,0
74,330,179.989,179.989,0
75,0,150.293,150.304,0
75,30,120.586,120.573,0
75,60,90.813,90.835,0
75,90,61.029,61.025,0
75,120,31.146,31.134,0
75,150,1.329,1.34,0
75,180,331.271,331.26,0
75,210,300.839,300.823,0
75,240,270.659,270.659,0
75,270,240.458,240.481,0
75,300,210.07,210.047,0
75,330,179.967,179.986,0
76,0,150.293,150.293,0
76,30,120.542,120.553,0
76,60,90.824,90.826,0
76,90,61.007,61.024,0
76,120,31.135,31.135,0
76,150,1.362,1.34,0
76,180,331.238,331.245,0
76,210,300.806,300.806,0
76,240,270.659,270.659,0
76,270,240.48,240.497,0
76,300,210.059,210.066,0
76,330,180.011,180.01,0
77,0,150.315,150.314,0
77,30,120.564,120.563,0
77,60,90.835,90.824,0
77,90,60.985,61.022,0
77,120,31.113,31.124,0
77,150,1.296,1.318,0
77,180,331.238,331.241,0
77,210,300.817,300.811,0
77,240,270.648,270.648,0
77,270,240.447,240.482,0
77,300,210.059,210.043,0
77,330,180.0,180.0,0
78,0,150.326,150.313,0
78,30,120.586,120.569,0
78,60,90.835,90.833,0
78,90,61.029,61.029,0
78,120,31.113,31.132,0
78,150,1.329,1.334,0
78,180,331.249,331.26,0
78,210,300.817,300.822,0
78,240,270.659,270.668,0
78,270,240.469,240.485,0
78,300,210.037,210.057,0
78,330,180.011,180.0,0
79,0,150.293,150.3,0
79,30,120.542,120.552,0
79,60,90.824,90.825,0
79,90,61.018,61.014,0
79,120,31.146,31.135,0
79,150,1.329,1.339,0
79,180,331.249,331.264,0
79,210,300.828,300.821,0
79,240,270.67,270.658,0
79,270,240.491,240.483,0
79,300,210.059,210.048,0
79,330,180.0,179.998,0
80,0,150.293,150.293,0
80,30,120.531,120.555,0
80,60,90.835,90.825,0
80,90,61.007,61.029,0
80,120,31.157,31.135,0
80,150,1.329,1.34,0
80,180,331.249,331.244,0
80,210,300.839,300.819,0
80,240,270.67,270.661,0
80,270,240.469,240.479,0
80,300,210.048,210.049,0
80,330,180.0,180.004,0
81,0,150.304,150.309,0
81,30,120.564,120.564,0
81,60,90.802,90.824,0
81,90,60.996,61.018,0
81,120,31.135,31.122,0
81,150,1.329,1.329,0
81,180,331.26,331.26,0
81,210,300.85,300.828,0
81,240,270.681,270.667,0
81,270,240.48,240.48,0
81,300,210.059,210.048,0
81,330,179.978,179.978,0
82,0,150.315,150.293,0
82,30,120.542,120.553,0
82,60,90.802,90.818,0
82,90,61.029,61.022,0
82,120,31.157,31.137,0
82,150,1.329,1.34,0
82,180,331.238,331.271,0
82,210,300.806,300.817,0
82,240,270.659,270.661,0
82,270,240.48,240.485,0
82,300,210.048,210.05,0
82,330,180.011,180.005,0
83,0,150.315,150.305,0
83,30,120.542,120.571,0
83,60,90.835,90.833,0
83,90,61.029,61.029,0
83,120,31.124,31.134,0
83,150,1.329,1.332,0
83,180,331.249,331.24,0
83,210,300.817,300.814,0
83,240,270.659,270.659,0
83,270,240.48,240.48,0
83,300,210.059,210.048,0
83,330,179.978,179.993,0
84,0,150.304,150.304,0
84,30,120.553,120.56,0
84,60,90.813,90.815,0
84,90,61.029,61.01,0
84,120,31.135,31.124,0
84,150,1.34,1.334,0
84,180,331.271,331.249,0
84,210,300.817,300.827,0
84,240,270.67,270.669,0
84,270,240.48,240.497,0
84,300,210.07,210.068,0
84,330,179.978,180.0,0
85,0,150.315,150.286,0
85,30,120.542,120.553,0
85,60,90.824,90.812,0
85,90,61.007,61.018,0
85,120,31.135,31.124,0
85,150,1.318,1.324,0
85,180,331.26,331.249,0
85,210,300.828,300.817,0
85,240,270.67,270.659,0
85,270,240.502,240.487,0
85,300,210.026,210.049,0
85,330,180.0,180.0,0
86,0,150.304,150.295,0
86,30,120.553,120.546,0
86,60,90.835,90.831,0
86,90,61.018,61.029,0
86,120,31.113,31.135,0
86,150,1.351,1.341,0
86,180,331.249,331.253,0
86,210,300.828,300.822,0
86,240,270.637,270.653,0
86,270,240.458,240.474,0
86,300,210.059,210.048,0
86,330,180.0,179.993,0
87,0,150.315,150.304,0
87,30,120.564,120.56,0
87,60,90.824,90.827,0
87,90,61.007,61.029,0
87,120,31.146,31.135,0
87,150,1.329,1.34,0
87,180,331.238,331.262,0
87,210,300.85,300.827,0
87,240,270.659,270.666,0
87,270,240.469,240.474,0
87,300,210.048,210.042,0
87,330,180.0,179.991,0
88,0,150.293,150.294,0
88,30,120.564,120.564,0
88,60,90.846,90.827,0
88,90,61.018,61.029,0
88,120,31.146,31.139,0
88,150,1.351,1.34,0
88,180,331.238,331.252,0
88,210,300.828,300.817,0
88,240,270.67,270.667,0
88,270,240.48,240.491,0
88,300,210.026,210.041,0
88,330,179.978,180.0,0
89,0,150.293,150.313,0
89,30,120.553,120.553,0
89,60,90.791,90.823,0
89,90,61.007,61.025,0
89,120,31.146,31.135,0
89,150,1.329,1.34,0
89,180,331.249,331.256,0
89,210,300.817,300.828,0
89,240,270.648,270.67,0
89,270,240.502,240.483,0
89,300,210.048,210.048,0
89,330,179.989,180.002,0
90,0,150.293,150.291,0
90,30,120.52,120.553,0
90,60,90.791,90.813,0
90,90,61.018,61.018,0
90,120,31.124,31.132,0
90,150,1.34,1.332,0
90,180,331.26,331.252,0
90,210,300.806,300.817,0
90,240,270.659,270.664,0
90,270,240.491,240.491,0
90,300,210.037,210.048,0
90,330,180.011,180.003,0
91,0,150.315,150.305,0
91,30,120.553,120.56,0
91,60,90.802,90.813,0
91,90,61.029,61.019,0
91,120,31.124,31.124,0
91,150,1.329,1.335,0
91,180,331.26,331.249,0
91,210,300.828,300.827,0
91,240,270.648,270.67,0
91,270,240.491,240.492,0
91,300,210.048,210.037,0
91,330,179.989,179.997,0
92,0,150.282,150.296,0
92,30,120.52,120.555,0
92,60,90.835,90.815,0
92,90,61.007,61.016,0
92,120,31.124,31.135,0
92,150,1.329,1.34,0
92,180,331.249,331.259,0
92,210,300.817,300.828,0
92,240,270.659,270.67,0
92,270,240.491,240.485,0
92,300,210.026,210.047,0
92,330,179.989,179.998,0
93,0,150.271,150.289,0
93,30,120.542,120.542,0
93,60,90.813,90.802,0
93,90,61.029,61.028,0
93,120,31.157,31.144,0
93,150,1.351,1.348,0
93,180,331.249,331.269,0
93,210,300.817,300.821,0
93,240,270.681,270.67,0
93,270,240.48,240.49,0
93,300,210.048,210.042,0
93,330,179.989,179.989,0
94,0,150.293,150.293,0
94,30,120.553,120.553,0
94,60,90.813,90.818,0
94,90,61.029,61.028,0
94,120,31.146,31.143,0
94,150,1.34,1.34,0
94,180,331.26,331.255,0
94,210,300.817,300.823,0
94,240,270.67,270.67,0
94,270,240.491,240.491,0
94,300,210.048,210.039,0
94,330,179.989,179.991,0
95,0,150.315,150.284,0
95,30,120.542,120.551,0
95,60,90.791,90.815,0
95,90,61.029,61.026,0
95,120,31.135,31.136,0
95,150,1.329,1.34,0
95,180,331.227,331.251,0
95,210,300.828,300.818,0
95,240,270.659,270.66,0
95,270,240.491,240.486,0
95,300,210.037,210.04,0
95,330,180.0,180.001,0
96,0,150.282,150.312,0
96,30,120.542,120.556,0
96,60,90.835,90.824,0
96,90,61.018,61.019,0
96,120,31.124,31.125,0
96,150,1.351,1.34,0
96,180,331.249,331.24,0
96,210,300.828,300.825,0
96,240,270.648,270.659,0
96,270,240.48,240.481,0
96,300,210.048,210.048,0
96,330,179.989,179.995,0
97,0,150.293,150.293,0
97,30,120.564,120.564,0
97,60,90.835,90.825,0
97,90,61.029,61.025,0
97,120,31.113,31.135,0
97,150,1.329,1.336,0
97,180,331.238,331.248,0
97,210,300.817,300.819,0
97,240,270.67,270.67,0
97,270,240.48,240.483,0
97,300,210.015,210.05,0
97,330,180.0,180.002,0
98,0,150.293,150.312,0
98,30,120.564,120.553,0
98,60,90.813,90.813,0
98,90,61.029,61.018,0
98,120,31.124,31.117,0
98,150,1.329,1.329,0
98,180,331.26,331.254,0
98,210,300.828,300.818,0
98,240,270.67,270.669,0
98,270,240.48,240.493,0
98,300,210.059,210.054,0
98,330,179.989,180.0,0
99,0,150.326,150.308,0
99,30,120.542,120.558,0
99,60,90.835,90.824,0
99,90,61.018,61.028,0
99,120,31.135,31.134,0
99,150,1.329,1.336,0
99,180,331.238,331.258,0
99,210,300.817,300.823,0
99,240,270.648,270.667,0
99,270,240.491,240.487,0
99,300,210.048,210.043,0
99,330,179.978,180.0,0
100,0,150.293,150.302,0
100,30,120.542,120.557,0
100,60,90.835,90.823,0
100,90,61.007,61.027,0
100,120,31.124,31.126,0
100,150,1.351,1.334,0
100,180,331.238,331.254,0
100,210,300.85,300.839,0
100,240,270.659,270.67,0
100,270,240.469,240.491,0
100,300,210.037,210.052,0
100,330,180.0,180.0,0
101,0,150.26,150.298,0
101,30,120.553,120.553,0
101,60,90.813,90.813,0
101,90,61.029,61.011,0
101,120,31.135,31.124,0
101,150,1.362,1.339,0
101,180,331.238,331.253,0
101,210,300.828,300.828,0
101,240,270.67,270.681,0
101,270,240.513,240.491,0
101,300,210.048,210.057,0
101,330,179.989,180.001,0
102,0,150.315,150.304,0
102,30,120.553,120.553,0
102,60,90.813,90.816,0
102,90,61.04,61.029,0
102,120,31.135,31.146,0
102,150,1.351,1.34,0
102,180,331.249,331.24,0
102,210,300.817,300.828,0
102,240,270.659,270.668,0
102,270,240.469,240.491,0
102,300,210.059,210.04,0
102,330,180.022,179.995,0
103,0,150.315,150.304,0
103,30,120.542,120.553,0
103,60,90.791,90.824,0
103,90,60.985,61.018,0
103,120,31.135,31.135,0
103,150,1.34,1.344,0
103,180,331.271,331.271,0
103,210,300.828,300.839,0
103,240,270.67,270.675,0
103,270,240.48,240.491,0
103,300,210.048,210.048,0
103,330,180.0,179.989,0
104,0,150.304,150.301,0
104,30,120.553,120.551,0
104,60,90.791,90.813,0
104,90,61.04,61.008,0
104,120,31.157,31.135,0
104,150,1.351,1.34,0
104,180,331.26,331.239,0
104,210,300.828,300.822,0
104,240,270.659,270.669,0
104,270,240.48,240.492,0
104,300,210.059,210.054,0
104,330,180.011,180.008,0
105,0,150.315,150.311,0
105,30,120.564,120.555,0
105,60,90.824,90.824,0
105,90,61.018,61.025,0
105,120,31.135,31.126,0
105,150,1.318,1.33,0
105,180,331.238,331.242,0
105,210,300.828,300.831,0
105,240,270.659,270.669,0
105,270,240.48,240.483,0
105,300,210.037,210.043,0
105,330,179.989,179.989,0
106,0,150.293,150.293,0
106,30,120.564,120.551,0
106,60,90.802,90.815,0
106,90,61.029,61.028,0
106,120,31.168,31.139,0
106,150,1.351,1.34,0
106,180,331.238,331.249,0
106,210,300.817,300.825,0
106,240,270.648,270.662,0
106,270,240.513,240.492,0
106,300,210.07,210.047,0
106,330,180.011,180.007,0
107,0,150.326,150.298,0
107,30,120.564,120.566,0
107,60,90.824,90.824,0
107,90,61.018,61.028,0
107,120,31.135,31.132,0
107,150,1.351,1.333,0
107,180,331.26,331.254,0
107,210,300.817,300.824,0
107,240,270.681,270.653,0
107,270,240.502,240.48,0
107,300,210.037,210.038,0
107,330,180.0,179.996,0
108,0,150.304,150.301,0
108,30,120.553,120.562,0
108,60,90.824,90.833,0
108,90,61.018,61.027,0
108,120,31.124,31.134,0
108,150,1.34,1.34,0
108,180,331.249,331.254,0
108,210,300.828,300.828,0
108,240,270.67,270.67,0
108,270,240.502,240.492,0
108,300,210.081,210.054,0
108,330,179.989,180.0,0
109,0,150.271,150.295,0
109,30,120.564,120.553,0
109,60,90.78,90.813,0
109,90,61.018,61.018,0
109,120,31.124,31.124,0
109,150,1.329,1.329,0
109,180,331.249,331.249,0
109,210,300.828,300.824,0
109,240,270.67,270.67,0
109,270,240.513,240.494,0
109,300,210.059,210.065,0
109,330,180.0,180.008,0
110,0,150.304,150.304,0
110,30,120.542,120.56,0
110,60,90.802,90.816,0
110,90,61.007,61.011,0
110,120,31.113,31.128,0
110,150,1.318,1.328,0
110,180,331.238,331.244,0
110,210,300.817,300.823,0
110,240,270.67,270.67,0
110,270,240.491,240.501,0
110,300,210.059,210.054,0
110,330,179.989,180.0,0
111,0,150.282,150.295,0
111,30,120.542,120.553,0
111,60,90.802,90.802,0
111,90,61.029,61.018,0
111,120,31.102,31.132,0
111,150,1.34,1.34,0
111,180,331.271,331.255,0
111,210,300.828,300.84,0
111,240,270.67,270.682,0
111,270,240.502,240.502,0
111,300,210.048,210.048,0
111,330,180.0,179.997,0
112,0,150.326,150.303,0
112,30,120.575,120.547,0
112,60,90.813,90.809,0
112,90,61.029,61.01,0
112,120,31.146,31.125,0
112,150,1.34,1.343,0
112,180,331.238,331.264,0
112,210,300.839,300.836,0
112,240,270.67,270.676,0
112,270,240.491,240.494,0
112,300,210.037,210.049,0
112,330,180.022,180.011,0
113,0,150.293,150.304,0
113,30,120.553,120.556,0
113,60,90.802,90.831,0
113,90,61.018,61.028,0
113,120,31.124,31.12,0
113,150,1.318,1.341,0
113,180,331.238,331.25,0
113,210,300.817,300.828,0
113,240,270.637,270.675,0
113,270,240.48,240.491,0
113,300,210.048,210.056,0
113,330,180.033,180.005,0
114,0,150.282,150.304,0
114,30,120.564,120.557,0
114,60,90.824,90.813,0
114,90,60.996,61.017,0
114,120,31.113,31.124,0
114,150,1.34,1.329,0
114,180,331.249,331.249,0
114,210,300.85,300.828,0
114,240,270.681,270.67,0
114,270,240.491,240.491,0
114,300,210.07,210.059,0
114,330,180.0,180.007,0
115,0,150.304,150.315,0
115,30,120.542,120.563,0
115,60,90.846,90.82,0
115,90,61.007,61.014,0
115,120,31.113,31.124,0
115,150,1.351,1.34,0
115,180,331.26,331.249,0
115,210,300.817,300.821,0
115,240,270.659,270.669,0
115,270,240.48,240.491,0
115,300,210.059,210.052,0
115,330,180.0,180.002,0
116,0,150.293,150.309,0
116,30,120.564,120.555,0
116,60,90.824,90.82,0
116,90,61.029,61.022,0
116,120,31.124,31.123,0
116,150,1.318,1.329,0
116,180,331.249,331.263,0
116,210,300.828,300.828,0
116,240,270.659,270.67,0
116,270,240.48,240.484,0
116,300,210.07,210.045,0
116,330,179.989,179.999,0
117,0,150.282,150.293,0
117,30,120.531,120.553,0
117,60,90.846,90.82,0
117,90,61.007,61.018,0
117,120,31.124,31.139,0
117,150,1.34,1.349,0
117,180,331.238,331.239,0
117,210,300.806,300.829,0
117,240,270.659,270.659,0
117,270,240.502,240.493,0
117,300,210.059,210.051,0
117,330,180.0,180.004,0
118,0,150.282,150.304,0
118,30,120.564,120.554,0
118,60,90.835,90.824,0
118,90,61.018,61.029,0
118,120,31.113,31.133,0
118,150,1.34,1.34,0
118,180,331.227,331.26,0
118,210,300.828,300.817,0
118,240,270.659,270.67,0
118,270,240.48,240.473,0
118,300,210.026,210.037,0
118,330,180.0,179.999,0
119,0,150.304,150.304,0
119,30,120.564,120.573,0
119,60,90.824,90.835,0
119,90,61.018,61.028,0
119,120,31.135,31.126,0
119,150,1.318,1.34,0
119,180,331.249,331.238,0
119,210,300.817,300.82,0
119,240,270.637,270.659,0
119,270,240.502,240.479,0
119,300,210.048,210.037,0
119,330,180.0,180.0,0
120,0,150.315,150.297,0
120,30,120.542,120.547,0
120,60,90.813,90.807,0
120,90,60.996,61.013,0
120,120,31.135,31.128,0
120,150,1.34,1.335,0
120,180,331.26,331.255,0
120,210,300.839,300.831,0
120,240,270.692,270.681,0
120,270,240.491,240.502,0
120,300,210.048,210.059,0
120,330,180.011,180.0,0
121,0,150.315,150.3,0
121,30,120.531,120.553,0
121,60,90.791,90.818,0
121,90,61.018,61.018,0
121,120,31.124,31.134,0
121,150,1.34,1.34,0
121,180,331.249,331.254,0
121,210,300.828,300.844,0
121,240,270.681,270.676,0
121,270,240.48,240.502,0
121,300,210.048,210.048,0
121,330,179.978,179.989,0
122,0,150.304,150.291,0
122,30,120.531,120.543,0
122,60,90.813,90.809,0
122,90,61.018,61.018,0
122,120,31.135,31.125,0
122,150,1.34,1.34,0
122,180,331.249,331.262,0
122,210,300.828,300.833,0
122,240,270.67,270.681,0
122,270,240.469,240.493,0
122,300,210.037,210.054,0
122,330,179.989,180.004,0
123,0,150.293,150.298,0
123,30,120.542,120.553,0
123,60,90.846,90.82,0
123,90,61.007,61.016,0
123,120,31.146,31.121,0
123,150,1.329,1.339,0
123,180,331.227,331.247,0
123,210,300.828,300.819,0
123,240,270.681,270.671,0
123,270,240.491,240.491,0
123,300,210.081,210.05,0
123,330,180.0,180.001,0
124,0,150.304,150.304,0
124,30,120.553,120.564,0
124,60,90.824,90.828,0
124,90,61.04,61.024,0
124,120,31.124,31.129,0
124,150,1.351,1.334,0
124,180,331.271,331.265,0
124,210,300.839,300.83,0
124,240,270.67,270.677,0
124,270,240.491,240.486,0
124,300,210.048,210.037,0
124,330,180.0,179.999,0
125,0,150.282,150.304,0
125,30,120.553,120.553,0
125,60,90.813,90.815,0
125,90,61.04,61.019,0
125,120,31.146,31.132,0
125,150,1.329,1.34,0
125,180,331.249,331.247,0
125,210,300.817,300.81,0
125,240,270.648,270.664,0
125,270,240.491,240.489,0
125,300,210.048,210.048,0
125,330,180.011,180.01,0
126,0,150.326,150.313,0
126,30,120.542,120.563,0
126,60,90.824,90.834,0
126,90,61.04,61.018,0
126,120,31.135,31.139,0
126,150,1.318,1.335,0
126,180,331.227,331.238,0
126,210,300.806,300.805,0
126,240,270.692,270.656,0
126,270,240.48,240.482,0
126,300,210.037,210.044,0
126,330,180.0,179.992,0
127,0,150.282,150.311,0
127,30,120.575,120.564,0
127,60,90.824,90.824,0
127,90,61.007,61.029,0
127,120,31.124,31.132,0
127,150,1.34,1.335,0
127,180,331.238,331.247,0
127,210,300.828,300.817,0
127,240,270.659,270.668,0
127,270,240.48,240.475,0
127,300,210.037,210.047,0
127,330,180.0,179.992,0
128,0,150.293,150.301,0
128,30,120.553,120.551,0
128,60,90.813,90.813,0
128,90,61.029,61.018,0
128,120,31.124,31.124,0
128,150,1.329,1.339,0
128,180,331.26,331.266,0
128,210,300.828,300.83,0
128,240,270.637,270.67,0
128,270,240.491,240.487,0
128,300,210.048,210.04,0
128,330,180.022,180.0,0
129,0,150.304,150.294,0
129,30,120.553,120.553,0
129,60,90.802,90.815,0
129,90,61.018,61.007,0
129,120,31.124,31.123,0
129,150,1.318,1.329,0
129,180,331.249,331.249,0
129,210,300.828,300.834,0
129,240,270.648,270.67,0
129,270,240.502,240.5,0
129,300,210.081,210.057,0
129,330,180.0,180.001,0
130,0,150.282,150.301,0
130,30,120.542,120.553,0
130,60,90.813,90.811,0
130,90,60.996,61.007,0
130,120,31.124,31.117,0
130,150,1.318,1.34,0
130,180,331.227,331.249,0
130,210,300.806,300.828,0
130,240,270.692,270.67,0
130,270,240.502,240.489,0
130,300,210.059,210.053,0
130,330,180.011,180.007,0
131,0,150.282,150.296,0
131,30,120.564,120.554,0
131,60,90.813,90.824,0
131,90,60.996,61.026,0
131,120,31.124,31.126,0
131,150,1.307,1.329,0
131,180,331.249,331.242,0
131,210,300.795,300.822,0
131,240,270.67,270.661,0
131,270,240.502,240.497,0
131,300,210.048,210.06,0
131,330,180.0,179.993,0
132,0,150.293,150.304,0
132,30,120.542,120.552,0
132,60,90.813,90.826,0
132,90,61.029,61.025,0
132,120,31.124,31.135,0
132,150,1.351,1.34,0
132,180,331.271,331.263,0
132,210,300.839,300.82,0
132,240,270.659,270.659,0
132,270,240.491,240.48,0
132,300,210.026,210.043,0
132,330,179.978,180.0,0
133,0,150.304,150.304,0
133,30,120.575,120.563,0
133,60,90.835,90.826,0
133,90,61.029,61.022,0
133,120,31.113,31.135,0
133,150,1.34,1.34,0
133,180,331.249,331.238,0
133,210,300.828,300.817,0
133,240,270.67,270.67,0
133,270,240.469,240.49,0
133,300,210.048,210.056,0
133,330,179.978,180.0,0
134,0,150.326,150.315,0
134,30,120.52,120.554,0
134,60,90.813,90.824,0
134,90,61.018,61.025,0
134,120,31.124,31.128,0
134,150,1.34,1.333,0
134,180,331.26,331.231,0
134,210,300.806,300.806,0
134,240,270.681,270.659,0
134,270,240.469,240.482,0
134,300,210.048,210.039,0
134,330,179.989,179.989,0
135,0,150.315,150.301,0
135,30,120.553,120.564,0
135,60,90.835,90.835,0
135,90,61.029,61.029,0
135,120,31.135,31.146,0
135,150,1.34,1.34,0
135,180,331.249,331.251,0
135,210,300.806,300.828,0
135,240,270.67,270.659,0
135,270,240.48,240.485,0
135,300,210.037,210.042,0
135,330,179.967,180.0,0
136,0,150.293,150.294,0
136,30,120.553,120.558,0
136,60,90.813,90.813,0
136,90,61.007,61.007,0
136,120,31.113,31.123,0
136,150,1.318,1.329,0
136,180,331.249,331.259,0
136,210,300.85,300.834,0
136,240,270.67,270.671,0
136,270,240.513,240.492,0
136,300,210.037,210.048,0
136,330,179.989,180.0,0
137,0,150.304,150.305,0
137,30,120.542,120.553,0
137,60,90.791,90.809,0
137,90,61.007,61.008,0
137,120,31.124,31.126,0
137,150,1.351,1.334,0
137,180,331.249,331.26,0
137,210,300.828,300.824,0
137,240,270.659,270.673,0
137,270,240.491,240.498,0
137,300,210.048,210.052,0
137,330,179.989,180.0,0
138,0,150.282,150.304,0
138,30,120.553,120.553,0
138,60,90.813,90.809,0
138,90,61.018,61.018,0
138,120,31.124,31.13,0
138,150,1.329,1.329,0
138,180,331.238,331.238,0
138,210,300.839,300.817,0
138,240,270.659,270.669,0
138,270,240.502,240.501,0
138,300,210.07,210.041,0
138,330,180.011,180.011,0
139,0,150.326,150.307,0
139,30,120.564,120.564,0
139,60,90.824,90.827,0
139,90,60.963,60.991,0
139,120,31.102,31.091,0
139,150,1.318,1.315,0
139,180,331.238,331.229,0
139,210,300.817,300.828,0
139,240,270.67,270.67,0
139,270,240.524,240.502,0
139,300,210.059,210.078,0
139,330,180.011,180.022,0
140,0,150.337,150.312,0
140,30,120.564,120.562,0
140,60,90.791,90.813,0
140,90,60.974,60.997,0
140,120,31.091,31.099,0
140,150,1.329,1.314,0
140,180,331.227,331.238,0
140,210,300.795,300.817,0
140,240,270.648,270.654,0
140,270,240.458,240.485,0
140,300,210.037,210.048,0
140,330,180.011,180.0,0
141,0,150.315,150.304,0
141,30,120.564,120.564,0
141,60,90.846,90.827,0
141,90,61.029,61.029,0
141,120,31.146,31.124,0
141,150,1.329,1.337,0
141,180,331.271,331.241,0
141,210,300.839,300.83,0
141,240,270.681,270.67,0
141,270,240.513,240.492,0
141,300,210.048,210.048,0
141,330,179.989,180.0,0
142,0,150.282,150.308,0
142,30,120.542,120.553,0
142,60,90.813,90.825,0
142,90,61.018,61.018,0
142,120,31.124,31.13,0
142,150,1.351,1.338,0
142,180,331.238,331.258,0
142,210,300.839,300.828,0
142,240,270.648,270.67,0
142,270,240.491,240.491,0
142,300,210.048,210.048,0
142,330,179.989,180.0,0
143,0,150.271,150.307,0
143,30,120.564,120.553,0
143,60,90.824,90.824,0
143,90,61.029,61.026,0
143,120,31.124,31.135,0
143,150,1.329,1.349,0
143,180,331.249,331.252,0
143,210,300.806,300.824,0
143,240,270.681,270.67,0
143,270,240.502,240.491,0
143,300,210.048,210.048,0
143,330,180.0,180.0,0
144,0,150.271,150.314,0
144,30,120.542,120.553,0
144,60,90.824,90.82,0
144,90,61.018,61.025,0
144,120,31.124,31.133,0
144,150,1.34,1.334,0
144,180,331.227,331.244,0
144,210,300.806,300.828,0
144,240,270.659,270.669,0
144,270,240.502,240.502,0
144,300,210.048,210.052,0
144,330,179.989,179.991,0
145,0,150.26,150.298,0
145,30,120.597,120.554,0
145,60,90.835,90.824,0
145,90,61.04,61.038,0
145,120,31.135,31.146,0
145,150,1.351,1.346,0
145,180,331.26,331.238,0
145,210,300.806,300.829,0
145,240,270.692,270.661,0
145,270,240.48,240.498,0
145,300,210.026,210.055,0
145,330,180.0,180.002,0
146,0,150.293,150.293,0
146,30,120.553,120.561,0
146,60,90.824,90.824,0
146,90,60.996,61.018,0
146,120,31.135,31.124,0
146,150,1.34,1.34,0
146,180,331.26,331.253,0
146,210,300.817,300.828,0
146,240,270.659,270.67,0
146,270,240.491,240.494,0
146,300,210.037,210.047,0
146,330,179.967,179.989,0
147,0,150.271,150.302,0
147,30,120.553,120.553,0
147,60,90.813,90.824,0
147,90,61.018,61.025,0
147,120,31.135,31.143,0
147,150,1.318,1.344,0
147,180,331.238,331.249,0
147,210,300.817,300.824,0
147,240,270.67,270.651,0
147,270,240.48,240.485,0
147,300,210.048,210.048,0
147,330,179.967,179.985,0
148,0,150.282,150.282,0
148,30,120.52,120.529,0
148,60,90.802,90.802,0
148,90,61.029,61.027,0
148,120,31.146,31.146,0
148,150,1.351,1.351,0
148,180,331.26,331.254,0
148,210,300.828,300.846,0
148,240,270.681,270.681,0
148,270,240.469,240.492,0
148,300,210.037,210.042,0
148,330,179.956,179.978,0
149,0,150.26,150.27,0
149,30,120.531,120.519,0
149,60,90.78,90.802,0
149,90,61.018,61.022,0
149,120,31.124,31.124,0
149,150,1.34,1.34,0
149,180,331.238,331.264,0
149,210,300.85,300.834,0
149,240,270.659,270.67,0
149,270,240.513,240.502,0
149,300,210.059,210.055,0
149,330,179.989,180.0,0
150,0,150.304,150.304,0
150,30,120.575,120.554,0
150,60,90.791,90.813,0
150,90,61.018,61.022,0
150,120,31.124,31.131,0
150,150,1.34,1.336,0
150,180,331.26,331.25,0
150,210,300.828,300.828,0
150,240,270.637,270.659,0
150,270,240.491,240.493,0
150,300,210.048,210.048,0
150,330,180.011,180.009,0
151,0,150.304,150.309,0
151,30,120.564,120.555,0
151,60,90.846,90.832,0
151,90,61.018,61.024,0
151,120,31.135,31.135,0
151,150,1.362,1.34,0
151,180,331.26,331.261,0
151,210,300.828,300.828,0
151,240,270.659,270.672,0
151,270,240.491,240.497,0
151,300,210.048,210.04,0
151,330,179.989,180.0,0
152,0,150.304,150.304,0
152,30,120.553,120.564,0
152,60,90.846,90.824,0
152,90,61.04,61.022,0
152,120,31.124,31.135,0
152,150,1.318,1.345,0
152,180,331.238,331.259,0
152,210,300.828,300.828,0
152,240,270.659,270.67,0
152,270,240.502,240.494,0
152,300,210.059,210.052,0
152,330,180.0,180.003,0
153,0,150.326,150.315,0
153,30,120.553,120.571,0
153,60,90.813,90.831,0
153,90,61.007,61.018,0
153,120,31.135,31.124,0
153,150,1.351,1.33,0
153,180,331.249,331.247,0
153,210,300.817,300.817,0
153,240,270.659,270.659,0
153,270,240.48,240.49,0
153,300,210.048,210.042,0
153,330,179.989,180.0,0
154,0,150.293,150.295,0
154,30,120.564,120.558,0
154,60,90.824,90.833,0
154,90,61.018,61.029,0
154,120,31.124,31.145,0
154,150,1.362,1.34,0
154,180,331.249,331.25,0
154,210,300.828,300.82,0
154,240,270.67,270.67,0
154,270,240.491,240.493,0
154,300,210.059,210.059,0
154,330,180.022,179.998,0
155,0,150.304,150.297,0
155,30,120.553,120.553,0
155,60,90.813,90.82,0
155,90,61.007,61.018,0
155,120,31.102,31.122,0
155,150,1.34,1.339,0
155,180,331.271,331.258,0
155,210,300.828,300.828,0
155,240,270.67,270.67,0
155,270,240.502,240.493,0
155,300,210.026,210.048,0
155,330,180.0,180.003,0
156,0,150.282,150.303,0
156,30,120.542,120.553,0
156,60,90.846,90.824,0
156,90,61.04,61.018,0
156,120,31.146,31.135,0
156,150,1.34,1.347,0
156,180,331.271,331.269,0
156,210,300.817,300.83,0
156,240,270.659,270.67,0
156,270,240.491,240.491,0
156,300,210.081,210.049,0
156,330,179.989,179.999,0
157,0,150.293,150.286,0
157,30,120.553,120.553,0
157,60,90.824,90.824,0
157,90,60.996,61.007,0
157,120,31.113,31.121,0
157,150,1.318,1.332,0
157,180,331.249,331.249,0
157,210,300.828,300.833,0
157,240,270.67,270.681,0
157,270,240.502,240.502,0
157,300,210.059,210.059,0
157,330,180.033,180.011,0
158,0,150.293,150.312,0
158,30,120.564,120.564,0
158,60,90.824,90.805,0
158,90,60.985,61.002,0
158,120,31.102,31.113,0
158,150,1.307,1.329,0
158,180,331.271,331.252,0
158,210,300.828,300.83,0
158,240,270.67,270.67,0
158,270,240.491,240.494,0
158,300,210.07,210.048,0
158,330,180.033,180.003,0
159,0,150.293,150.293,0
159,30,120.531,120.555,0
159,60,90.824,90.823,0
159,90,60.996,61.013,0
159,120,31.124,31.124,0
159,150,1.34,1.34,0
159,180,331.271,331.258,0
159,210,300.806,300.828,0
159,240,270.67,270.67,0
159,270,240.502,240.491,0
159,300,210.048,210.048,0
159,330,180.0,179.998,0
160,0,150.282,150.304,0
160,30,120.542,120.542,0
160,60,90.813,90.813,0
160,90,61.007,61.009,0
160,120,31.135,31.124,0
160,150,1.318,1.337,0
160,180,331.26,331.26,0
160,210,300.828,300.828,0
160,240,270.681,270.681,0
160,270,240.513,240.498,0
160,300,210.048,210.048,0
160,330,180.0,180.0,0
161,0,150.293,150.3,0
161,30,120.542,120.551,0
161,60,90.813,90.813,0
161,90,60.985,61.007,0
161,120,31.124,31.124,0
161,150,1.329,1.34,0
161,180,331.271,331.247,0
161,210,300.817,300.819,0
161,240,270.659,270.662,0
161,270,240.491,240.483,0
161,300,210.048,210.052,0
161,330,180.011,180.007,0
162,0,150.304,150.306,0
162,30,120.564,120.55,0
162,60,90.824,90.822,0
162,90,61.007,61.029,0
162,120,31.157,31.142,0
162,150,1.351,1.351,0
162,180,331.249,331.26,0
162,210,300.828,300.83,0
162,240,270.67,270.671,0
162,270,240.502,240.502,0
162,300,210.048,210.05,0
162,330,180.011,179.996,0
163,0,150.282,150.302,0
163,30,120.553,120.553,0
163,60,90.802,90.813,0
163,90,61.018,61.015,0
163,120,31.135,31.133,0
163,150,1.34,1.34,0
163,180,331.249,331.255,0
163,210,300.839,300.829,0
163,240,270.692,270.681,0
163,270,240.469,240.5,0
163,300,210.07,210.049,0
163,330,179.989,180.0,0
164,0,150.304,150.304,0
164,30,120.531,120.561,0
164,60,90.802,90.812,0
164,90,61.007,61.026,0
164,120,31.157,31.132,0
164,150,1.351,1.34,0
164,180,331.238,331.251,0
164,210,300.817,300.817,0
164,240,270.681,270.658,0
164,270,240.491,240.491,0
164,300,210.059,210.048,0
164,330,180.0,180.0,0
165,0,150.293,150.293,0
165,30,120.564,120.553,0
165,60,90.824,90.827,0
165,90,61.029,61.025,0
165,120,31.135,31.131,0
165,150,1.318,1.329,0
165,180,331.271,331.251,0
165,210,300.795,300.835,0
165,240,270.681,270.672,0
165,270,240.491,240.496,0
165,300,210.081,210.049,0
165,330,180.0,180.002,0
166,0,150.315,150.304,0
166,30,120.564,120.553,0
166,60,90.791,90.823,0
166,90,61.018,61.019,0
166,120,31.124,31.124,0
166,150,1.351,1.338,0
166,180,331.238,331.25,0
166,210,300.828,300.819,0
166,240,270.67,270.67,0
166,270,240.491,240.498,0
166,300,210.048,210.056,0
166,330,180.0,180.0,0
167,0,150.315,150.315,0
167,30,120.564,120.561,0
167,60,90.802,90.813,0
167,90,61.007,61.015,0
167,120,31.157,31.132,0
167,150,1.318,1.337,0
167,180,331.26,331.262,0
167,210,300.828,300.833,0
167,240,270.67,270.679,0
167,270,240.491,240.491,0
167,300,210.059,210.049,0
167,330,179.989,179.999,0
168,0,150.293,150.3,0
168,30,120.542,120.553,0
168,60,90.813,90.813,0
168,90,60.985,61.017,0
168,120,31.135,31.134,0
168,150,1.329,1.334,0
168,180,331.26,331.253,0
168,210,300.85,300.842,0
168,240,270.681,270.681,0
168,270,240.491,240.51,0
168,300,210.081,210.061,0
168,330,179.989,180.0,0
169,0,150.293,150.298,0
169,30,120.553,120.553,0
169,60,90.791,90.802,0
169,90,61.007,61.006,0
169,120,31.135,31.123,0
169,150,1.329,1.34,0
169,180,331.282,331.255,0
169,210,300.839,300.835,0
169,240,270.67,270.681,0
169,270,240.502,240.502,0
169,300,210.059,210.059,0
169,330,179.989,180.004,0
170,0,150.304,150.306,0
170,30,120.575,120.562,0
170,60,90.78,90.827,0
170,90,61.029,61.02,0
170,120,31.113,31.137,0
170,150,1.351,1.346,0
170,180,331.26,331.26,0
170,210,300.817,300.828,0
170,240,270.648,270.673,0
170,270,240.48,240.491,0
170,300,210.048,210.048,0
170,330,180.022,179.999,0
171,0,150.282,150.293,0
171,30,120.531,120.553,0
171,60,90.802,90.803,0
171,90,61.029,61.01,0
171,120,31.113,31.128,0
171,150,1.329,1.34,0
171,180,331.249,331.261,0
171,210,300.817,300.839,0
171,240,270.659,270.679,0
171,270,240.491,240.504,0
171,300,210.07,210.057,0
171,330,180.0,180.0,0
172,0,150.304,150.304,0
172,30,120.542,120.553,0
172,60,90.824,90.816,0
172,90,61.018,61.018,0
172,120,31.124,31.128,0
172,150,1.329,1.329,0
172,180,331.238,331.249,0
172,210,300.85,300.825,0
172,240,270.67,270.68,0
172,270,240.48,240.502,0
172,300,210.037,210.051,0
172,330,179.989,180.003,0
173,0,150.293,150.301,0
173,30,120.531,120.551,0
173,60,90.813,90.813,0
173,90,61.007,61.026,0
173,120,31.124,31.124,0
173,150,1.329,1.335,0
173,180,331.238,331.242,0
173,210,300.828,300.828,0
173,240,270.681,270.661,0
173,270,240.502,240.491,0
173,300,210.059,210.048,0
173,330,180.022,180.007,0
174,0,150.304,150.314,0
174,30,120.564,120.56,0
174,60,90.824,90.822,0
174,90,61.018,61.007,0
174,120,31.124,31.117,0
174,150,1.34,1.328,0
174,180,331.238,331.249,0
174,210,300.828,300.828,0
174,240,270.659,270.67,0
174,270,240.491,240.501,0
174,300,210.037,210.057,0
174,330,180.0,180.0,0
175,0,150.315,150.312,0
175,30,120.553,120.562,0
175,60,90.802,90.821,0
175,90,61.029,61.013,0
175,120,31.135,31.132,0
175,150,1.34,1.34,0
175,180,331.249,331.253,0
175,210,300.828,300.828,0
175,240,270.692,270.67,0
175,270,240.502,240.492,0
175,300,210.037,210.057,0
175,330,179.989,179.992,0
176,0,150.304,150.294,0
176,30,120.553,120.544,0
176,60,90.802,90.813,0
176,90,60.996,61.007,0
176,120,31.146,31.124,0
176,150,1.329,1.329,0
176,180,331.238,331.252,0
176,210,300.839,300.835,0
176,240,270.681,270.681,0
176,270,240.491,240.505,0
176,300,210.081,210.061,0
176,330,180.011,180.0,0
177,0,150.293,150.298,0
177,30,120.553,120.553,0
177,60,90.813,90.813,0
177,90,60.996,60.996,0
177,120,31.135,31.113,0
177,150,1.307,1.316,0
177,180,331.271,331.247,0
177,210,300.85,300.832,0
177,240,270.681,270.679,0
177,270,240.502,240.504,0
177,300,210.048,210.055,0
177,330,180.011,180.011,0
178,0,150.315,150.309,0
178,30,120.553,120.553,0
178,60,90.802,90.801,0
178,90,61.018,61.007,0
178,120,31.135,31.124,0
178,150,1.318,1.334,0
178,180,331.249,331.256,0
178,210,300.839,300.835,0
178,240,270.681,270.681,0
178,270,240.502,240.501,0
178,300,210.059,210.051,0
178,330,179.989,179.989,0
179,0,150.282,150.293,0
179,30,120.542,120.542,0
179,60,90.78,90.809,0
179,90,61.018,61.019,0
179,120,31.124,31.13,0
179,150,1.329,1.338,0
179,180,331.271,331.25,0
179,210,300.839,300.841,0
179,240,270.681,270.678,0
179,270,240.513,240.498,0
179,300,210.048,210.047,0
179,330,179.989,179.99,0
180,0,150.304,150.293,0
180,30,120.542,120.55,0
180,60,90.824,90.814,0
180,90,61.007,61.018,0
180,120,31.135,31.124,0
180,150,1.318,1.333,0
180,180,331.249,331.256,0
180,210,300.828,300.828,0
180,240,270.637,270.67,0
180,270,240.491,240.494,0
180,300,210.048,210.049,0
180,330,180.0,179.995,0
181,0,150.282,150.3,0
181,30,120.586,120.562,0
181,60,90.824,90.818,0
181,90,61.007,61.018,0
181,120,31.135,31.128,0
181,150,1.329,1.339,0
181,180,331.26,331.26,0
181,210,300.839,300.841,0
181,240,270.681,270.677,0
181,270,240.491,240.494,0
181,300,210.059,210.048,0
181,330,179.978,179.997,0
182,0,150.293,150.286,0
182,30,120.553,120.551,0
182,60,90.802,90.81,0
182,90,61.007,61.007,0
182,120,31.113,31.114,0
182,150,1.318,1.329,0
182,180,331.26,331.253,0
182,210,300.839,300.839,0
182,240,270.659,270.678,0
182,270,240.502,240.509,0
182,300,210.07,210.049,0
182,330,180.011,180.0,0
183,0,150.282,150.304,0
183,30,120.542,120.553,0
183,60,90.813,90.817,0
183,90,61.018,61.018,0
183,120,31.113,31.131,0
183,150,1.329,1.34,0
183,180,331.249,331.249,0
183,210,300.828,300.832,0
183,240,270.67,270.67,0
183,270,240.48,240.484,0
183,300,210.048,210.048,0
183,330,180.0,179.989,0
184,0,150.304,150.301,0
184,30,120.542,120.552,0
184,60,90.78,90.816,0
184,90,61.04,61.018,0
184,120,31.135,31.135,0
184,150,1.351,1.347,0
184,180,331.271,331.255,0
184,210,300.85,300.839,0
184,240,270.67,270.67,0
184,270,240.48,240.491,0
184,300,210.026,210.047,0
184,330,179.978,179.999,0
185,0,150.315,150.304,0
185,30,120.553,120.557,0
185,60,90.813,90.817,0
185,90,61.029,61.009,0
185,120,31.113,31.113,0
185,150,1.329,1.329,0
185,180,331.238,331.251,0
185,210,300.828,300.829,0
185,240,270.681,270.681,0
185,270,240.48,240.502,0
185,300,210.037,210.048,0
185,330,179.989,180.0,0
186,0,150.304,150.308,0
186,30,120.553,120.553,0
186,60,90.824,90.813,0
186,90,61.018,61.018,0
186,120,31.135,31.13,0
186,150,1.34,1.34,0
186,180,331.26,331.259,0
186,210,300.806,300.83,0
186,240,270.67,270.67,0
186,270,240.502,240.492,0
186,300,210.048,210.059,0
186,330,180.0,180.0,0
187,0,150.304,150.301,0
187,30,120.575,120.558,0
187,60,90.78,90.815,0
187,90,61.007,61.02,0
187,120,31.135,31.134,0
187,150,1.351,1.329,0
187,180,331.249,331.26,0
187,210,300.828,300.828,0
187,240,270.67,270.671,0
187,270,240.513,240.502,0
187,300,210.059,210.06,0
187,330,179.989,180.008,0
188,0,150.304,150.315,0
188,30,120.586,120.564,0
188,60,90.813,90.829,0
188,90,61.018,61.008,0
188,120,31.124,31.122,0
188,150,1.34,1.333,0
188,180,331.26,331.25,0
188,210,300.85,300.843,0
188,240,270.681,270.681,0
188,270,240.502,240.504,0
188,300,210.048,210.059,0
188,330,180.022,180.004,0
189,0,150.304,150.304,0
189,30,120.553,120.563,0
189,60,90.824,90.813,0
189,90,61.007,61.01,0
189,120,31.124,31.135,0
189,150,1.34,1.34,0
189,180,331.26,331.271,0
189,210,300.85,300.853,0
189,240,270.681,270.692,0
189,270,240.491,240.502,0
189,300,210.037,210.048,0
189,330,179.978,179.989,0
190,0,150.293,150.276,0
190,30,120.542,120.542,0
190,60,90.802,90.811,0
190,90,61.007,61.01,0
190,120,31.146,31.134,0
190,150,1.351,1.351,0
190,180,331.271,331.265,0
190,210,300.861,300.85,0
190,240,270.67,270.683,0
190,270,240.513,240.505,0
190,300,210.048,210.048,0
190,330,179.989,179.989,0
191,0,150.304,150.292,0
191,30,120.531,120.549,0
191,60,90.835,90.813,0
191,90,60.985,61.016,0
191,120,31.135,31.135,0
191,150,1.34,1.351,0
191,180,331.26,331.271,0
191,210,300.85,300.85,0
191,240,270.681,270.68,0
191,270,240.502,240.497,0
191,300,210.037,210.051,0
191,330,180.0,179.99,0
192,0,150.293,150.294,0
192,30,120.542,120.544,0
192,60,90.802,90.803,0
192,90,60.996,61.006,0
192,120,31.146,31.128,0
192,150,1.351,1.344,0
192,180,331.249,331.271,0
192,210,300.839,300.85,0
192,240,270.692,270.688,0
192,270,240.48,240.513,0
192,300,210.037,210.048,0
192,330,180.011,179.993,0
193,0,150.282,150.285,0
193,30,120.542,120.544,0
193,60,90.813,90.805,0
193,90,60.996,61.011,0
193,120,31.124,31.132,0
193,150,1.351,1.329,0
193,180,331.227,331.255,0
193,210,300.839,300.839,0
193,240,270.67,270.683,0
193,270,240.546,240.504,0
193,300,210.048,210.059,0
193,330,180.0,180.0,0
194,0,150.293,150.295,0
194,30,120.542,120.554,0
194,60,90.813,90.813,0
194,90,61.029,61.019,0
194,120,31.124,31.135,0
194,150,1.351,1.34,0
194,180,331.271,331.264,0
194,210,300.828,300.839,0
194,240,270.681,270.679,0
194,270,240.48,240.501,0
194,300,210.048,210.048,0
194,330,179.989,179.99,0
195,0,150.315,150.304,0
195,30,120.553,120.555,0
195,60,90.846,90.813,0
195,90,61.04,61.011,0
195,120,31.124,31.128,0
195,150,1.34,1.34,0
195,180,331.271,331.261,0
195,210,300.85,300.839,0
195,240,270.703,270.68,0
195,270,240.491,240.502,0
195,300,210.048,210.059,0
195,330,179.978,180.0,0
196,0,150.293,150.285,0
196,30,120.542,120.553,0
196,60,90.813,90.823,0
196,90,61.007,61.018,0
196,120,31.113,31.124,0
196,150,1.34,1.34,0
196,180,331.271,331.26,0
196,210,300.85,300.846,0
196,240,270.67,270.681,0
196,270,240.48,240.502,0
196,300,210.07,210.063,0
196,330,180.0,180.002,0
197,0,150.293,150.301,0
197,30,120.542,120.545,0
197,60,90.824,90.813,0
197,90,61.018,61.009,0
197,120,31.124,31.126,0
197,150,1.34,1.346,0
197,180,331.216,331.238,0
197,210,300.828,300.822,0
197,240,270.648,270.66,0
197,270,240.502,240.5,0
197,300,210.048,210.059,0
197,330,180.0,180.0,0
198,0,150.293,150.302,0
198,30,120.575,120.564,0
198,60,90.824,90.833,0
198,90,61.04,61.029,0
198,120,31.135,31.131,0
198,150,1.329,1.336,0
198,180,331.216,331.253,0
198,210,300.828,300.822,0
198,240,270.67,270.664,0
198,270,240.491,240.507,0
198,300,210.07,210.06,0
198,330,179.989,180.001,0
199,0,150.293,150.293,0
199,30,120.542,120.542,0
199,60,90.813,90.809,0
199,90,61.018,61.016,0
199,120,31.124,31.124,0
199,150,1.34,1.34,0
199,180,331.282,331.264,0
199,210,300.828,300.844,0
199,240,270.703,270.681,0
199,270,240.513,240.503,0
199,300,210.037,210.055,0
199,330,180.022,180.0,0
200,0,150.293,150.3,0
200,30,120.553,120.547,0
200,60,90.813,90.807,0
200,90,61.007,61.018,0
200,120,31.124,31.124,0
200,150,1.351,1.351,0
200,180,331.293,331.271,0
200,210,300.872,300.855,0
200,240,270.714,270.688,0
200,270,240.502,240.507,0
200,300,210.059,210.059,0
200,330,180.0,179.995,0
201,0,150.293,150.293,0
201,30,120.553,120.55,0
201,60,90.813,90.807,0
201,90,61.007,61.0,0
201,120,31.124,31.125,0
201,150,1.34,1.335,0
201,180,331.282,331.249,0
201,210,300.861,300.846,0
201,240,270.67,270.691,0
201,270,240.524,240.52,0
201,300,210.059,210.067,0
201,330,179.989,179.998,0
202,0,150.304,150.304,0
202,30,120.564,120.547,0
202,60,90.824,90.811,0
202,90,61.007,61.007,0
202,120,31.113,31.124,0
202,150,1.351,1.343,0
202,180,331.271,331.271,0
202,210,300.861,300.849,0
202,240,270.681,270.691,0
202,270,240.502,240.502,0
202,300,210.048,210.048,0
202,330,179.989,179.991,0
203,0,150.304,150.294,0
203,30,120.553,120.538,0
203,60,90.802,90.811,0
203,90,60.996,61.009,0
203,120,31.113,31.124,0
203,150,1.318,1.333,0
203,180,331.271,331.26,0
203,210,300.839,300.839,0
203,240,270.681,270.681,0
203,270,240.491,240.504,0
203,300,210.07,210.063,0
203,330,180.033,180.003,0
204,0,150.315,150.304,0
204,30,120.52,120.555,0
204,60,90.813,90.811,0
204,90,61.007,60.998,0
204,120,31.102,31.124,0
204,150,1.318,1.329,0
204,180,331.238,331.262,0
204,210,300.839,300.839,0
204,240,270.703,270.682,0
204,270,240.513,240.513,0
204,300,210.048,210.062,0
204,330,179.989,180.0,0
205,0,150.293,150.305,0
205,30,120.553,120.553,0
205,60,90.813,90.802,0
205,90,61.018,61.015,0
205,120,31.135,31.122,0
205,150,1.351,1.347,0
205,180,331.271,331.26,0
205,210,300.861,300.839,0
205,240,270.659,270.681,0
205,270,240.513,240.502,0
205,300,210.048,210.054,0
205,330,180.0,179.993,0
206,0,150.315,150.287,0
206,30,120.553,120.546,0
206,60,90.802,90.807,0
206,90,60.996,61.014,0
206,120,31.135,31.128,0
206,150,1.34,1.329,0
206,180,331.238,331.249,0
206,210,300.839,300.833,0
206,240,270.67,270.675,0
206,270,240.491,240.503,0
206,300,210.048,210.049,0
206,330,180.0,180.011,0
207,0,150.304,150.309,0
207,30,120.553,120.569,0
207,60,90.813,90.822,0
207,90,61.007,61.017,0
207,120,31.124,31.126,0
207,150,1.351,1.341,0
207,180,331.271,331.27,0
207,210,300.839,300.846,0
207,240,270.692,270.687,0
207,270,240.469,240.502,0
207,300,210.048,210.048,0
207,330,179.978,179.996,0
208,0,150.293,150.293,0
208,30,120.553,120.545,0
208,60,90.813,90.807,0
208,90,61.007,61.018,0
208,120,31.135,31.128,0
208,150,1.373,1.354,0
208,180,331.249,331.266,0
208,210,300.861,300.85,0
208,240,270.67,270.692,0
208,270,240.513,240.502,0
208,300,210.07,210.059,0
208,330,179.978,179.996,0
209,0,150.293,150.289,0
209,30,120.52,120.542,0
209,60,90.824,90.805,0
209,90,60.996,61.007,0
209,120,31.113,31.124,0
209,150,1.351,1.34,0
209,180,331.249,331.255,0
209,210,300.817,300.835,0
209,240,270.67,270.677,0
209,270,240.502,240.509,0
209,300,210.07,210.057,0
209,330,180.022,180.0,0
210,0,150.293,150.301,0
210,30,120.553,120.553,0
210,60,90.791,90.813,0
210,90,61.007,61.013,0
210,120,31.135,31.122,0
210,150,1.318,1.338,0
210,180,331.282,331.272,0
210,210,300.85,300.85,0
210,240,270.692,270.69,0
210,270,240.469,240.497,0
210,300,210.048,210.045,0
210,330,180.0,179.989,0
211,0,150.282,150.291,0
211,30,120.531,120.546,0
211,60,90.824,90.8,0
211,90,61.007,61.018,0
211,120,31.135,31.135,0
211,150,1.34,1.355,0
211,180,331.282,331.26,0
211,210,300.861,300.854,0
211,240,270.714,270.692,0
211,270,240.524,240.502,0
211,300,210.037,210.056,0
211,330,179.978,180.0,0
212,0,150.282,150.293,0
212,30,120.531,120.542,0
212,60,90.813,90.802,0
212,90,60.996,61.008,0
212,120,31.124,31.124,0
212,150,1.351,1.34,0
212,180,331.271,331.26,0
212,210,300.861,300.841,0
212,240,270.67,270.691,0
212,270,240.491,240.496,0
212,300,210.048,210.045,0
212,330,179.945,179.989,0
213,0,150.304,150.293,0
213,30,120.542,120.542,0
213,60,90.813,90.812,0
213,90,61.007,61.014,0
213,120,31.135,31.135,0
213,150,1.34,1.35,0
213,180,331.249,331.267,0
213,210,300.861,300.85,0
213,240,270.67,270.677,0
213,270,240.48,240.491,0
213,300,210.037,210.037,0
213,330,179.989,179.989,0
214,0,150.282,150.282,0
214,30,120.531,120.542,0
214,60,90.813,90.813,0
214,90,60.996,61.018,0
214,120,31.113,31.125,0
214,150,1.351,1.345,0
214,180,331.26,331.271,0
214,210,300.85,300.853,0
214,240,270.659,270.688,0
214,270,240.491,240.5,0
214,300,210.081,210.049,0
214,330,180.0,179.998,0
215,0,150.293,150.293,0
215,30,120.531,120.544,0
215,60,90.802,90.803,0
215,90,61.007,61.005,0
215,120,31.113,31.113,0
215,150,1.329,1.34,0
215,180,331.26,331.258,0
215,210,300.85,300.84,0
215,240,270.692,270.686,0
215,270,240.491,240.497,0
215,300,210.059,210.059,0
215,330,179.989,179.998,0
216,0,150.293,150.29,0
216,30,120.542,120.542,0
216,60,90.802,90.803,0
216,90,61.007,61.018,0
216,120,31.102,31.124,0
216,150,1.34,1.34,0
216,180,331.271,331.265,0
216,210,300.839,300.841,0
216,240,270.681,270.683,0
216,270,240.502,240.502,0
216,300,210.059,210.057,0
216,330,179.989,179.993,0
217,0,150.304,150.293,0
217,30,120.542,120.545,0
217,60,90.824,90.813,0
217,90,61.007,61.007,0
217,120,31.113,31.124,0
217,150,1.329,1.34,0
217,180,331.271,331.26,0
217,210,300.839,300.839,0
217,240,270.681,270.693,0
217,270,240.502,240.505,0
217,300,210.07,210.052,0
217,330,179.989,179.997,0
218,0,150.304,150.304,0
218,30,120.553,120.553,0
218,60,90.802,90.812,0
218,90,60.996,60.996,0
218,120,31.124,31.111,0
218,150,1.34,1.328,0
218,180,331.271,331.266,0
218,210,300.839,300.85,0
218,240,270.703,270.689,0
218,270,240.535,240.521,0
218,300,210.092,210.059,0
218,330,179.989,180.0,0
219,0,150.293,150.297,0
219,30,120.553,120.542,0
219,60,90.791,90.802,0
219,90,61.007,60.996,0
219,120,31.135,31.128,0
219,150,1.351,1.333,0
219,180,331.271,331.253,0
219,210,300.817,300.843,0
219,240,270.703,270.692,0
219,270,240.513,240.516,0
219,300,210.081,210.079,0
219,330,180.0,180.0,0
220,0,150.293,150.289,0
220,30,120.564,120.543,0
220,60,90.802,90.812,0
220,90,60.996,61.006,0
220,120,31.124,31.123,0
220,150,1.34,1.329,0
220,180,331.271,331.263,0
220,210,300.85,300.849,0
220,240,270.692,270.692,0
220,270,240.513,240.5,0
220,300,210.059,210.054,0
220,330,179.978,179.992,0
221,0,150.304,150.293,0
221,30,120.564,120.553,0
221,60,90.835,90.824,0
221,90,61.04,61.029,0
221,120,31.157,31.145,0
221,150,1.34,1.351,0
221,180,331.26,331.263,0
221,210,300.85,300.84,0
221,240,270.659,270.67,0
221,270,240.491,240.498,0
221,300,210.037,210.043,0
221,330,179.989,179.988,0
222,0,150.304,150.292,0
222,30,120.553,120.534,0
222,60,90.813,90.806,0
222,90,61.029,61.008,0
222,120,31.124,31.135,0
222,150,1.362,1.351,0
222,180,331.282,331.278,0
222,210,300.861,300.855,0
222,240,270.692,270.692,0
222,270,240.513,240.5,0
222,300,210.059,210.051,0
222,330,180.0,180.0,0
223,0,150.315,150.293,0
223,30,120.542,120.544,0
223,60,90.835,90.81,0
223,90,61.007,61.007,0
223,120,31.135,31.135,0
223,150,1.329,1.337,0
223,180,331.249,331.26,0
223,210,300.839,300.839,0
223,240,270.681,270.691,0
223,270,240.524,240.512,0
223,300,210.037,210.059,0
223,330,180.011,180.0,0
224,0,150.304,150.293,0
224,30,120.564,120.544,0
224,60,90.791,90.804,0
224,90,61.018,61.011,0
224,120,31.124,31.124,0
224,150,1.34,1.34,0
224,180,331.249,331.267,0
224,210,300.839,300.85,0
224,240,270.703,270.675,0
224,270,240.491,240.496,0
224,300,210.092,210.056,0
224,330,180.0,180.0,0
225,0,150.304,150.297,0
225,30,120.553,120.553,0
225,60,90.802,90.811,0
225,90,60.985,60.997,0
225,120,31.113,31.123,0
225,150,1.351,1.34,0
225,180,331.282,331.273,0
225,210,300.861,300.852,0
225,240,270.692,270.694,0
225,270,240.513,240.518,0
225,300,210.059,210.07,0
225,330,180.0,180.0,0
226,0,150.293,150.298,0
226,30,120.531,120.542,0
226,60,90.791,90.802,0
226,90,61.029,61.014,0
226,120,31.102,31.125,0
226,150,1.307,1.318,0
226,180,331.26,331.258,0
226,210,300.839,300.829,0
226,240,270.681,270.677,0
226,270,240.502,240.51,0
226,300,210.048,210.059,0
226,330,180.0,180.001,0
227,0,150.315,150.305,0
227,30,120.564,120.564,0
227,60,90.813,90.823,0
227,90,60.974,60.998,0
227,120,31.124,31.121,0
227,150,1.34,1.34,0
227,180,331.282,331.271,0
227,210,300.861,300.861,0
227,240,270.703,270.703,0
227,270,240.491,240.528,0
227,300,210.07,210.07,0
227,330,180.0,180.0,0
228,0,150.271,150.292,0
228,30,120.542,120.542,0
228,60,90.802,90.791,0
228,90,60.996,60.988,0
228,120,31.124,31.11,0
228,150,1.351,1.329,0
228,180,331.249,331.261,0
228,210,300.85,300.843,0
228,240,270.692,270.692,0
228,270,240.502,240.505,0
228,300,210.07,210.059,0
228,330,180.0,180.0,0
229,0,150.304,150.294,0
229,30,120.553,120.553,0
229,60,90.791,90.807,0
229,90,61.007,61.016,0
229,120,31.113,31.132,0
229,150,1.362,1.34,0
229,180,331.293,331.276,0
229,210,300.861,300.861,0
229,240,270.714,270.691,0
229,270,240.491,240.504,0
229,300,210.037,210.055,0
229,330,179.989,179.99,0
230,0,150.26,150.282,0
230,30,120.542,120.542,0
230,60,90.802,90.802,0
230,90,60.996,61.018,0
230,120,31.113,31.131,0
230,150,1.34,1.351,0
230,180,331.26,331.28,0
230,210,300.872,300.858,0
230,240,270.703,270.694,0
230,270,240.524,240.514,0
230,300,210.059,210.061,0
230,330,180.011,180.0,0
231,0,150.271,150.301,0
231,30,120.542,120.546,0
231,60,90.802,90.802,0
231,90,61.007,61.007,0
231,120,31.124,31.113,0
231,150,1.351,1.344,0
231,180,331.271,331.271,0
231,210,300.85,300.856,0
231,240,270.703,270.704,0
231,270,240.524,240.513,0
231,300,210.037,210.059,0
231,330,179.989,179.99,0
232,0,150.271,150.293,0
232,30,120.553,120.553,0
232,60,90.813,90.813,0
232,90,60.996,61.016,0
232,120,31.157,31.135,0
232,150,1.329,1.34,0
232,180,331.282,331.278,0
232,210,300.85,300.844,0
232,240,270.67,270.681,0
232,270,240.48,240.492,0
232,300,210.048,210.052,0
232,330,179.978,179.98,0
233,0,150.282,150.282,0
233,30,120.542,120.553,0
233,60,90.802,90.825,0
233,90,61.029,61.019,0
233,120,31.168,31.146,0
233,150,1.362,1.346,0
233,180,331.282,331.263,0
233,210,300.872,300.841,0
233,240,270.703,270.688,0
233,270,240.513,240.512,0
233,300,210.048,210.065,0
233,330,180.0,180.0,0
234,0,150.282,150.298,0
234,30,120.542,120.553,0
234,60,90.846,90.822,0
234,90,61.029,61.018,0
234,120,31.135,31.13,0
234,150,1.329,1.345,0
234,180,331.249,331.258,0
234,210,300.828,300.838,0
234,240,270.67,270.694,0
234,270,240.513,240.517,0
234,300,210.092,210.07,0
234,330,180.0,180.0,0
235,0,150.282,150.304,0
235,30,120.542,120.554,0
235,60,90.835,90.82,0
235,90,61.029,61.009,0
235,120,31.135,31.136,0
235,150,1.307,1.329,0
235,180,331.238,331.27,0
235,210,300.85,300.841,0
235,240,270.692,270.689,0
235,270,240.513,240.513,0
235,300,210.037,210.06,0
235,330,179.989,179.99,0
236,0,150.293,150.298,0
236,30,120.531,120.543,0
236,60,90.824,90.804,0
236,90,61.007,61.016,0
236,120,31.146,31.135,0
236,150,1.362,1.34,0
236,180,331.249,331.259,0
236,210,300.85,300.851,0
236,240,270.67,270.694,0
236,270,240.513,240.509,0
236,300,210.048,210.061,0
236,330,180.0,179.993,0
237,0,150.315,150.29,0
237,30,120.531,120.551,0
237,60,90.802,90.802,0
237,90,61.018,61.004,0
237,120,31.124,31.135,0
237,150,1.329,1.34,0
237,180,331.26,331.265,0
237,210,300.85,300.858,0
237,240,270.681,270.702,0
237,270,240.524,240.513,0
237,300,210.07,210.059,0
237,330,180.0,179.987,0
238,0,150.249,150.282,0
238,30,120.531,120.542,0
238,60,90.813,90.807,0
238,90,60.996,60.993,0
238,120,31.124,31.112,0
238,150,1.329,1.338,0
238,180,331.271,331.274,0
238,210,300.861,300.863,0
238,240,270.692,270.703,0
238,270,240.524,240.524,0
238,300,210.048,210.068,0
238,330,180.0,180.005,0
239,0,150.282,150.303,0
239,30,120.531,120.546,0
239,60,90.791,90.791,0
239,90,61.018,61.007,0
239,120,31.124,31.124,0
239,150,1.34,1.339,0
239,180,331.271,331.271,0
239,210,300.85,300.861,0
239,240,270.703,270.692,0
239,270,240.502,240.513,0
239,300,210.048,210.059,0
239,330,180.011,180.0,0
240,0,150.271,150.296,0
240,30,120.553,120.551,0
240,60,90.813,90.805,0
240,90,60.996,61.007,0
240,120,31.113,31.124,0
240,150,1.318,1.33,0
240,180,331.282,331.263,0
240,210,300.85,300.855,0
240,240,270.67,270.681,0
240,270,240.502,240.507,0
240,300,210.059,210.059,0
240,330,179.978,180.0,0
241,0,150.315,150.283,0
241,30,120.542,120.553,0
241,60,90.802,90.812,0
241,90,60.985,61.008,0
241,120,31.113,31.124,0
241,150,1.351,1.339,0
241,180,331.26,331.26,0
241,210,300.828,300.843,0
241,240,270.681,270.684,0
241,270,240.524,240.506,0
241,300,210.07,210.059,0
241,330,180.0,180.0,0
242,0,150.293,150.293,0
242,30,120.542,120.542,0
242,60,90.813,90.813,0
242,90,61.018,61.018,0
242,120,31.113,31.135,0
242,150,1.34,1.339,0
242,180,331.26,331.26,0
242,210,300.839,300.836,0
242,240,270.67,270.688,0
242,270,240.491,240.502,0
242,300,210.059,210.037,0
242,330,179.978,179.996,0
243,0,150.315,150.293,0
243,30,120.542,120.557,0
243,60,90.802,90.812,0
243,90,60.985,61.018,0
243,120,31.135,31.135,0
243,150,1.34,1.359,0
243,180,331.271,331.277,0
243,210,300.85,300.858,0
243,240,270.692,270.687,0
243,270,240.491,240.498,0
243,300,210.048,210.041,0
243,330,179.989,179.998,0
244,0,150.282,150.292,0
244,30,120.531,120.542,0
244,60,90.813,90.806,0
244,90,61.007,61.007,0
244,120,31.135,31.124,0
244,150,1.34,1.335,0
244,180,331.249,331.26,0
244,210,300.861,300.844,0
244,240,270.703,270.682,0
244,270,240.524,240.513,0
244,300,210.07,210.066,0
244,330,179.989,180.0,0
245,0,150.304,150.292,0
245,30,120.553,120.542,0
245,60,90.791,90.804,0
245,90,61.007,61.009,0
245,120,31.124,31.117,0
245,150,1.318,1.334,0
245,180,331.249,331.264,0
245,210,300.872,300.854,0
245,240,270.692,270.684,0
245,270,240.502,240.502,0
245,300,210.07,210.051,0
245,330,180.0,179.992,0
246,0,150.293,150.302,0
246,30,120.564,120.543,0
246,60,90.813,90.811,0
246,90,60.996,61.007,0
246,120,31.124,31.124,0
246,150,1.351,1.347,0
246,180,331.26,331.275,0
246,210,300.872,300.861,0
246,240,270.703,270.703,0
246,270,240.491,240.514,0
246,300,210.103,210.059,0
246,330,179.989,180.0,0
247,0,150.293,150.3,0
247,30,120.542,120.542,0
247,60,90.791,90.799,0
247,90,60.974,60.999,0
247,120,31.135,31.118,0
247,150,1.351,1.338,0
247,180,331.271,331.278,0
247,210,300.861,300.857,0
247,240,270.692,270.692,0
247,270,240.524,240.503,0
247,300,210.037,210.053,0
247,330,179.978,179.978,0
248,0,150.282,150.286,0
248,30,120.564,120.553,0
248,60,90.846,90.813,0
248,90,61.029,61.027,0
248,120,31.157,31.151,0
248,150,1.351,1.351,0
248,180,331.293,331.275,0
248,210,300.85,300.858,0
248,240,270.703,270.692,0
248,270,240.502,240.509,0
248,300,210.048,210.053,0
248,330,179.978,179.978,0
249,0,150.282,150.273,0
249,30,120.509,120.536,0
249,60,90.813,90.802,0
249,90,61.029,61.019,0
249,120,31.113,31.148,0
249,150,1.362,1.351,0
249,180,331.249,331.267,0
249,210,300.861,300.861,0
249,240,270.703,270.692,0
249,270,240.513,240.513,0
249,300,210.07,210.048,0
249,330,179.989,179.98,0
250,0,150.26,150.284,0
250,30,120.542,120.544,0
250,60,90.802,90.809,0
250,90,61.018,61.007,0
250,120,31.124,31.134,0
250,150,1.34,1.351,0
250,180,331.26,331.271,0
250,210,300.861,300.85,0
250,240,270.659,270.681,0
250,270,240.458,240.49,0
250,300,210.026,210.037,0
250,330,179.989,179.984,0
251,0,150.293,150.293,0
251,30,120.564,120.563,0
251,60,90.813,90.832,0
251,90,61.029,61.029,0
251,120,31.124,31.15,0
251,150,1.351,1.358,0
251,180,331.315,331.282,0
251,210,300.861,300.861,0
251,240,270.67,270.676,0
251,270,240.491,240.482,0
251,300,210.037,210.037,0
251,330,179.989,179.999,0
252,0,150.271,150.292,0
252,30,120.531,120.542,0
252,60,90.813,90.791,0
252,90,60.985,60.991,0
252,120,31.124,31.113,0
252,150,1.318,1.343,0
252,180,331.271,331.272,0
252,210,300.883,300.863,0
252,240,270.703,270.714,0
252,270,240.546,240.543,0
252,300,210.092,210.071,0
252,330,180.0,180.003,0
253,0,150.282,150.3,0
253,30,120.52,120.549,0
253,60,90.813,90.792,0
253,90,61.007,61.007,0
253,120,31.124,31.135,0
253,150,1.318,1.329,0
253,180,331.249,331.252,0
253,210,300.839,300.856,0
253,240,270.703,270.695,0
253,270,240.513,240.514,0
253,300,210.026,210.07,0
253,330,179.989,179.999,0
254,0,150.282,150.293,0
254,30,120.531,120.543,0
254,60,90.802,90.809,0
254,90,60.996,60.996,0
254,120,31.135,31.112,0
254,150,1.329,1.34,0
254,180,331.282,331.275,0
254,210,300.872,300.863,0
254,240,270.703,270.711,0
254,270,240.535,240.526,0
254,300,210.07,210.07,0
254,330,180.0,180.0,0
255,0,150.293,150.304,0
255,30,120.531,120.543,0
255,60,90.813,90.791,0
255,90,60.985,60.986,0
255,120,31.091,31.106,0
255,150,1.351,1.329,0
255,180,331.26,331.267,0
255,210,300.861,300.858,0
255,240,270.681,270.693,0
255,270,240.524,240.515,0
255,300,210.081,210.071,0
255,330,180.0,180.0,0
256,0,150.282,150.301,0
256,30,120.542,120.553,0
256,60,90.791,90.809,0
256,90,61.007,61.007,0
256,120,31.102,31.12,0
256,150,1.318,1.334,0
256,180,331.249,331.265,0
256,210,300.85,300.857,0
256,240,270.703,270.699,0
256,270,240.513,240.515,0
256,300,210.059,210.057,0
256,330,180.011,180.0,0
257,0,150.304,150.304,0
257,30,120.531,120.545,0
257,60,90.802,90.799,0
257,90,61.007,60.995,0
257,120,31.124,31.112,0
257,150,1.329,1.329,0
257,180,331.282,331.274,0
257,210,300.828,300.859,0
257,240,270.714,270.692,0
257,270,240.524,240.513,0
257,300,210.059,210.051,0
257,330,179.956,179.978,0
258,0,150.26,150.282,0
258,30,120.52,120.542,0
258,60,90.813,90.802,0
258,90,61.029,61.009,0
258,120,31.124,31.136,0
258,150,1.34,1.324,0
258,180,331.26,331.274,0
258,210,300.861,300.861,0
258,240,270.681,270.692,0
258,270,240.502,240.513,0
258,300,210.048,210.062,0
258,330,179.989,180.0,0
259,0,150.282,150.292,0
259,30,120.553,120.55,0
259,60,90.813,90.802,0
259,90,61.007,61.014,0
259,120,31.135,31.124,0
259,150,1.351,1.34,0
259,180,331.282,331.28,0
259,210,300.872,300.859,0
259,240,270.67,270.692,0
259,270,240.502,240.507,0
259,300,210.059,210.059,0
259,330,179.967,179.991,0
260,0,150.304,150.296,0
260,30,120.553,120.551,0
260,60,90.802,90.806,0
260,90,61.018,61.007,0
260,120,31.124,31.121,0
260,150,1.362,1.34,0
260,180,331.282,331.271,0
260,210,300.872,300.861,0
260,240,270.681,270.699,0
260,270,240.502,240.517,0
260,300,210.059,210.059,0
260,330,179.989,179.991,0
261,0,150.304,150.285,0
261,30,120.531,120.542,0
261,60,90.824,90.801,0
261,90,61.018,61.013,0
261,120,31.113,31.139,0
261,150,1.34,1.34,0
261,180,331.282,331.28,0
261,210,300.861,300.863,0
261,240,270.681,270.703,0
261,270,240.513,240.517,0
261,300,210.059,210.068,0
261,330,179.989,179.986,0
262,0,150.304,150.282,0
262,30,120.542,120.542,0
262,60,90.802,90.802,0
262,90,60.996,60.996,0
262,120,31.113,31.124,0
262,150,1.34,1.351,0
262,180,331.271,331.282,0
262,210,300.861,300.874,0
262,240,270.692,270.714,0
262,270,240.513,240.524,0
262,300,210.048,210.066,0
262,330,180.0,179.991,0
263,0,150.293,150.284,0
263,30,120.531,120.542,0
263,60,90.791,90.795,0
263,90,60.996,61.006,0
263,120,31.113,31.124,0
263,150,1.34,1.329,0
263,180,331.271,331.264,0
263,210,300.861,300.861,0
263,240,270.692,270.699,0
263,270,240.513,240.524,0
263,300,210.07,210.081,0
263,330,180.011,180.0,0
264,0,150.304,150.295,0
264,30,120.564,120.543,0
264,60,90.813,90.802,0
264,90,61.018,61.003,0
264,120,31.113,31.124,0
264,150,1.329,1.336,0
264,180,331.26,331.271,0
264,210,300.883,300.861,0
264,240,270.692,270.699,0
264,270,240.524,240.516,0
264,300,210.048,210.059,0
264,330,180.022,179.991,0
265,0,150.304,150.301,0
265,30,120.531,120.542,0
265,60,90.791,90.8,0
265,90,61.007,60.996,0
265,120,31.124,31.115,0
265,150,1.34,1.333,0
265,180,331.249,331.277,0
265,210,300.861,300.872,0
265,240,270.703,270.717,0
265,270,240.524,240.523,0
265,300,210.092,210.07,0
265,330,180.011,180.0,0
266,0,150.282,150.297,0
266,30,120.52,120.542,0
266,60,90.791,90.791,0
266,90,60.996,60.996,0
266,120,31.113,31.124,0
266,150,1.34,1.34,0
266,180,331.271,331.276,0
266,210,300.839,300.861,0
266,240,270.703,270.703,0
266,270,240.502,240.514,0
266,300,210.092,210.07,0
266,330,179.989,179.995,0
267,0,150.282,150.287,0
267,30,120.531,120.532,0
267,60,90.802,90.802,0
267,90,60.996,61.009,0
267,120,31.102,31.124,0
267,150,1.34,1.333,0
267,180,331.26,331.26,0
267,210,300.861,300.851,0
267,240,270.714,270.693,0
267,270,240.502,240.513,0
267,300,210.059,210.063,0
267,330,180.022,179.993,0
268,0,150.315,150.315,0
268,30,120.553,120.555,0
268,60,90.802,90.809,0
268,90,60.996,61.006,0
268,120,31.124,31.13,0
268,150,1.34,1.346,0
268,180,331.271,331.284,0
268,210,300.872,300.872,0
268,240,270.714,270.703,0
268,270,240.513,240.506,0
268,300,210.07,210.059,0
268,330,179.978,180.0,0
269,0,150.282,150.292,0
269,30,120.553,120.551,0
269,60,90.791,90.802,0
269,90,60.974,60.979,0
269,120,31.102,31.095,0
269,150,1.329,1.33,0
269,180,331.271,331.282,0
269,210,300.883,300.872,0
269,240,270.714,270.714,0
269,270,240.546,240.535,0
269,300,210.081,210.07,0
269,330,180.022,180.011,0
270,0,150.326,150.304,0
270,30,120.553,120.542,0
270,60,90.78,90.791,0
270,90,61.018,61.015,0
270,120,31.135,31.125,0
270,150,1.351,1.351,0
270,180,331.26,331.281,0
270,210,300.883,300.872,0
270,240,270.714,270.709,0
270,270,240.546,240.514,0
270,300,210.07,210.06,0
270,330,179.989,179.998,0
271,0,150.271,150.291,0
271,30,120.564,120.542,0
271,60,90.791,90.8,0
271,90,60.996,60.996,0
271,120,31.124,31.121,0
271,150,1.329,1.336,0
271,180,331.271,331.269,0
271,210,300.85,300.858,0
271,240,270.681,270.698,0
271,270,240.502,240.515,0
271,300,210.07,210.067,0
271,330,180.0,180.008,0
272,0,150.315,150.308,0
272,30,120.542,120.553,0
272,60,90.813,90.811,0
272,90,61.007,61.003,0
272,120,31.135,31.12,0
272,150,1.329,1.345,0
272,180,331.249,331.266,0
272,210,300.861,300.855,0
272,240,270.681,270.688,0
272,270,240.524,240.513,0
272,300,210.048,210.066,0
272,330,179.978,180.0,0
273,0,150.293,150.292,0
273,30,120.531,120.553,0
273,60,90.78,90.813,0
273,90,60.974,60.982,0
273,120,31.102,31.097,0
273,150,1.318,1.328,0
273,180,331.271,331.276,0
273,210,300.894,300.872,0
273,240,270.714,270.724,0
273,270,240.546,240.534,0
273,300,210.081,210.081,0
273,330,180.022,180.001,0
274,0,150.315,150.298,0
274,30,120.542,120.547,0
274,60,90.78,90.77,0
274,90,60.963,60.973,0
274,120,31.069,31.09,0
274,150,1.329,1.321,0
274,180,331.271,331.271,0
274,210,300.85,300.855,0
274,240,270.703,270.686,0
274,270,240.513,240.51,0
274,300,210.092,210.065,0
274,330,180.0,180.0,0
275,0,150.282,150.295,0
275,30,120.542,120.545,0
275,60,90.813,90.794,0
275,90,61.029,61.007,0
275,120,31.091,31.124,0
275,150,1.34,1.346,0
275,180,331.282,331.271,0
275,210,300.883,300.861,0
275,240,270.703,270.695,0
275,270,240.502,240.513,0
275,300,210.059,210.042,0
275,330,179.967,179.979,0
276,0,150.282,150.272,0
276,30,120.531,120.533,0
276,60,90.791,90.795,0
276,90,61.007,61.007,0
276,120,31.124,31.136,0
276,150,1.34,1.348,0
276,180,331.249,331.282,0
276,210,300.894,300.872,0
276,240,270.692,270.702,0
276,270,240.502,240.524,0
276,300,210.07,210.068,0
276,330,179.989,179.999,0
277,0,150.271,150.285,0
277,30,120.531,120.534,0
277,60,90.791,90.797,0
277,90,61.007,60.997,0
277,120,31.135,31.113,0
277,150,1.351,1.339,0
277,180,331.282,331.282,0
277,210,300.872,300.861,0
277,240,270.714,270.702,0
277,270,240.491,240.513,0
277,300,210.037,210.061,0
277,330,179.989,179.995,0
278,0,150.293,150.287,0
278,30,120.553,120.551,0
278,60,90.813,90.81,0
278,90,61.018,61.007,0
278,120,31.113,31.137,0
278,150,1.34,1.344,0
278,180,331.282,331.273,0
278,210,300.861,300.861,0
278,240,270.692,270.693,0
278,270,240.502,240.502,0
278,300,210.048,210.048,0
278,330,179.989,180.0,0
279,0,150.293,150.282,0
279,30,120.509,120.546,0
279,60,90.802,90.795,0
279,90,60.974,60.995,0
279,120,31.113,31.113,0
279,150,1.329,1.332,0
279,180,331.282,331.271,0
279,210,300.861,300.861,0
279,240,270.703,270.703,0
279,270,240.524,240.521,0
279,300,210.059,210.07,0
279,330,180.011,179.989,0
280,0,150.271,150.283,0
280,30,120.553,120.542,0
280,60,90.802,90.802,0
280,90,61.007,61.007,0
280,120,31.124,31.136,0
280,150,1.351,1.348,0
280,180,331.271,331.267,0
280,210,300.839,300.851,0
280,240,270.681,270.69,0
280,270,240.513,240.505,0
280,300,210.037,210.052,0
280,330,179.978,179.998,0
281,0,150.282,150.29,0
281,30,120.531,120.544,0
281,60,90.824,90.803,0
281,90,60.985,61.006,0
281,120,31.113,31.115,0
281,150,1.34,1.345,0
281,180,331.293,331.277,0
281,210,300.85,300.868,0
281,240,270.692,270.703,0
281,270,240.513,240.515,0
281,300,210.081,210.07,0
281,330,179.989,179.995,0
282,0,150.249,150.287,0
282,30,120.553,120.542,0
282,60,90.802,90.8,0
282,90,61.007,60.985,0
282,120,31.113,31.113,0
282,150,1.329,1.338,0
282,180,331.293,331.275,0
282,210,300.861,300.865,0
282,240,270.703,270.709,0
282,270,240.513,240.524,0
282,300,210.103,210.082,0
282,330,180.011,180.009,0
283,0,150.293,150.298,0
283,30,120.542,120.542,0
283,60,90.78,90.802,0
283,90,61.018,61.003,0
283,120,31.113,31.121,0
283,150,1.318,1.336,0
283,180,331.249,331.263,0
283,210,300.861,300.85,0
283,240,270.692,270.693,0
283,270,240.513,240.517,0
283,300,210.07,210.063,0
283,330,180.011,180.0,0
284,0,150.304,150.293,0
284,30,120.542,120.553,0
284,60,90.813,90.797,0
284,90,61.018,61.018,0
284,120,31.124,31.135,0
284,150,1.318,1.33,0
284,180,331.271,331.271,0
284,210,300.861,300.858,0
284,240,270.67,270.691,0
284,270,240.535,240.507,0
284,300,210.059,210.062,0
284,330,180.0,179.999,0
285,0,150.304,150.304,0
285,30,120.553,120.562,0
285,60,90.78,90.818,0
285,90,60.996,60.995,0
285,120,31.091,31.113,0
285,150,1.329,1.329,0
285,180,331.249,331.265,0
285,210,300.85,300.85,0
285,240,270.725,270.705,0
285,270,240.513,240.523,0
285,300,210.059,210.07,0
285,330,180.011,180.003,0
286,0,150.304,150.304,0
286,30,120.553,120.555,0
286,60,90.813,90.806,0
286,90,60.985,61.0,0
286,120,31.124,31.119,0
286,150,1.329,1.328,0
286,180,331.282,331.28,0
286,210,300.861,300.861,0
286,240,270.703,270.712,0
286,270,240.524,240.513,0
286,300,210.07,210.06,0
286,330,179.978,179.988,0
287,0,150.26,150.282,0
287,30,120.531,120.531,0
287,60,90.791,90.792,0
287,90,60.996,60.994,0
287,120,31.102,31.121,0
287,150,1.329,1.345,0
287,180,331.249,331.271,0
287,210,300.85,300.861,0
287,240,270.681,270.698,0
287,270,240.524,240.515,0
287,300,210.092,210.055,0
287,330,180.011,180.0,0
288,0,150.293,150.289,0
288,30,120.553,120.543,0
288,60,90.802,90.794,0
288,90,60.985,60.996,0
288,120,31.113,31.124,0
288,150,1.318,1.33,0
288,180,331.271,331.281,0
288,210,300.85,300.87,0
288,240,270.703,270.703,0
288,270,240.524,240.524,0
288,300,210.059,210.063,0
288,330,179.978,179.986,0
289,0,150.282,150.287,0
289,30,120.542,120.536,0
289,60,90.791,90.793,0
289,90,60.996,61.004,0
289,120,31.124,31.123,0
289,150,1.34,1.334,0
289,180,331.271,331.271,0
289,210,300.861,300.861,0
289,240,270.692,270.703,0
289,270,240.524,240.51,0
289,300,210.037,210.051,0
289,330,179.967,179.987,0
290,0,150.293,150.292,0
290,30,120.531,120.551,0
290,60,90.813,90.799,0
290,90,60.996,60.996,0
290,120,31.124,31.115,0
290,150,1.329,1.329,0
290,180,331.249,331.267,0
290,210,300.861,300.853,0
290,240,270.681,270.698,0
290,270,240.535,240.516,0
290,300,210.059,210.067,0
290,330,180.011,179.993,0
291,0,150.315,150.291,0
291,30,120.553,120.543,0
291,60,90.802,90.802,0
291,90,60.974,61.007,0
291,120,31.146,31.129,0
291,150,1.329,1.338,0
291,180,331.26,331.265,0
291,210,300.861,300.85,0
291,240,270.659,270.692,0
291,270,240.502,240.502,0
291,300,210.037,210.053,0
291,330,179.978,179.977,0
292,0,150.271,150.281,0
292,30,120.553,120.542,0
292,60,90.813,90.801,0
292,90,61.018,61.009,0
292,120,31.113,31.132,0
292,150,1.362,1.34,0
292,180,331.271,331.277,0
292,210,300.839,300.861,0
292,240,270.714,270.703,0
292,270,240.513,240.521,0
292,300,210.059,210.067,0
292,330,179.967,180.0,0
293,0,150.293,150.285,0
293,30,120.542,120.536,0
293,60,90.802,90.791,0
293,90,60.974,60.986,0
293,120,31.102,31.113,0
293,150,1.329,1.324,0
293,180,331.282,331.271,0
293,210,300.839,300.861,0
293,240,270.736,270.692,0
293,270,240.513,240.521,0
293,300,210.059,210.07,0
293,330,180.0,179.987,0
294,0,150.282,150.282,0
294,30,120.542,120.527,0
294,60,90.78,90.789,0
294,90,60.985,60.986,0
294,120,31.124,31.115,0
294,150,1.329,1.329,0
294,180,331.249,331.272,0
294,210,300.883,300.869,0
294,240,270.714,270.711,0
294,270,240.502,240.513,0
294,300,210.092,210.056,0
294,330,179.978,179.988,0
295,0,150.271,150.275,0
295,30,120.509,120.526,0
295,60,90.791,90.793,0
295,90,60.985,61.003,0
295,120,31.146,31.125,0
295,150,1.34,1.343,0
295,180,331.293,331.284,0
295,210,300.872,300.872,0
295,240,270.714,270.711,0
295,270,240.513,240.526,0
295,300,210.048,210.068,0
295,330,180.0,179.993,0
296,0,150.282,150.286,0
296,30,120.531,120.538,0
296,60,90.791,90.781,0
296,90,60.974,60.984,0
296,120,31.113,31.108,0
296,150,1.318,1.333,0
296,180,331.271,331.276,0
296,210,300.872,300.862,0
296,240,270.714,270.705,0
296,270,240.513,240.529,0
296,300,210.048,210.068,0
296,330,180.0,180.0,0
297,0,150.271,150.282,0
297,30,120.542,120.533,0
297,60,90.78,90.791,0
297,90,60.996,60.996,0
297,120,31.124,31.124,0
297,150,1.34,1.339,0
297,180,331.282,331.271,0
297,210,300.861,300.864,0
297,240,270.681,270.713,0
297,270,240.513,240.524,0
297,300,210.081,210.061,0
297,330,179.989,179.979,0
298,0,150.271,150.282,0
298,30,120.542,120.531,0
298,60,90.802,90.788,0
298,90,60.996,60.996,0
298,120,31.113,31.12,0
298,150,1.351,1.329,0
298,180,331.282,331.274,0
298,210,300.872,300.865,0
298,240,270.725,270.71,0
298,270,240.524,240.526,0
298,300,210.07,210.07,0
298,330,179.978,179.997,0
299,0,150.315,150.289,0
299,30,120.52,120.542,0
299,60,90.791,90.8,0
299,90,60.985,60.996,0
299,120,31.102,31.113,0
299,150,1.307,1.329,0
299,180,331.282,331.271,0
299,210,300.861,300.861,0
299,240,270.714,270.697,0
299,270,240.502,240.513,0
299,300,210.048,210.067,0
299,330,179.989,179.995,0
300,0,150.304,150.286,0
300,30,120.542,120.542,0
300,60,90.791,90.797,0
300,90,60.985,61.003,0
300,120,31.124,31.124,0
300,150,1.34,1.335,0
300,180,331.271,331.271,0
300,210,300.872,300.861,0
300,240,270.714,270.703,0
300,270,240.513,240.517,0
300,300,210.07,210.07,0
300,330,180.0,179.989,0
301,0,150.271,150.284,0
301,30,120.553,120.55,0
301,60,90.791,90.801,0
301,90,60.996,60.999,0
301,120,31.113,31.123,0
301,150,1.318,1.324,0
301,180,331.26,331.271,0
301,210,300.85,300.861,0
301,240,270.681,270.692,0
301,270,240.502,240.513,0
301,300,210.07,210.068,0
301,330,180.011,180.0,0
302,0,150.293,150.293,0
302,30,120.542,120.542,0
302,60,90.802,90.804,0
302,90,60.996,61.006,0
302,120,31.135,31.124,0
302,150,1.329,1.329,0
302,180,331.249,331.253,0
302,210,300.839,300.847,0
302,240,270.659,270.681,0
302,270,240.502,240.508,0
302,300,210.059,210.066,0
302,330,179.967,180.0,0
303,0,150.293,150.302,0
303,30,120.564,120.554,0
303,60,90.802,90.803,0
303,90,60.996,60.996,0
303,120,31.135,31.113,0
303,150,1.329,1.326,0
303,180,331.282,331.259,0
303,210,300.85,300.861,0
303,240,270.681,270.698,0
303,270,240.502,240.524,0
303,300,210.07,210.072,0
303,330,180.0,179.998,0
304,0,150.293,150.294,0
304,30,120.52,120.544,0
304,60,90.791,90.791,0
304,90,60.996,60.985,0
304,120,31.124,31.11,0
304,150,1.329,1.329,0
304,180,331.271,331.267,0
304,210,300.872,300.868,0
304,240,270.714,270.714,0
304,270,240.513,240.526,0
304,300,210.081,210.07,0
304,330,179.978,179.996,0
305,0,150.293,150.282,0
305,30,120.542,120.532,0
305,60,90.802,90.79,0
305,90,60.985,60.986,0
305,120,31.102,31.113,0
305,150,1.34,1.335,0
305,180,331.271,331.278,0
305,210,300.839,300.874,0
305,240,270.703,270.714,0
305,270,240.513,240.535,0
305,300,210.07,210.062,0
305,330,180.0,179.989,0
306,0,150.282,150.284,0
306,30,120.531,120.533,0
306,60,90.791,90.791,0
306,90,60.985,60.995,0
306,120,31.113,31.112,0
306,150,1.351,1.329,0
306,180,331.26,331.28,0
306,210,300.872,300.867,0
306,240,270.703,270.703,0
306,270,240.502,240.519,0
306,300,210.048,210.061,0
306,330,179.989,179.987,0
307,0,150.282,150.282,0
307,30,120.52,120.541,0
307,60,90.802,90.802,0
307,90,60.974,60.985,0
307,120,31.102,31.113,0
307,150,1.329,1.329,0
307,180,331.293,331.28,0
307,210,300.872,300.863,0
307,240,270.703,270.719,0
307,270,240.524,240.524,0
307,300,210.081,210.074,0
307,330,179.967,179.987,0
308,0,150.271,150.28,0
308,30,120.509,120.52,0
308,60,90.769,90.78,0
308,90,60.996,60.985,0
308,120,31.113,31.119,0
308,150,1.351,1.339,0
308,180,331.271,331.272,0
308,210,300.861,300.869,0
308,240,270.725,270.693,0
308,270,240.502,240.513,0
308,300,210.037,210.064,0
308,330,179.978,179.988,0
309,0,150.282,150.293,0
309,30,120.531,120.542,0
309,60,90.802,90.799,0
309,90,60.985,60.985,0
309,120,31.091,31.114,0
309,150,1.318,1.338,0
309,180,331.282,331.282,0
309,210,300.905,300.868,0
309,240,270.725,270.703,0
309,270,240.513,240.524,0
309,300,210.059,210.055,0
309,330,179.978,179.989,0
310,0,150.282,150.282,0
310,30,120.52,120.533,0
310,60,90.769,90.799,0
310,90,61.007,61.007,0
310,120,31.135,31.134,0
310,150,1.318,1.34,0
310,180,331.282,331.267,0
310,210,300.883,300.867,0
310,240,270.703,270.693,0
310,270,240.513,240.513,0
310,300,210.048,210.066,0
310,330,180.011,179.988,0
311,0,150.271,150.284,0
311,30,120.52,120.547,0
311,60,90.791,90.802,0
311,90,60.996,61.007,0
311,120,31.135,31.124,0
311,150,1.318,1.339,0
311,180,331.271,331.273,0
311,210,300.861,300.861,0
311,240,270.692,270.711,0
311,270,240.535,240.535,0
311,300,210.07,210.07,0
311,330,179.978,179.989,0
312,0,150.271,150.29,0
312,30,120.531,120.522,0
312,60,90.802,90.786,0
312,90,60.985,60.988,0
312,120,31.124,31.113,0
312,150,1.329,1.34,0
312,180,331.271,331.287,0
312,210,300.872,300.872,0
312,240,270.725,270.725,0
312,270,240.513,240.502,0
312,300,210.048,210.037,0
312,330,179.967,179.977,0
313,0,150.282,150.295,0
313,30,120.542,120.545,0
313,60,90.824,90.815,0
313,90,61.007,61.017,0
313,120,31.135,31.146,0
313,150,1.351,1.351,0
313,180,331.304,331.293,0
313,210,300.839,300.863,0
313,240,270.681,270.692,0
313,270,240.513,240.5,0
313,300,210.026,210.037,0
313,330,179.978,179.98,0
314,0,150.304,150.282,0
314,30,120.542,120.542,0
314,60,90.813,90.797,0
314,90,61.018,60.999,0
314,120,31.124,31.118,0
314,150,1.34,1.332,0
314,180,331.282,331.271,0
314,210,300.861,300.862,0
314,240,270.681,270.7,0
314,270,240.524,240.516,0
314,300,210.07,210.06,0
314,330,179.978,179.989,0
315,0,150.26,150.289,0
315,30,120.542,120.531,0
315,60,90.802,90.795,0
315,90,61.007,60.996,0
315,120,31.124,31.128,0
315,150,1.329,1.335,0
315,180,331.304,331.282,0
315,210,300.872,300.872,0
315,240,270.703,270.714,0
315,270,240.513,240.516,0
315,300,210.048,210.062,0
315,330,180.0,179.986,0
316,0,150.293,150.281,0
316,30,120.52,120.531,0
316,60,90.802,90.799,0
316,90,61.007,60.998,0
316,120,31.124,31.121,0
316,150,1.307,1.325,0
316,180,331.282,331.265,0
316,210,300.872,300.868,0
316,240,270.703,270.703,0
316,270,240.524,240.52,0
316,300,210.059,210.06,0
316,330,180.011,179.991,0
317,0,150.293,150.286,0
317,30,120.509,120.53,0
317,60,90.769,90.791,0
317,90,60.996,60.99,0
317,120,31.124,31.113,0
317,150,1.329,1.329,0
317,180,331.26,331.271,0
317,210,300.861,300.872,0
317,240,270.725,270.712,0
317,270,240.502,240.514,0
317,300,210.081,210.07,0
317,330,179.978,179.995,0
318,0,150.293,150.282,0
318,30,120.531,120.542,0
318,60,90.78,90.791,0
318,90,60.974,60.995,0
318,120,31.124,31.113,0
318,150,1.34,1.329,0
318,180,331.293,331.27,0
318,210,300.85,300.852,0
318,240,270.703,270.693,0
318,270,240.513,240.513,0
318,300,210.048,210.059,0
318,330,179.978,179.985,0
319,0,150.282,150.284,0
319,30,120.531,120.539,0
319,60,90.78,90.791,0
319,90,60.985,60.996,0
319,120,31.113,31.12,0
319,150,1.329,1.336,0
319,180,331.304,331.278,0
319,210,300.872,300.877,0
319,240,270.725,270.712,0
319,270,240.513,240.524,0
319,300,210.048,210.057,0
319,330,180.0,179.98,0
320,0,150.293,150.272,0
320,30,120.52,120.526,0
320,60,90.78,90.78,0
320,90,60.996,60.99,0
320,120,31.102,31.112,0
320,150,1.34,1.336,0
320,180,331.282,331.278,0
320,210,300.861,300.854,0
320,240,270.67,270.69,0
320,270,240.513,240.513,0
320,300,210.059,210.059,0
320,330,180.0,179.987,0
321,0,150.304,150.293,0
321,30,120.542,120.55,0
321,60,90.824,90.802,0
321,90,60.985,60.996,0
321,120,31.102,31.124,0
321,150,1.34,1.329,0
321,180,331.271,331.281,0
321,210,300.861,300.861,0
321,240,270.703,270.691,0
321,270,240.502,240.513,0
321,300,210.048,210.059,0
321,330,179.978,179.989,0
322,0,150.282,150.282,0
322,30,120.52,120.539,0
322,60,90.78,90.793,0
322,90,60.996,60.996,0
322,120,31.124,31.122,0
322,150,1.34,1.328,0
322,180,331.26,331.272,0
322,210,300.861,300.864,0
322,240,270.736,270.7,0
322,270,240.524,240.516,0
322,300,210.059,210.059,0
322,330,179.967,179.993,0
323,0,150.271,150.282,0
323,30,120.542,120.531,0
323,60,90.802,90.791,0
323,90,60.974,60.985,0
323,120,31.113,31.113,0
323,150,1.307,1.329,0
323,180,331.249,331.27,0
323,210,300.861,300.869,0
323,240,270.692,270.714,0
323,270,240.524,240.524,0
323,300,210.081,210.073,0
323,330,180.011,180.0,0
324,0,150.293,150.294,0
324,30,120.509,120.532,0
324,60,90.758,90.783,0
324,90,60.974,60.988,0
324,120,31.091,31.117,0
324,150,1.329,1.329,0
324,180,331.249,331.275,0
324,210,300.872,300.872,0
324,240,270.725,270.717,0
324,270,240.546,240.535,0
324,300,210.081,210.075,0
324,330,180.011,180.001,0
325,0,150.293,150.282,0
325,30,120.52,120.529,0
325,60,90.78,90.778,0
325,90,60.974,60.985,0
325,120,31.113,31.11,0
325,150,1.318,1.34,0
325,180,331.282,331.281,0
325,210,300.883,300.87,0
325,240,270.736,270.713,0
325,270,240.524,240.527,0
325,300,210.07,210.066,0
325,330,179.989,179.982,0
326,0,150.282,150.282,0
326,30,120.52,120.532,0
326,60,90.791,90.787,0
326,90,60.996,60.985,0
326,120,31.113,31.102,0
326,150,1.296,1.327,0
326,180,331.304,331.272,0
326,210,300.85,300.861,0
326,240,270.725,270.71,0
326,270,240.524,240.521,0
326,300,210.059,210.063,0
326,330,179.967,180.0,0
327,0,150.293,150.285,0
327,30,120.542,120.543,0
327,60,90.791,90.789,0
327,90,60.985,60.985,0
327,120,31.102,31.109,0
327,150,1.307,1.336,0
327,180,331.282,331.282,0
327,210,300.861,300.877,0
327,240,270.703,270.714,0
327,270,240.513,240.53,0
327,300,210.059,210.077,0
327,330,179.978,179.99,0
328,0,150.271,150.28,0
328,30,120.52,120.534,0
328,60,90.78,90.788,0
328,90,61.007,60.985,0
328,120,31.124,31.11,0
328,150,1.34,1.325,0
328,180,331.282,331.272,0
328,210,300.861,300.861,0
328,240,270.714,270.693,0
328,270,240.513,240.519,0
328,300,210.048,210.068,0
328,330,180.011,179.979,0
329,0,150.293,150.293,0
329,30,120.531,120.553,0
329,60,90.791,90.802,0
329,90,60.996,61.003,0
329,120,31.124,31.124,0
329,150,1.329,1.34,0
329,180,331.282,331.282,0
329,210,300.839,300.861,0
329,240,270.692,270.692,0
329,270,240.513,240.513,0
329,300,210.026,210.056,0
329,330,180.0,179.981,0
330,0,150.282,150.276,0
330,30,120.52,120.533,0
330,60,90.802,90.802,0
330,90,60.996,61.007,0
330,120,31.135,31.128,0
330,150,1.362,1.351,0
330,180,331.271,331.271,0
330,210,300.85,300.872,0
330,240,270.692,270.709,0
330,270,240.513,240.524,0
330,300,210.048,210.063,0
330,330,180.011,179.998,0
331,0,150.304,150.292,0
331,30,120.531,120.535,0
331,60,90.78,90.801,0
331,90,61.018,61.004,0
331,120,31.102,31.115,0
331,150,1.318,1.327,0
331,180,331.249,331.271,0
331,210,300.872,300.87,0
331,240,270.714,270.698,0
331,270,240.491,240.504,0
331,300,210.07,210.059,0
331,330,179.978,179.981,0
332,0,150.26,150.285,0
332,30,120.531,120.542,0
332,60,90.802,90.802,0
332,90,60.996,61.006,0
332,120,31.135,31.134,0
332,150,1.351,1.345,0
332,180,331.282,331.272,0
332,210,300.861,300.854,0
332,240,270.692,270.698,0
332,270,240.502,240.52,0
332,300,210.037,210.056,0
332,330,179.989,179.986,0
333,0,150.282,150.278,0
333,30,120.553,120.542,0
333,60,90.78,90.791,0
333,90,60.996,60.997,0
333,120,31.124,31.124,0
333,150,1.34,1.343,0
333,180,331.26,331.28,0
333,210,300.872,300.863,0
333,240,270.714,270.711,0
333,270,240.524,240.53,0
333,300,210.048,210.059,0
333,330,179.989,179.989,0
334,0,150.282,150.282,0
334,30,120.542,120.542,0
334,60,90.78,90.794,0
334,90,60.996,60.996,0
334,120,31.113,31.124,0
334,150,1.329,1.338,0
334,180,331.26,331.271,0
334,210,300.872,300.869,0
334,240,270.703,270.711,0
334,270,240.524,240.519,0
334,300,210.07,210.074,0
334,330,179.989,180.0,0
335,0,150.293,150.293,0
335,30,120.553,120.528,0
335,60,90.78,90.791,0
335,90,61.029,60.998,0
335,120,31.146,31.124,0
335,150,1.34,1.34,0
335,180,331.293,331.282,0
335,210,300.872,300.879,0
335,240,270.714,270.715,0
335,270,240.502,240.524,0
335,300,210.059,210.065,0
335,330,179.967,179.974,0
336,0,150.293,150.282,0
336,30,120.553,120.532,0
336,60,90.78,90.795,0
336,90,61.007,61.007,0
336,120,31.124,31.132,0
336,150,1.34,1.34,0
336,180,331.282,331.271,0
336,210,300.883,300.862,0
336,240,270.703,270.713,0
336,270,240.524,240.525,0
336,300,210.07,210.064,0
336,330,179.978,179.989,0
337,0,150.282,150.275,0
337,30,120.52,120.53,0
337,60,90.802,90.791,0
337,90,60.996,60.996,0
337,120,31.124,31.124,0
337,150,1.34,1.339,0
337,180,331.238,331.28,0
337,210,300.861,300.872,0
337,240,270.692,270.71,0
337,270,240.524,240.51,0
337,300,210.048,210.057,0
337,330,180.011,179.985,0
338,0,150.304,150.282,0
338,30,120.531,120.536,0
338,60,90.802,90.793,0
338,90,61.007,61.005,0
338,120,31.124,31.124,0
338,150,1.329,1.337,0
338,180,331.271,331.272,0
338,210,300.861,300.857,0
338,240,270.703,270.698,0
338,270,240.513,240.514,0
338,300,210.07,210.066,0
338,330,179.989,179.978,0
339,0,150.271,150.281,0
339,30,120.531,120.53,0
339,60,90.78,90.791,0
339,90,60.996,60.994,0
339,120,31.124,31.124,0
339,150,1.329,1.329,0
339,180,331.271,331.274,0
339,210,300.883,300.85,0
339,240,270.703,270.703,0
339,270,240.513,240.515,0
339,300,210.048,210.059,0
339,330,179.978,179.978,0
340,0,150.282,150.286,0
340,30,120.52,120.541,0
340,60,90.824,90.802,0
340,90,60.985,61.005,0
340,120,31.124,31.134,0
340,150,1.318,1.34,0
340,180,331.271,331.28,0
340,210,300.85,300.866,0
340,240,270.681,270.692,0
340,270,240.524,240.505,0
340,300,210.059,210.057,0
340,330,179.978,179.978,0
341,0,150.282,150.282,0
341,30,120.509,120.54,0
341,60,90.791,90.801,0
341,90,60.985,60.993,0
341,120,31.135,31.113,0
341,150,1.34,1.329,0
341,180,331.271,331.273,0
341,210,300.861,300.872,0
341,240,270.725,270.714,0
341,270,240.524,240.524,0
341,300,210.048,210.066,0
341,330,180.011,179.997,0
342,0,150.304,150.293,0
342,30,120.531,120.541,0
342,60,90.78,90.791,0
342,90,61.018,60.988,0
342,120,31.102,31.112,0
342,150,1.34,1.325,0
342,180,331.271,331.26,0
342,210,300.883,300.855,0
342,240,270.692,270.701,0
342,270,240.491,240.517,0
342,300,210.081,210.062,0
342,330,179.989,179.996,0
343,0,150.293,150.294,0
343,30,120.531,120.543,0
343,60,90.802,90.797,0
343,90,61.007,60.999,0
343,120,31.113,31.123,0
343,150,1.34,1.338,0
343,180,331.271,331.262,0
343,210,300.85,300.85,0
343,240,270.681,270.713,0
343,270,240.557,240.525,0
343,300,210.092,210.078,0
343,330,180.0,180.001,0
344,0,150.304,150.295,0
344,30,120.553,120.542,0
344,60,90.791,90.802,0
344,90,60.985,60.986,0
344,120,31.113,31.112,0
344,150,1.329,1.319,0
344,180,331.249,331.26,0
344,210,300.861,300.854,0
344,240,270.725,270.712,0
344,270,240.502,240.52,0
344,300,210.048,210.066,0
344,330,180.0,179.991,0
345,0,150.282,150.29,0
345,30,120.553,120.544,0
345,60,90.813,90.801,0
345,90,60.985,60.995,0
345,120,31.091,31.111,0
345,150,1.329,1.34,0
345,180,331.282,331.276,0
345,210,300.894,300.866,0
345,240,270.703,270.703,0
345,270,240.513,240.508,0
345,300,210.048,210.044,0
345,330,179.989,179.978,0
346,0,150.271,150.28,0
346,30,120.553,120.531,0
346,60,90.802,90.798,0
346,90,60.996,61.007,0
346,120,31.124,31.134,0
346,150,1.373,1.36,0
346,180,331.293,331.292,0
346,210,300.861,300.877,0
346,240,270.725,270.703,0
346,270,240.524,240.504,0
346,300,210.026,210.037,0
346,330,180.0,180.0,0
347,0,150.271,150.282,0
347,30,120.553,120.542,0
347,60,90.813,90.799,0
347,90,61.007,60.996,0
347,120,31.124,31.124,0
347,150,1.351,1.34,0
347,180,331.282,331.271,0
347,210,300.861,300.87,0
347,240,270.692,270.703,0
347,270,240.524,240.513,0
347,300,210.059,210.057,0
347,330,179.989,179.991,0
348,0,150.282,150.273,0
348,30,120.542,120.541,0
348,60,90.78,90.794,0
348,90,60.996,60.996,0
348,120,31.102,31.114,0
348,150,1.351,1.346,0
348,180,331.271,331.292,0
348,210,300.861,300.872,0
348,240,270.714,270.703,0
348,270,240.502,240.506,0
348,300,210.07,210.056,0
348,330,179.989,179.985,0
349,0,150.26,150.271,0
349,30,120.542,120.528,0
349,60,90.78,90.792,0
349,90,60.963,60.983,0
349,120,31.102,31.112,0
349,150,1.307,1.329,0
349,180,331.271,331.274,0
349,210,300.883,300.872,0
349,240,270.714,270.725,0
349,270,240.513,240.541,0
349,300,210.092,210.081,0
349,330,180.0,180.0,0
350,0,150.26,150.293,0
350,30,120.553,120.531,0
350,60,90.769,90.78,0
350,90,60.974,60.974,0
350,120,31.102,31.107,0
350,150,1.307,1.318,0
350,180,331.271,331.27,0
350,210,300.85,300.861,0
350,240,270.703,270.709,0
350,270,240.502,240.523,0
350,300,210.059,210.061,0
350,330,180.0,179.999,0
351,0,150.282,150.304,0
351,30,120.542,120.541,0
351,60,90.791,90.802,0
351,90,60.985,60.985,0
351,120,31.124,31.11,0
351,150,1.329,1.325,0
351,180,331.26,331.273,0
351,210,300.861,300.864,0
351,240,270.692,270.699,0
351,270,240.524,240.508,0
351,300,210.026,210.051,0
351,330,179.978,179.973,0
352,0,150.26,150.28,0
352,30,120.542,120.534,0
352,60,90.791,90.791,0
352,90,61.018,60.999,0
352,120,31.124,31.124,0
352,150,1.329,1.34,0
352,180,331.282,331.28,0
352,210,300.883,300.878,0
352,240,270.725,270.714,0
352,270,240.513,240.532,0
352,300,210.092,210.07,0
352,330,179.978,179.998,0
353,0,150.26,150.274,0
353,30,120.509,120.523,0
353,60,90.791,90.78,0
353,90,60.985,60.984,0
353,120,31.102,31.102,0
353,150,1.307,1.329,0
353,180,331.271,331.282,0
353,210,300.883,300.879,0
353,240,270.714,270.72,0
353,270,240.513,240.513,0
353,300,210.048,210.065,0
353,330,179.989,179.99,0
354,0,150.293,150.286,0
354,30,120.542,120.534,0
354,60,90.802,90.795,0
354,90,61.007,61.007,0
354,120,31.124,31.124,0
354,150,1.34,1.334,0
354,180,331.293,331.282,0
354,210,300.828,300.869,0
354,240,270.703,270.701,0
354,270,240.513,240.516,0
354,300,210.059,210.055,0
354,330,179.978,179.978,0
355,0,150.271,150.271,0
355,30,120.509,120.519,0
355,60,90.78,90.78,0
355,90,60.985,60.991,0
355,120,31.124,31.124,0
355,150,1.329,1.34,0
355,180,331.271,331.293,0
355,210,300.85,300.883,0
355,240,270.703,270.72,0
355,270,240.535,240.526,0
355,300,210.07,210.07,0
355,330,179.989,179.979,0
356,0,150.282,150.272,0
356,30,120.531,120.531,0
356,60,90.802,90.787,0
356,90,60.974,60.984,0
356,120,31.124,31.113,0
356,150,1.329,1.332,0
356,180,331.271,331.277,0
356,210,300.861,300.863,0
356,240,270.714,270.716,0
356,270,240.513,240.525,0
356,300,210.081,210.078,0
356,330,180.011,179.999,0
357,0,150.282,150.293,0
357,30,120.509,120.531,0
357,60,90.813,90.786,0
357,90,60.996,61.005,0
357,120,31.124,31.128,0
357,150,1.351,1.34,0
357,180,331.271,331.275,0
357,210,300.861,300.869,0
357,240,270.692,270.711,0
357,270,240.535,240.53,0
357,300,210.048,210.07,0
357,330,180.011,179.997,0
358,0,150.282,150.291,0
358,30,120.531,120.547,0
358,60,90.78,90.801,0
358,90,60.996,61.004,0
358,120,31.113,31.121,0
358,150,1.34,1.335,0
358,180,331.26,331.274,0
358,210,300.85,300.865,0
358,240,270.714,270.703,0
358,270,240.524,240.507,0
358,300,210.059,210.063,0
358,330,180.0,179.998,0
359,0,150.293,150.304,0
359,30,120.542,120.553,0
359,60,90.824,90.804,0
359,90,60.985,60.985,0
359,120,31.124,31.103,0
359,150,1.318,1.329,0
359,180,331.271,331.273,0
359,210,300.894,300.876,0
359,240,270.714,270.714,0
359,270,240.513,240.524,0
359,300,210.081,210.07,0
359,330,179.978,179.995,0
360,0,150.304,150.293,0
360,30,120.542,120.54,0
360,60,90.78,90.79,0
360,90,60.985,60.985,0
360,120,31.124,31.108,0
360,150,1.34,1.328,0
360,180,331.26,331.271,0
360,210,300.861,300.872,0
360,240,270.725,270.708,0
360,270,240.535,240.535,0
360,300,210.081,210.07,0
360,330,180.0,180.0,0
361,0,150.293,150.283,0
361,30,120.531,120.531,0
361,60,90.791,90.791,0
361,90,61.007,60.993,0
361,120,31.113,31.109,0
361,150,1.329,1.335,0
361,180,331.26,331.26,0
361,210,300.85,300.853,0
361,240,270.67,270.692,0
361,270,240.513,240.52,0
361,300,210.07,210.059,0
361,330,179.978,180.0,0
362,0,150.293,150.297,0
362,30,120.531,120.542,0
362,60,90.802,90.802,0
362,90,61.007,61.007,0
362,120,31.146,31.135,0
362,150,1.34,1.337,0
362,180,331.271,331.281,0
362,210,300.861,300.868,0
362,240,270.714,270.708,0
362,270,240.524,240.515,0
362,300,210.081,210.064,0
362,330,180.011,179.992,0
363,0,150.282,150.292,0
363,30,120.509,120.539,0
363,60,90.791,90.8,0
363,90,60.996,60.996,0
363,120,31.102,31.12,0
363,150,1.351,1.333,0
363,180,331.282,331.271,0
363,210,300.861,300.872,0
363,240,270.714,270.705,0
363,270,240.502,240.524,0
363,300,210.081,210.07,0
363,330,180.011,179.989,0
364,0,150.293,150.281,0
364,30,120.553,120.531,0
364,60,90.791,90.799,0
364,90,61.018,61.003,0
364,120,31.135,31.124,0
364,150,1.329,1.338,0
364,180,331.271,331.282,0
364,210,300.85,300.865,0
364,240,270.692,270.702,0
364,270,240.513,240.514,0
364,300,210.048,210.048,0
364,330,179.967,179.976,0
365,0,150.282,150.283,0
365,30,120.542,120.531,0
365,60,90.791,90.791,0
365,90,61.018,60.996,0
365,120,31.124,31.124,0
365,150,1.34,1.347,0
365,180,331.282,331.286,0
365,210,300.861,300.873,0
365,240,270.681,270.709,0
365,270,240.502,240.505,0
365,300,210.037,210.049,0
365,330,179.978,179.978,0
366,0,150.282,150.285,0
366,30,120.531,120.538,0
366,60,90.78,90.791,0
366,90,60.985,60.994,0
366,120,31.124,31.113,0
366,150,1.34,1.339,0
366,180,331.249,331.275,0
366,210,300.861,300.868,0
366,240,270.692,270.709,0
366,270,240.502,240.513,0
366,300,210.037,210.056,0
366,330,180.0,179.986,0
367,0,150.293,150.282,0
367,30,120.531,120.528,0
367,60,90.791,90.779,0
367,90,60.974,60.991,0
367,120,31.091,31.107,0
367,150,1.34,1.343,0
367,180,331.282,331.292,0
367,210,300.872,300.883,0
367,240,270.692,270.706,0
367,270,240.524,240.521,0
367,300,210.07,210.056,0
367,330,179.978,179.99,0
368,0,150.293,150.279,0
368,30,120.498,120.527,0
368,60,90.758,90.78,0
368,90,60.985,60.985,0
368,120,31.124,31.11,0
368,150,1.34,1.34,0
368,180,331.271,331.269,0
368,210,300.85,300.87,0
368,240,270.692,270.714,0
368,270,240.535,240.525,0
368,300,210.07,210.065,0
368,330,180.022,180.0,0
369,0,150.271,150.282,0
369,30,120.553,120.542,0
369,60,90.758,90.78,0
369,90,60.985,60.985,0
369,120,31.091,31.107,0
369,150,1.351,1.329,0
369,180,331.293,331.274,0
369,210,300.861,300.869,0
369,240,270.703,270.703,0
369,270,240.524,240.513,0
369,300,210.07,210.062,0
369,330,180.011,179.989,0
370,0,150.282,150.274,0
370,30,120.509,120.526,0
370,60,90.758,90.787,0
370,90,60.996,60.985,0
370,120,31.124,31.122,0
370,150,1.351,1.34,0
370,180,331.271,331.282,0
370,210,300.894,300.873,0
370,240,270.703,270.708,0
370,270,240.491,240.524,0
370,300,210.026,210.065,0
370,330,179.978,179.984,0
371,0,150.249,150.271,0
371,30,120.509,120.519,0
371,60,90.769,90.777,0
371,90,60.996,60.985,0
371,120,31.102,31.113,0
371,150,1.34,1.34,0
371,180,331.271,331.272,0
371,210,300.861,300.863,0
371,240,270.681,270.703,0
371,270,240.513,240.524,0
371,300,210.081,210.068,0
371,330,180.0,179.996,0
372,0,150.293,150.287,0
372,30,120.52,120.531,0
372,60,90.813,90.788,0
372,90,60.996,60.993,0
372,120,31.135,31.124,0
372,150,1.34,1.34,0
372,180,331.26,331.271,0
372,210,300.861,300.861,0
372,240,270.703,270.703,0
372,270,240.502,240.503,0
372,300,210.026,210.05,0
372,330,179.978,179.976,0
373,0,150.282,150.271,0
373,30,120.542,120.531,0
373,60,90.802,90.798,0
373,90,61.029,61.015,0
373,120,31.168,31.144,0
373,150,1.362,1.361,0
373,180,331.293,331.285,0
373,210,300.872,300.865,0
373,240,270.703,270.694,0
373,270,240.513,240.507,0
373,300,210.048,210.049,0
373,330,179.978,179.988,0
374,0,150.271,150.275,0
374,30,120.531,120.52,0
374,60,90.791,90.78,0
374,90,60.985,60.985,0
374,120,31.124,31.128,0
374,150,1.351,1.346,0
374,180,331.271,331.284,0
374,210,300.872,300.878,0
374,240,270.703,270.708,0
374,270,240.524,240.518,0
374,300,210.07,210.059,0
374,330,179.989,179.996,0
375,0,150.282,150.282,0
375,30,120.531,120.527,0
375,60,90.769,90.802,0
375,90,60.996,60.988,0
375,120,31.091,31.112,0
375,150,1.34,1.34,0
375,180,331.304,331.271,0
375,210,300.872,300.872,0
375,240,270.692,270.703,0
375,270,240.524,240.512,0
375,300,210.048,210.07,0
375,330,179.989,179.989,0
376,0,150.315,150.283,0
376,30,120.542,120.536,0
376,60,90.769,90.791,0
376,90,60.985,61.013,0
376,120,31.113,31.126,0
376,150,1.351,1.341,0
376,180,331.271,331.28,0
376,210,300.839,300.865,0
376,240,270.703,270.708,0
376,270,240.535,240.513,0
376,300,210.059,210.066,0
376,330,179.989,179.991,0
377,0,150.293,150.289,0
377,30,120.531,120.536,0
377,60,90.791,90.8,0
377,90,60.996,60.996,0
377,120,31.102,31.114,0
377,150,1.318,1.329,0
377,180,331.271,331.263,0
377,210,300.861,300.863,0
377,240,270.692,270.695,0
377,270,240.513,240.513,0
377,300,210.059,210.07,0
377,330,180.0,180.0,0
378,0,150.293,150.297,0
378,30,120.531,120.552,0
378,60,90.791,90.809,0
378,90,61.007,60.996,0
378,120,31.124,31.122,0
378,150,1.351,1.33,0
378,180,331.282,331.271,0
378,210,300.861,300.864,0
378,240,270.703,270.704,0
378,270,240.502,240.513,0
378,300,210.081,210.063,0
378,330,180.0,179.995,0
379,0,150.293,150.297,0
379,30,120.52,120.549,0
379,60,90.78,90.792,0
379,90,60.974,60.983,0
379,120,31.091,31.109,0
379,150,1.307,1.329,0
379,180,331.249,331.271,0
379,210,300.872,300.864,0
379,240,270.736,270.704,0
379,270,240.546,240.528,0
379,300,210.081,210.077,0
379,330,179.967,180.003,0
380,0,150.271,150.289,0
380,30,120.531,120.53,0
380,60,90.78,90.788,0
380,90,60.963,60.985,0
380,120,31.113,31.102,0
380,150,1.318,1.322,0
380,180,331.26,331.26,0
380,210,300.872,300.851,0
380,240,270.692,270.692,0
380,270,240.524,240.521,0
380,300,210.07,210.068,0
380,330,180.0,180.0,0
381,0,150.282,150.293,0
381,30,120.531,120.542,0
381,60,90.791,90.793,0
381,90,60.996,60.996,0
381,120,31.102,31.124,0
381,150,1.329,1.329,0
381,180,331.293,331.271,0
381,210,300.883,300.862,0
381,240,270.692,270.703,0
381,270,240.524,240.513,0
381,300,210.048,210.062,0
381,330,179.978,179.989,0
382,0,150.304,150.272,0
382,30,120.531,120.531,0
382,60,90.791,90.791,0
382,90,60.996,60.996,0
382,120,31.124,31.118,0
382,150,1.34,1.33,0
382,180,331.271,331.276,0
382,210,300.861,300.863,0
382,240,270.692,270.714,0
382,270,240.524,240.525,0
382,300,210.059,210.07,0
382,330,179.978,179.989,0
383,0,150.293,150.282,0
383,30,120.542,120.529,0
383,60,90.802,90.791,0
383,90,60.974,60.986,0
383,120,31.102,31.113,0
383,150,1.34,1.333,0
383,180,331.282,331.282,0
383,210,300.85,300.863,0
383,240,270.703,270.692,0
383,270,240.502,240.506,0
383,300,210.07,210.043,0
383,330,179.956,179.969,0
384,0,150.271,150.266,0
384,30,120.531,120.524,0
384,60,90.802,90.797,0
384,90,61.007,61.018,0
384,120,31.124,31.14,0
384,150,1.351,1.351,0
384,180,331.249,331.283,0
384,210,300.861,300.87,0
384,240,270.703,270.705,0
384,270,240.502,240.524,0
384,300,210.026,210.062,0
384,330,179.978,180.0,0
385,0,150.304,150.285,0
385,30,120.542,120.531,0
385,60,90.802,90.794,0
385,90,61.007,60.996,0
385,120,31.135,31.126,0
385,150,1.34,1.345,0
385,180,331.293,331.271,0
385,210,300.85,300.861,0
385,240,270.703,270.703,0
385,270,240.524,240.524,0
385,300,210.048,210.07,0
385,330,179.978,179.996,0
386,0,150.293,150.29,0
386,30,120.531,120.531,0
386,60,90.791,90.791,0
386,90,61.018,60.996,0
386,120,31.124,31.124,0
386,150,1.351,1.345,0
386,180,331.249,331.282,0
386,210,300.872,300.864,0
386,240,270.725,270.714,0
386,270,240.535,240.524,0
386,300,210.048,210.062,0
386,330,179.989,179.99,0
387,0,150.271,150.28,0
387,30,120.52,120.526,0
387,60,90.769,90.78,0
387,90,60.985,60.988,0
387,120,31.113,31.113,0
387,150,1.351,1.34,0
387,180,331.304,331.282,0
387,210,300.872,300.875,0
387,240,270.725,270.711,0
387,270,240.524,240.524,0
387,300,210.059,210.066,0
387,330,179.978,179.978,0
388,0,150.271,150.283,0
388,30,120.52,120.53,0
388,60,90.78,90.799,0
388,90,61.007,61.007,0
388,120,31.124,31.124,0
388,150,1.351,1.34,0
388,180,331.282,331.272,0
388,210,300.872,300.865,0
388,240,270.692,270.702,0
388,270,240.502,240.524,0
388,300,210.048,210.059,0
388,330,179.989,179.997,0
389,0,150.282,150.293,0
389,30,120.531,120.531,0
389,60,90.791,90.791,0
389,90,61.007,60.997,0
389,120,31.124,31.124,0
389,150,1.329,1.336,0
389,180,331.271,331.277,0
389,210,300.883,300.87,0
389,240,270.703,270.716,0
389,270,240.524,240.524,0
389,300,210.059,210.063,0
389,330,180.011,179.996,0
390,0,150.293,150.283,0
390,30,120.509,120.53,0
390,60,90.802,90.78,0
390,90,61.018,60.996,0
390,120,31.091,31.113,0
390,150,1.318,1.329,0
390,180,331.271,331.273,0
390,210,300.861,300.87,0
390,240,270.736,270.714,0
390,270,240.513,240.532,0
390,300,210.081,210.071,0
390,330,180.011,180.0,0
391,0,150.282,150.282,0
391,30,120.52,120.531,0
391,60,90.791,90.792,0
391,90,60.996,60.986,0
391,120,31.135,31.12,0
391,150,1.307,1.339,0
391,180,331.282,331.28,0
391,210,300.861,300.868,0
391,240,270.681,270.708,0
391,270,240.513,240.524,0
391,300,210.07,210.07,0
391,330,179.978,179.995,0
392,0,150.271,150.287,0
392,30,120.542,120.542,0
392,60,90.802,90.788,0
392,90,60.996,60.996,0
392,120,31.124,31.124,0
392,150,1.329,1.34,0
392,180,331.249,331.282,0
392,210,300.916,300.878,0
392,240,270.714,270.714,0
392,270,240.524,240.535,0
392,300,210.037,210.072,0
392,330,179.989,179.997,0
393,0,150.293,150.292,0
393,30,120.542,120.523,0
393,60,90.769,90.79,0
393,90,60.963,60.993,0
393,120,31.124,31.117,0
393,150,1.329,1.336,0
393,180,331.26,331.295,0
393,210,300.861,300.873,0
393,240,270.714,270.714,0
393,270,240.502,240.531,0
393,300,210.037,210.07,0
393,330,180.0,179.991,0
394,0,150.293,150.293,0
394,30,120.52,120.541,0
394,60,90.802,90.793,0
394,90,61.007,61.006,0
394,120,31.124,31.124,0
394,150,1.34,1.34,0
394,180,331.271,331.271,0
394,210,300.861,300.87,0
394,240,270.681,270.712,0
394,270,240.502,240.513,0
394,300,210.092,210.075,0
394,330,179.989,179.989,0
395,0,150.282,150.282,0
395,30,120.531,120.541,0
395,60,90.813,90.795,0
395,90,60.985,60.996,0
395,120,31.124,31.124,0
395,150,1.351,1.34,0
395,180,331.282,331.283,0
395,210,300.872,300.872,0
395,240,270.725,270.703,0
395,270,240.502,240.52,0
395,300,210.081,210.066,0
395,330,179.989,180.0,0
396,0,150.293,150.293,0
396,30,120.52,120.542,0
396,60,90.802,90.793,0
396,90,60.996,60.988,0
396,120,31.113,31.119,0
396,150,1.307,1.335,0
396,180,331.26,331.282,0
396,210,300.872,300.868,0
396,240,270.714,270.705,0
396,270,240.502,240.528,0
396,300,210.059,210.066,0
396,330,180.0,179.989,0
397,0,150.282,150.3,0
397,30,120.531,120.531,0
397,60,90.802,90.798,0
397,90,60.974,61.0,0
397,120,31.135,31.115,0
397,150,1.329,1.346,0
397,180,331.26,331.271,0
397,210,300.861,300.866,0
397,240,270.725,270.71,0
397,270,240.524,240.515,0
397,300,210.059,210.063,0
397,330,179.978,179.982,0
398,0,150.282,150.286,0
398,30,120.52,120.531,0
398,60,90.78,90.79,0
398,90,60.963,60.982,0
398,120,31.102,31.103,0
398,150,1.307,1.328,0
398,180,331.282,331.272,0
398,210,300.861,300.872,0
398,240,270.725,270.709,0
398,270,240.502,240.527,0
398,300,210.081,210.081,0
398,330,180.022,180.0,0
399,0,150.271,150.293,0
399,30,120.52,120.526,0
399,60,90.769,90.773,0
399,90,60.974,60.974,0
399,120,31.102,31.106,0
399,150,1.307,1.326,0
399,180,331.238,331.258,0
399,210,300.85,300.849,0
399,240,270.648,270.691,0
399,270,240.513,240.52,0
399,300,210.037,210.07,0
399,330,179.989,180.0,0
400,0,150.282,150.296,0
400,30,120.542,120.542,0
400,60,90.813,90.802,0
400,90,60.996,60.997,0
400,120,31.124,31.121,0
400,150,1.307,1.323,0
400,180,331.26,331.258,0
400,210,300.861,300.853,0
400,240,270.692,270.692,0
400,270,240.524,240.524,0
400,300,210.07,210.064,0
400,330,179.967,179.995,0
401,0,150.304,150.294,0
401,30,120.542,120.534,0
401,60,90.813,90.795,0
401,90,60.985,60.988,0
401,120,31.113,31.124,0
401,150,1.34,1.332,0
401,180,331.271,331.28,0
401,210,300.839,300.866,0
401,240,270.692,270.703,0
401,270,240.513,240.518,0
401,300,210.059,210.059,0
401,330,179.989,179.989,0
402,0,150.293,150.282,0
402,30,120.52,120.527,0
402,60,90.802,90.801,0
402,90,60.996,61.003,0
402,120,31.113,31.124,0
402,150,1.34,1.34,0
402,180,331.271,331.271,0
402,210,300.861,300.865,0
402,240,270.714,270.698,0
402,270,240.491,240.508,0
402,300,210.059,210.045,0
402,330,179.967,179.978,0
403,0,150.271,150.273,0
403,30,120.509,120.52,0
403,60,90.802,90.799,0
403,90,60.963,60.974,0
403,120,31.091,31.1,0
403,150,1.351,1.33,0
403,180,331.282,331.271,0
403,210,300.883,300.883,0
403,240,270.736,270.725,0
403,270,240.535,240.532,0
403,300,210.059,210.07,0
403,330,180.011,179.998,0
404,0,150.293,150.283,0
404,30,120.509,120.52,0
404,60,90.758,90.769,0
404,90,60.996,60.963,0
404,120,31.08,31.091,0
404,150,1.34,1.332,0
404,180,331.282,331.264,0
404,210,300.872,300.847,0
404,240,270.681,270.692,0
404,270,240.513,240.509,0
404,300,210.026,210.048,0
404,330,180.011,180.0,0
405,0,150.326,150.293,0
405,30,120.542,120.542,0
405,60,90.813,90.802,0
405,90,60.996,61.007,0
405,120,31.124,31.124,0
405,150,1.329,1.34,0
405,180,331.271,331.265,0
405,210,300.872,300.854,0
405,240,270.703,270.692,0
405,270,240.502,240.502,0
405,300,210.037,210.038,0
405,330,179.967,179.978,0
406,0,150.282,150.269,0
406,30,120.531,120.521,0
406,60,90.791,90.791,0
406,90,61.007,61.005,0
406,120,31.113,31.124,0
406,150,1.34,1.343,0
406,180,331.293,331.281,0
406,210,300.861,300.861,0
406,240,270.692,270.701,0
406,270,240.513,240.524,0
406,300,210.048,210.059,0
406,330,179.978,179.989,0
407,0,150.282,150.282,0
407,30,120.509,120.524,0
407,60,90.791,90.779,0
407,90,60.985,60.979,0
407,120,31.102,31.113,0
407,150,1.34,1.337,0
407,180,331.282,331.28,0
407,210,300.872,300.875,0
407,240,270.714,270.714,0
407,270,240.524,240.524,0
407,300,210.048,210.059,0
407,330,179.989,179.978,0
408,0,150.282,150.272,0
408,30,120.531,120.53,0
408,60,90.791,90.788,0
408,90,61.007,60.993,0
408,120,31.124,31.121,0
408,150,1.362,1.344,0
408,180,331.282,331.293,0
408,210,300.883,300.883,0
408,240,270.714,270.714,0
408,270,240.513,240.525,0
408,300,210.07,210.068,0
408,330,179.978,179.978,0
409,0,150.282,150.271,0
409,30,120.52,120.521,0
409,60,90.78,90.781,0
409,90,60.985,60.985,0
409,120,31.091,31.104,0
409,150,1.307,1.327,0
409,180,331.249,331.271,0
409,210,300.872,300.867,0
409,240,270.725,270.714,0
409,270,240.524,240.535,0
409,300,210.081,210.081,0
409,330,180.011,180.0,0
410,0,150.293,150.282,0
410,30,120.498,120.531,0
410,60,90.769,90.784,0
410,90,60.974,60.984,0
410,120,31.124,31.103,0
410,150,1.329,1.321,0
410,180,331.271,331.271,0
410,210,300.883,300.875,0
410,240,270.714,270.714,0
410,270,240.535,240.524,0
410,300,210.048,210.062,0
410,330,180.011,179.99,0
411,0,150.26,150.29,0
411,30,120.52,120.53,0
411,60,90.791,90.782,0
411,90,60.963,60.977,0
411,120,31.124,31.102,0
411,150,1.34,1.34,0
411,180,331.282,331.283,0
411,210,300.894,300.885,0
411,240,270.736,270.725,0
411,270,240.535,240.526,0
411,300,210.059,210.07,0
411,330,179.989,179.999,0
412,0,150.293,150.281,0
412,30,120.531,120.519,0
412,60,90.791,90.769,0
412,90,60.996,60.99,0
412,120,31.113,31.123,0
412,150,1.351,1.338,0
412,180,331.271,331.27,0
412,210,300.861,300.865,0
412,240,270.703,270.698,0
412,270,240.524,240.516,0
412,300,210.048,210.061,0
412,330,179.967,179.999,0
413,0,150.271,150.282,0
413,30,120.531,120.53,0
413,60,90.813,90.8,0
413,90,60.996,60.985,0
413,120,31.124,31.119,0
413,150,1.351,1.34,0
413,180,331.304,331.282,0
413,210,300.872,300.879,0
413,240,270.725,270.714,0
413,270,240.535,240.524,0
413,300,210.059,210.056,0
413,330,179.989,179.971,0
414,0,150.315,150.271,0
414,30,120.531,120.521,0
414,60,90.78,90.78,0
414,90,60.985,60.984,0
414,120,31.113,31.113,0
414,150,1.351,1.339,0
414,180,331.26,331.277,0
414,210,300.872,300.866,0
414,240,270.703,270.7,0
414,270,240.502,240.513,0
414,300,210.059,210.059,0
414,330,180.022,179.998,0
415,0,150.293,150.295,0
415,30,120.531,120.55,0
415,60,90.769,90.801,0
415,90,61.018,61.003,0
415,120,31.124,31.122,0
415,150,1.329,1.329,0
415,180,331.282,331.274,0
415,210,300.861,300.87,0
415,240,270.703,270.703,0
415,270,240.502,240.521,0
415,300,210.081,210.064,0
415,330,180.011,179.98,0
416,0,150.282,150.282,0
416,30,120.531,120.541,0
416,60,90.791,90.794,0
416,90,60.985,60.995,0
416,120,31.113,31.124,0
416,150,1.329,1.34,0
416,180,331.293,331.288,0
416,210,300.861,300.883,0
416,240,270.714,270.709,0
416,270,240.502,240.513,0
416,300,210.037,210.059,0
416,330,180.0,179.978,0
417,0,150.26,150.278,0
417,30,120.52,120.531,0
417,60,90.802,90.802,0
417,90,61.007,61.002,0
417,120,31.124,31.133,0
417,150,1.351,1.351,0
417,180,331.293,331.282,0
417,210,300.872,300.872,0
417,240,270.725,270.703,0
417,270,240.535,240.524,0
417,300,210.059,210.068,0
417,330,179.989,180.0,0
418,0,150.293,150.293,0
418,30,120.52,120.531,0
418,60,90.78,90.795,0
418,90,60.985,60.988,0
418,120,31.124,31.121,0
418,150,1.34,1.333,0
418,180,331.304,331.282,0
418,210,300.872,300.88,0
418,240,270.725,270.714,0
418,270,240.513,240.526,0
418,300,210.048,210.067,0
418,330,180.0,179.989,0
419,0,150.282,150.289,0
419,30,120.542,120.534,0
419,60,90.791,90.791,0
419,90,60.996,60.996,0
419,120,31.113,31.123,0
419,150,1.329,1.333,0
419,180,331.271,331.282,0
419,210,300.872,300.88,0
419,240,270.714,270.714,0
419,270,240.513,240.526,0
419,300,210.07,210.07,0
419,330,179.989,179.989,0
420,0,150.293,150.291,0
420,30,120.52,120.541,0
420,60,90.78,90.78,0
420,90,60.985,60.985,0
420,120,31.113,31.113,0
420,150,1.318,1.329,0
420,180,331.282,331.275,0
420,210,300.861,300.869,0
420,240,270.692,270.712,0
420,270,240.535,240.528,0
420,300,210.081,210.065,0
420,330,179.978,179.992,0
421,0,150.249,150.276,0
421,30,120.531,120.518,0
421,60,90.769,90.77,0
421,90,60.974,60.985,0
421,120,31.124,31.121,0
421,150,1.34,1.351,0
421,180,331.282,331.293,0
421,210,300.872,300.885,0
421,240,270.725,270.725,0
421,270,240.535,240.529,0
421,300,210.059,210.064,0
421,330,179.967,179.978,0
422,0,150.26,150.261,0
422,30,120.487,120.517,0
422,60,90.758,90.772,0
422,90,60.985,60.991,0
422,120,31.124,31.111,0
422,150,1.296,1.326,0
422,180,331.271,331.269,0
422,210,300.872,300.873,0
422,240,270.703,270.714,0
422,270,240.546,240.529,0
422,300,210.048,210.074,0
422,330,179.989,180.0,0
423,0,150.293,150.289,0
423,30,120.531,120.531,0
423,60,90.769,90.781,0
423,90,60.985,60.985,0
423,120,31.124,31.113,0
423,150,1.34,1.329,0
423,180,331.271,331.271,0
423,210,300.883,300.863,0
423,240,270.703,270.714,0
423,270,240.502,240.524,0
423,300,210.07,210.062,0
423,330,180.0,180.0,0
424,0,150.293,150.293,0
424,30,120.531,120.532,0
424,60,90.78,90.791,0
424,90,60.985,60.985,0
424,120,31.091,31.117,0
424,150,1.351,1.348,0
424,180,331.315,331.287,0
424,210,300.872,300.879,0
424,240,270.725,270.722,0
424,270,240.513,240.524,0
424,300,210.048,210.059,0
424,330,179.989,179.989,0
425,0,150.282,150.282,0
425,30,120.498,120.532,0
425,60,90.769,90.79,0
425,90,60.996,60.997,0
425,120,31.102,31.132,0
425,150,1.329,1.33,0
425,180,331.26,331.286,0
425,210,300.861,300.872,0
425,240,270.714,270.706,0
425,270,240.535,240.514,0
425,300,210.037,210.06,0
425,330,180.0,180.004,0
426,0,150.282,150.295,0
426,30,120.531,120.542,0
426,60,90.813,90.799,0
426,90,60.963,60.99,0
426,120,31.091,31.113,0
426,150,1.351,1.329,0
426,180,331.282,331.282,0
426,210,300.894,300.87,0
426,240,270.692,270.703,0
426,270,240.502,240.519,0
426,300,210.07,210.065,0
426,330,179.989,180.0,0
427,0,150.271,150.279,0
427,30,120.542,120.528,0
427,60,90.802,90.791,0
427,90,60.996,60.996,0
427,120,31.102,31.113,0
427,150,1.362,1.351,0
427,180,331.282,331.282,0
427,210,300.872,300.879,0
427,240,270.703,270.721,0
427,270,240.491,240.524,0
427,300,210.059,210.071,0
427,330,180.0,180.0,0
428,0,150.271,150.282,0
428,30,120.542,120.531,0
428,60,90.758,90.78,0
428,90,61.007,60.976,0
428,120,31.113,31.104,0
428,150,1.318,1.339,0
428,180,331.282,331.265,0
428,210,300.861,300.861,0
428,240,270.703,270.699,0
428,270,240.513,240.513,0
428,300,210.059,210.067,0
428,330,179.989,180.0,0
429,0,150.282,150.293,0
429,30,120.531,120.536,0
429,60,90.802,90.802,0
429,90,60.996,61.002,0
429,120,31.135,31.128,0
429,150,1.34,1.33,0
429,180,331.282,331.282,0
429,210,300.861,300.861,0
429,240,270.714,270.704,0
429,270,240.535,240.517,0
429,300,210.037,210.053,0
429,330,179.978,179.978,0
430,0,150.271,150.276,0
430,30,120.542,120.523,0
430,60,90.791,90.791,0
430,90,61.029,61.015,0
430,120,31.135,31.145,0
430,150,1.329,1.347,0
430,180,331.271,331.285,0
430,210,300.85,300.872,0
430,240,270.714,270.714,0
430,270,240.524,240.526,0
430,300,210.059,210.066,0
430,330,179.989,179.997,0
431,0,150.282,150.293,0
431,30,120.564,120.539,0
431,60,90.802,90.792,0
431,90,60.996,60.996,0
431,120,31.113,31.12,0
431,150,1.34,1.336,0
431,180,331.271,331.281,0
431,210,300.872,300.872,0
431,240,270.714,270.703,0
431,270,240.502,240.524,0
431,300,210.07,210.07,0
431,330,180.0,180.0,0
432,0,150.304,150.294,0
432,30,120.542,120.539,0
432,60,90.813,90.8,0
432,90,61.029,60.997,0
432,120,31.113,31.13,0
432,150,1.34,1.347,0
432,180,331.282,331.282,0
432,210,300.861,300.867,0
432,240,270.703,270.704,0
432,270,240.524,240.52,0
432,300,210.059,210.064,0
432,330,179.978,179.989,0
433,0,150.26,150.275,0
433,30,120.52,120.531,0
433,60,90.78,90.794,0
433,90,60.996,60.996,0
433,120,31.113,31.124,0
433,150,1.351,1.34,0
433,180,331.293,331.286,0
433,210,300.883,300.881,0
433,240,270.714,270.723,0
433,270,240.513,240.514,0
433,300,210.059,210.054,0
433,330,179.989,179.989,0
434,0,150.304,150.286,0
434,30,120.542,120.541,0
434,60,90.802,90.799,0
434,90,61.018,61.014,0
434,120,31.124,31.124,0
434,150,1.34,1.354,0
434,180,331.304,331.287,0
434,210,300.872,300.868,0
434,240,270.681,270.703,0
434,270,240.469,240.502,0
434,300,210.026,210.044,0
434,330,179.989,179.981,0
435,0,150.304,150.291,0
435,30,120.52,120.544,0
435,60,90.813,90.811,0
435,90,61.04,61.022,0
435,120,31.124,31.143,0
435,150,1.34,1.351,0
435,180,331.249,331.282,0
435,210,300.828,300.859,0
435,240,270.703,270.692,0
435,270,240.502,240.497,0
435,300,210.048,210.034,0
435,330,180.0,179.989,0
436,0,150.282,150.271,0
436,30,120.52,120.528,0
436,60,90.78,90.787,0
436,90,60.985,60.993,0
436,120,31.124,31.123,0
436,150,1.362,1.337,0
436,180,331.26,331.282,0
436,210,300.872,300.872,0
436,240,270.692,270.711,0
436,270,240.524,240.515,0
436,300,210.081,210.07,0
436,330,179.989,180.0,0
437,0,150.26,150.292,0
437,30,120.553,120.541,0
437,60,90.791,90.799,0
437,90,60.985,60.996,0
437,120,31.135,31.114,0
437,150,1.34,1.34,0
437,180,331.271,331.267,0
437,210,300.85,300.864,0
437,240,270.703,270.703,0
437,270,240.535,240.517,0
437,300,210.059,210.07,0
437,330,180.0,180.003,0
438,0,150.304,150.282,0
438,30,120.52,120.531,0
438,60,90.769,90.791,0
438,90,60.996,60.996,0
438,120,31.113,31.119,0
438,150,1.329,1.337,0
438,180,331.271,331.277,0
438,210,300.861,300.872,0
438,240,270.703,270.703,0
438,270,240.513,240.521,0
438,300,210.059,210.063,0
438,330,180.0,180.0,0
439,0,150.304,150.293,0
439,30,120.542,120.542,0
439,60,90.78,90.788,0
439,90,61.007,60.996,0
439,120,31.091,31.115,0
439,150,1.351,1.341,0
439,180,331.271,331.285,0
439,210,300.872,300.874,0
439,240,270.703,270.711,0
439,270,240.513,240.52,0
439,300,210.059,210.061,0
439,330,180.0,179.998,0
440,0,150.282,150.276,0
440,30,120.531,120.526,0
440,60,90.78,90.791,0
440,90,60.985,60.998,0
440,120,31.135,31.131,0
440,150,1.373,1.351,0
440,180,331.271,331.28,0
440,210,300.861,300.862,0
440,240,270.692,270.698,0
440,270,240.524,240.513,0
440,300,210.048,210.048,0
440,330,179.967,179.988,0
441,0,150.293,150.281,0
441,30,120.52,120.531,0
441,60,90.78,90.791,0
441,90,61.018,61.011,0
441,120,31.091,31.135,0
441,150,1.34,1.349,0
441,180,331.293,331.292,0
441,210,300.883,300.883,0
441,240,270.703,270.719,0
441,270,240.535,240.518,0
441,300,210.07,210.061,0
441,330,179.978,179.989,0
442,0,150.271,150.272,0
442,30,120.531,120.531,0
442,60,90.791,90.791,0
442,90,61.018,60.992,0
442,120,31.124,31.117,0
442,150,1.362,1.335,0
442,180,331.282,331.292,0
442,210,300.883,300.867,0
442,240,270.714,270.713,0
442,270,240.524,240.516,0
442,300,210.037,210.059,0
442,330,179.967,179.989,0
443,0,150.26,150.282,0
443,30,120.531,120.53,0
443,60,90.802,90.791,0
443,90,60.985,60.992,0
443,120,31.091,31.117,0
443,150,1.362,1.347,0
443,180,331.26,331.271,0
443,210,300.85,300.863,0
443,240,270.681,270.698,0
443,270,240.524,240.519,0
443,300,210.07,210.059,0
443,330,179.967,179.993,0
444,0,150.304,150.282,0
444,30,120.531,120.54,0
444,60,90.769,90.791,0
444,90,60.996,61.004,0
444,120,31.124,31.124,0
444,150,1.307,1.329,0
444,180,331.238,331.271,0
444,210,300.85,300.862,0
444,240,270.714,270.693,0
444,270,240.524,240.505,0
444,300,210.081,210.06,0
444,330,179.978,180.0,0
445,0,150.271,150.291,0
445,30,120.542,120.531,0
445,60,90.791,90.794,0
445,90,61.007,60.996,0
445,120,31.135,31.12,0
445,150,1.318,1.34,0
445,180,331.26,331.264,0
445,210,300.85,300.858,0
445,240,270.681,270.692,0
445,270,240.524,240.507,0
445,300,210.07,210.052,0
445,330,180.0,179.989,0
446,0,150.271,150.282,0
446,30,120.52,120.534,0
446,60,90.791,90.802,0
446,90,60.985,61.006,0
446,120,31.124,31.124,0
446,150,1.34,1.34,0
446,180,331.282,331.282,0
446,210,300.861,300.858,0
446,240,270.703,270.695,0
446,270,240.513,240.515,0
446,300,210.048,210.057,0
446,330,179.989,179.985,0
447,0,150.271,150.282,0
447,30,120.52,120.53,0
447,60,90.813,90.799,0
447,90,61.018,61.011,0
447,120,31.135,31.128,0
447,150,1.329,1.329,0
447,180,331.282,331.285,0
447,210,300.85,300.875,0
447,240,270.703,270.705,0
447,270,240.524,240.513,0
447,300,210.07,210.062,0
447,330,180.0,179.978,0
448,0,150.271,150.282,0
448,30,120.531,120.531,0
448,60,90.813,90.791,0
448,90,60.985,60.987,0
448,120,31.102,31.13,0
448,150,1.34,1.345,0
448,180,331.238,331.26,0
448,210,300.85,300.85,0
448,240,270.703,270.694,0
448,270,240.513,240.517,0
448,300,210.081,210.068,0
448,330,179.989,180.0,0
449,0,150.282,150.281,0
449,30,120.531,120.523,0
449,60,90.791,90.797,0
449,90,61.018,60.993,0
449,120,31.124,31.115,0
449,150,1.329,1.329,0
449,180,331.282,331.263,0
449,210,300.872,300.861,0
449,240,270.725,270.708,0
449,270,240.535,240.521,0
449,300,210.081,210.071,0
449,330,179.989,179.985,0
450,0,150.293,150.282,0
450,30,120.498,120.517,0
450,60,90.78,90.78,0
450,90,60.963,60.985,0
450,120,31.113,31.108,0
450,150,1.351,1.34,0
450,180,331.271,331.282,0
450,210,300.861,300.88,0
450,240,270.714,270.713,0
450,270,240.524,240.515,0
450,300,210.037,210.05,0
450,330,179.989,179.989,0
451,0,150.271,150.282,0
451,30,120.509,120.522,0
451,60,90.769,90.791,0
451,90,60.985,60.995,0
451,120,31.113,31.12,0
451,150,1.362,1.351,0
451,180,331.293,331.293,0
451,210,300.872,300.879,0
451,240,270.703,270.703,0
451,270,240.513,240.507,0
451,300,210.07,210.056,0
451,330,180.0,179.985,0
452,0,150.271,150.28,0
452,30,120.52,120.531,0
452,60,90.791,90.794,0
452,90,60.985,60.985,0
452,120,31.113,31.114,0
452,150,1.329,1.34,0
452,180,331.282,331.272,0
452,210,300.861,300.861,0
452,240,270.703,270.706,0
452,270,240.513,240.513,0
452,300,210.059,210.059,0
452,330,179.989,179.992,0
453,0,150.271,150.272,0
453,30,120.52,120.52,0
453,60,90.802,90.77,0
453,90,60.996,60.984,0
453,120,31.124,31.123,0
453,150,1.34,1.34,0
453,180,331.271,331.282,0
453,210,300.872,300.873,0
453,240,270.714,270.712,0
453,270,240.535,240.513,0
453,300,210.059,210.057,0
453,330,180.0,179.978,0
454,0,150.293,150.281,0
454,30,120.542,120.531,0
454,60,90.78,90.78,0
454,90,60.996,60.984,0
454,120,31.113,31.113,0
454,150,1.329,1.339,0
454,180,331.271,331.282,0
454,210,300.861,300.876,0
454,240,270.703,270.714,0
454,270,240.513,240.516,0
454,300,210.048,210.057,0
454,330,179.989,179.995,0
455,0,150.282,150.284,0
455,30,120.531,120.526,0
455,60,90.78,90.776,0
455,90,60.996,60.994,0
455,120,31.124,31.123,0
455,150,1.34,1.338,0
455,180,331.282,331.28,0
455,210,300.883,300.862,0
455,240,270.681,270.692,0
455,270,240.524,240.503,0
455,300,210.026,210.048,0
455,330,180.0,179.978,0
456,0,150.271,150.278,0
456,30,120.52,120.532,0
456,60,90.802,90.791,0
456,90,60.985,60.991,0
456,120,31.124,31.113,0
456,150,1.34,1.334,0
456,180,331.271,331.271,0
456,210,300.861,300.861,0
456,240,270.681,270.695,0
456,270,240.524,240.513,0
456,300,210.059,210.059,0
456,330,179.989,180.0,0
457,0,150.304,150.282,0
457,30,120.52,120.527,0
457,60,90.791,90.79,0
457,90,60.974,60.981,0
457,120,31.113,31.11,0
457,150,1.296,1.333,0
457,180,331.26,331.28,0
457,210,300.872,300.862,0
457,240,270.714,270.703,0
457,270,240.502,240.513,0
457,300,210.07,210.052,0
457,330,179.989,179.989,0
458,0,150.271,150.282,0
458,30,120.531,120.538,0
458,60,90.802,90.793,0
458,90,60.985,60.988,0
458,120,31.124,31.115,0
458,150,1.318,1.329,0
458,180,331.282,331.263,0
458,210,300.861,300.861,0
458,240,270.714,270.703,0
458,270,240.535,240.524,0
458,300,210.092,210.061,0
458,330,180.011,180.0,0
459,0,150.271,150.282,0
459,30,120.52,120.52,0
459,60,90.78,90.79,0
459,90,60.985,60.985,0
459,120,31.113,31.124,0
459,150,1.318,1.339,0
459,180,331.271,331.271,0
459,210,300.85,300.859,0
459,240,270.703,270.703,0
459,270,240.502,240.513,0
459,300,210.059,210.056,0
459,330,179.967,179.989,0
460,0,150.26,150.273,0
460,30,120.509,120.517,0
460,60,90.78,90.789,0
460,90,60.985,60.986,0
460,120,31.113,31.122,0
460,150,1.318,1.346,0
460,180,331.26,331.28,0
460,210,300.883,300.872,0
460,240,270.703,270.712,0
460,270,240.524,240.518,0
460,300,210.037,210.057,0
460,330,179.978,179.978,0
461,0,150.282,150.274,0
461,30,120.498,120.516,0
461,60,90.802,90.781,0
461,90,60.985,60.992,0
461,120,31.124,31.123,0
461,150,1.362,1.348,0
461,180,331.304,331.293,0
461,210,300.872,300.872,0
461,240,270.703,270.703,0
461,270,240.502,240.512,0
461,300,210.037,210.054,0
461,330,180.0,179.985,0
462,0,150.26,150.282,0
462,30,120.553,120.531,0
462,60,90.769,90.788,0
462,90,60.996,60.999,0
462,120,31.102,31.124,0
462,150,1.329,1.341,0
462,180,331.293,331.282,0
462,210,300.872,300.872,0
462,240,270.692,270.692,0
462,270,240.502,240.509,0
462,300,210.048,210.052,0
462,330,179.978,179.989,0
463,0,150.26,150.273,0
463,30,120.52,120.518,0
463,60,90.78,90.778,0
463,90,60.974,60.985,0
463,120,31.113,31.113,0
463,150,1.34,1.34,0
463,180,331.271,331.284,0
463,210,300.85,300.881,0
463,240,270.703,270.714,0
463,270,240.524,240.513,0
463,300,210.048,210.053,0
463,330,180.0,179.997,0
464,0,150.282,150.284,0
464,30,120.542,120.535,0
464,60,90.791,90.791,0
464,90,60.985,60.996,0
464,120,31.113,31.114,0
464,150,1.34,1.34,0
464,180,331.293,331.272,0
464,210,300.861,300.851,0
464,240,270.703,270.692,0
464,270,240.513,240.512,0
464,300,210.026,210.048,0
464,330,179.956,179.967,0
465,0,150.249,150.253,0
465,30,120.498,120.513,0
465,60,90.78,90.787,0
465,90,60.996,61.006,0
465,120,31.146,31.139,0
465,150,1.351,1.349,0
465,180,331.282,331.293,0
465,210,300.861,300.872,0
465,240,270.692,270.712,0
465,270,240.524,240.506,0
465,300,210.048,210.049,0
465,330,179.967,179.978,0
466,0,150.271,150.26,0
466,30,120.542,120.52,0
466,60,90.78,90.78,0
466,90,60.985,60.985,0
466,120,31.124,31.113,0
466,150,1.351,1.332,0
466,180,331.293,331.281,0
466,210,300.861,300.862,0
466,240,270.703,270.703,0
466,270,240.502,240.507,0
466,300,210.059,210.059,0
466,330,180.011,179.989,0
467,0,150.271,150.284,0
467,30,120.531,120.528,0
467,60,90.802,90.791,0
467,90,60.985,60.992,0
467,120,31.113,31.117,0
467,150,1.351,1.335,0
467,180,331.282,331.278,0
467,210,300.872,300.861,0
467,240,270.703,270.712,0
467,270,240.513,240.513,0
467,300,210.048,210.067,0
467,330,180.0,179.99,0
468,0,150.282,150.276,0
468,30,120.509,120.527,0
468,60,90.769,90.79,0
468,90,61.007,60.988,0
468,120,31.135,31.121,0
468,150,1.351,1.34,0
468,180,331.26,331.267,0
468,210,300.839,300.87,0
468,240,270.692,270.699,0
468,270,240.524,240.509,0
468,300,210.059,210.059,0
468,330,179.989,179.993,0
469,0,150.271,150.28,0
469,30,120.542,120.535,0
469,60,90.791,90.791,0
469,90,60.974,60.988,0
469,120,31.113,31.113,0
469,150,1.362,1.351,0
469,180,331.271,331.282,0
469,210,300.85,300.87,0
469,240,270.703,270.703,0
469,270,240.524,240.507,0
469,300,210.048,210.059,0
469,330,179.978,179.993,0
470,0,150.249,150.274,0
470,30,120.509,120.529,0
470,60,90.78,90.782,0
470,90,60.974,60.993,0
470,120,31.135,31.115,0
470,150,1.362,1.346,0
470,180,331.282,331.276,0
470,210,300.894,300.877,0
470,240,270.714,270.705,0
470,270,240.524,240.513,0
470,300,210.037,210.067,0
470,330,179.989,179.989,0
471,0,150.26,150.282,0
471,30,120.531,120.517,0
471,60,90.78,90.78,0
471,90,60.996,60.999,0
471,120,31.135,31.125,0
471,150,1.351,1.351,0
471,180,331.293,331.28,0
471,210,300.872,300.873,0
471,240,270.67,270.703,0
471,270,240.502,240.515,0
471,300,210.048,210.059,0
471,330,179.967,179.978,0
472,0,150.26,150.271,0
472,30,120.531,120.532,0
472,60,90.802,90.793,0
472,90,60.974,60.985,0
472,120,31.113,31.113,0
472,150,1.329,1.339,0
472,180,331.282,331.278,0
472,210,300.905,300.864,0
472,240,270.703,270.703,0
472,270,240.502,240.513,0
472,300,210.081,210.061,0
472,330,180.0,180.0,0
473,0,150.304,150.286,0
473,30,120.531,120.53,0
473,60,90.78,90.791,0
473,90,60.985,60.996,0
473,120,31.102,31.122,0
473,150,1.34,1.336,0
473,180,331.271,331.28,0
473,210,300.883,300.876,0
473,240,270.703,270.705,0
473,270,240.513,240.516,0
473,300,210.059,210.059,0
473,330,179.989,179.999,0
474,0,150.271,150.293,0
474,30,120.531,120.538,0
474,60,90.78,90.791,0
474,90,60.985,60.99,0
474,120,31.113,31.113,0
474,150,1.34,1.344,0
474,180,331.282,331.282,0
474,210,300.883,300.872,0
474,240,270.703,270.713,0
474,270,240.502,240.524,0
474,300,210.07,210.07,0
474,330,180.0,180.0,0
475,0,150.271,150.281,0
475,30,120.542,120.531,0
475,60,90.78,90.78,0
475,90,60.985,60.991,0
475,120,31.135,31.122,0
475,150,1.351,1.34,0
475,180,331.271,331.282,0
475,210,300.839,300.864,0
475,240,270.681,270.701,0
475,270,240.513,240.513,0
475,300,210.048,210.059,0
475,330,179.978,179.989,0
476,0,150.26,150.282,0
476,30,120.509,120.531,0
476,60,90.791,90.791,0
476,90,60.996,60.985,0
476,120,31.102,31.11,0
476,150,1.34,1.329,0
476,180,331.271,331.275,0
476,210,300.861,300.865,0
476,240,270.703,270.709,0
476,270,240.524,240.524,0
476,300,210.07,210.081,0
476,330,180.022,180.011,0
477,0,150.293,150.293,0
477,30,120.553,120.542,0
477,60,90.78,90.78,0
477,90,60.974,60.984,0
477,120,31.113,31.111,0
477,150,1.34,1.326,0
477,180,331.271,331.273,0
477,210,300.85,300.868,0
477,240,270.681,270.699,0
477,270,240.513,240.506,0
477,300,210.059,210.052,0
477,330,179.989,180.0,0
478,0,150.271,150.295,0
478,30,120.542,120.533,0
478,60,90.78,90.802,0
478,90,61.018,61.003,0
478,120,31.146,31.124,0
478,150,1.362,1.351,0
478,180,331.282,331.276,0
478,210,300.85,300.861,0
478,240,270.692,270.7,0
478,270,240.524,240.513,0
478,300,210.026,210.049,0
478,330,179.989,179.986,0
479,0,150.282,150.271,0
479,30,120.509,120.519,0
479,60,90.802,90.789,0
479,90,61.007,61.006,0
479,120,31.135,31.124,0
479,150,1.329,1.348,0
479,180,331.271,331.271,0
479,210,300.883,300.861,0
479,240,270.703,270.697,0
479,270,240.524,240.524,0
479,300,210.059,210.061,0
479,330,180.011,179.998,0
480,0,150.26,150.281,0
480,30,120.531,120.523,0
480,60,90.802,90.786,0
480,90,60.985,60.996,0
480,120,31.091,31.119,0
480,150,1.34,1.341,0
480,180,331.271,331.287,0
480,210,300.861,300.867,0
480,240,270.692,270.703,0
480,270,240.513,240.512,0
480,300,210.103,210.061,0
480,330,179.989,179.991,0
481,0,150.26,150.271,0
481,30,120.509,120.526,0
481,60,90.791,90.789,0
481,90,61.007,60.993,0
481,120,31.124,31.118,0
481,150,1.351,1.35,0
481,180,331.282,331.28,0
481,210,300.85,300.869,0
481,240,270.681,270.703,0
481,270,240.513,240.514,0
481,300,210.07,210.066,0
481,330,180.022,179.997,0
482,0,150.293,150.285,0
482,30,120.531,120.531,0
482,60,90.802,90.792,0
482,90,60.996,60.992,0
482,120,31.091,31.113,0
482,150,1.318,1.333,0
482,180,331.293,331.267,0
482,210,300.861,300.861,0
482,240,270.681,270.692,0
482,270,240.513,240.51,0
482,300,210.048,210.048,0
482,330,179.967,179.978,0
483,0,150.26,150.278,0
483,30,120.52,120.52,0
483,60,90.78,90.791,0
483,90,60.996,60.996,0
483,120,31.113,31.131,0
483,150,1.362,1.355,0
483,180,331.26,331.275,0
483,210,300.872,300.861,0
483,240,270.692,270.692,0
483,270,240.513,240.5,0
483,300,210.037,210.039,0
483,330,179.978,179.975,0
484,0,150.271,150.271,0
484,30,120.542,120.519,0
484,60,90.791,90.786,0
484,90,60.985,61.007,0
484,120,31.124,31.126,0
484,150,1.329,1.343,0
484,180,331.304,331.282,0
484,210,300.883,300.864,0
484,240,270.692,270.703,0
484,270,240.502,240.513,0
484,300,210.092,210.049,0
484,330,179.989,179.978,0
485,0,150.282,150.272,0
485,30,120.498,120.52,0
485,60,90.78,90.783,0
485,90,60.985,60.987,0
485,120,31.091,31.113,0
485,150,1.329,1.34,0
485,180,331.282,331.275,0
485,210,300.861,300.867,0
485,240,270.692,270.7,0
485,270,240.502,240.513,0
485,300,210.048,210.057,0
485,330,180.0,180.0,0
486,0,150.271,150.282,0
486,30,120.52,120.535,0
486,60,90.78,90.792,0
486,90,60.996,60.996,0
486,120,31.113,31.12,0
486,150,1.34,1.341,0
486,180,331.304,331.28,0
486,210,300.872,300.861,0
486,240,270.681,270.701,0
486,270,240.502,240.502,0
486,300,210.048,210.049,0
486,330,180.0,179.978,0
487,0,150.282,150.282,0
487,30,120.553,120.53,0
487,60,90.802,90.791,0
487,90,60.996,60.996,0
487,120,31.135,31.124,0
487,150,1.318,1.347,0
487,180,331.26,331.278,0
487,210,300.861,300.863,0
487,240,270.692,270.704,0
487,270,240.502,240.524,0
487,300,210.059,210.06,0
487,330,179.978,179.989,0
488,0,150.271,150.273,0
488,30,120.553,120.531,0
488,60,90.802,90.792,0
488,90,61.007,61.007,0
488,120,31.157,31.135,0
488,150,1.34,1.35,0
488,180,331.26,331.259,0
488,210,300.861,300.85,0
488,240,270.703,270.703,0
488,270,240.524,240.524,0
488,300,210.048,210.081,0
488,330,180.0,180.0,0
489,0,150.282,150.293,0
489,30,120.542,120.534,0
489,60,90.791,90.791,0
489,90,60.996,60.999,0
489,120,31.113,31.124,0
489,150,1.318,1.329,0
489,180,331.26,331.265,0
489,210,300.85,300.85,0
489,240,270.703,270.7,0
489,270,240.524,240.518,0
489,300,210.037,210.057,0
489,330,179.989,179.979,0
490,0,150.26,150.26,0
490,30,120.509,120.511,0
490,60,90.802,90.791,0
490,90,60.996,61.016,0
490,120,31.135,31.143,0
490,150,1.362,1.352,0
490,180,331.282,331.282,0
490,210,300.872,300.863,0
490,240,270.714,270.703,0
490,270,240.524,240.518,0
490,300,210.037,210.059,0
490,330,179.967,179.989,0
491,0,150.304,150.281,0
491,30,120.509,120.52,0
491,60,90.791,90.786,0
491,90,61.007,60.985,0
491,120,31.124,31.118,0
491,150,1.34,1.341,0
491,180,331.304,331.291,0
491,210,300.872,300.883,0
491,240,270.714,270.709,0
491,270,240.502,240.524,0
491,300,210.037,210.063,0
491,330,180.011,179.974,0
492,0,150.271,150.282,0
492,30,120.531,120.52,0
492,60,90.78,90.786,0
492,90,60.974,60.996,0
492,120,31.146,31.124,0
492,150,1.34,1.341,0
492,180,331.293,331.289,0
492,210,300.85,300.876,0
492,240,270.703,270.714,0
492,270,240.513,240.513,0
492,300,210.037,210.059,0
492,330,179.956,179.985,0
493,0,150.271,150.283,0
493,30,120.542,120.531,0
493,60,90.813,90.792,0
493,90,60.996,60.995,0
493,120,31.124,31.123,0
493,150,1.351,1.341,0
493,180,331.249,331.277,0
493,210,300.872,300.874,0
493,240,270.714,270.704,0
493,270,240.513,240.523,0
493,300,210.037,210.068,0
493,330,179.967,179.985,0
494,0,150.282,150.289,0
494,30,120.542,120.542,0
494,60,90.791,90.791,0
494,90,60.996,61.004,0
494,120,31.113,31.124,0
494,150,1.351,1.341,0
494,180,331.282,331.282,0
494,210,300.861,300.861,0
494,240,270.692,270.693,0
494,270,240.524,240.502,0
494,300,210.048,210.05,0
494,330,179.978,179.978,0
495,0,150.293,150.293,0
495,30,120.542,120.531,0
495,60,90.791,90.791,0
495,90,61.029,60.996,0
495,120,31.135,31.124,0
495,150,1.318,1.337,0
495,180,331.26,331.27,0
495,210,300.872,300.87,0
495,240,270.692,270.712,0
495,270,240.513,240.515,0
495,300,210.081,210.07,0
495,330,179.989,180.0,0
496,0,150.304,150.287,0
496,30,120.553,120.542,0
496,60,90.802,90.802,0
496,90,60.985,60.996,0
496,120,31.102,31.103,0
496,150,1.329,1.325,0
496,180,331.282,331.276,0
496,210,300.861,300.872,0
496,240,270.714,270.704,0
496,270,240.502,240.515,0
496,300,210.048,210.048,0
496,330,179.967,179.986,0
497,0,150.271,150.276,0
497,30,120.542,120.526,0
497,60,90.791,90.791,0
497,90,60.996,60.997,0
497,120,31.135,31.124,0
497,150,1.318,1.351,0
497,180,331.271,331.275,0
497,210,300.872,300.859,0
497,240,270.703,270.706,0
497,270,240.513,240.512,0
497,300,210.048,210.061,0
497,330,179.989,179.989,0
498,0,150.26,150.285,0
498,30,120.509,120.531,0
498,60,90.802,90.791,0
498,90,60.996,60.997,0
498,120,31.124,31.117,0
498,150,1.34,1.332,0
498,180,331.293,331.291,0
498,210,300.872,300.883,0
498,240,270.725,270.712,0
498,270,240.502,240.524,0
498,300,210.07,210.07,0
498,330,179.967,179.98,0
499,0,150.282,150.274,0
499,30,120.564,120.527,0
499,60,90.78,90.79,0
499,90,61.007,60.996,0
499,120,31.135,31.121,0
499,150,1.34,1.344,0
499,180,331.271,331.276,0
499,210,300.85,300.877,0
499,240,270.692,270.705,0
499,270,240.502,240.52,0
499,300,210.037,210.063,0
499,330,179.967,179.99,0
500,0,150.282,150.284,0
500,30,120.52,120.526,0
500,60,90.802,90.791,0
500,90,60.985,60.996,0
500,120,31.113,31.124,0
500,150,1.34,1.34,0
500,180,331.271,331.285,0
500,210,300.872,300.872,0
500,240,270.703,270.703,0
500,270,240.513,240.507,0
500,300,210.059,210.044,0
500,330,179.978,179.985,0
