Cycle,Supposed Position,Raw Angle,Filtered Angle,Field Status
1,0,190.107,190.101,0
1,30,160.433,160.421,0
1,60,130.671,130.661,0
1,90,100.92,100.919,0
1,120,71.334,71.334,0
1,150,41.407,41.401,0
1,180,11.667,11.671,0
1,210,341.949,341.954,0
1,240,311.539,311.521,0
1,270,281.14,281.137,0
1,300,251.115,251.118,0
1,330,220.485,220.478,0
2,0,190.074,190.061,0
2,30,160.422,160.401,0
2,60,130.682,130.652,0
2,90,100.92,100.915,0
2,120,71.356,71.333,0
2,150,41.429,41.405,0
2,180,11.656,11.668,0
2,210,341.971,341.951,0
2,240,311.528,311.519,0
2,270,281.151,281.138,0
2,300,251.125,251.119,0
2,330,220.485,220.485,0
3,0,190.052,190.063,0
3,30,160.378,160.399,0
3,60,130.66,130.653,0
3,90,100.92,100.911,0
3,120,71.356,71.328,0
3,150,41.396,41.398,0
3,180,11.667,11.664,0
3,210,341.96,341.949,0
3,240,311.539,311.522,0
3,270,281.151,281.143,0
3,300,251.136,251.129,0
3,330,220.496,220.488,0
4,0,190.063,190.066,0
4,30,160.378,160.401,0
4,60,130.638,130.646,0
4,90,100.887,100.904,0
4,120,71.345,71.32,0
4,150,41.407,41.391,0
4,180,11.656,11.663,0
4,210,341.96,341.954,0
4,240,311.517,311.526,0
4,270,281.151,281.151,0
4,300,251.125,251.134,0
4,330,220.496,220.489,0
5,0,190.063,190.065,0
5,30,160.411,160.395,0
5,60,130.638,130.643,0
5,90,100.898,100.894,0
5,120,71.301,71.31,0
5,150,41.396,41.384,0
5,180,11.646,11.664,0
5,210,341.96,341.963,0
5,240,311.539,311.538,0
5,270,281.162,281.168,0
5,300,251.147,251.128,0
5,330,220.485,220.488,0
6,0,190.074,190.061,0
6,30,160.389,160.396,0
6,60,130.649,130.645,0
6,90,100.898,100.905,0
6,120,71.334,71.322,0
6,150,41.407,41.394,0
6,180,11.678,11.666,0
6,210,341.96,341.954,0
6,240,311.528,311.527,0
6,270,281.14,281.149,0
6,300,251.136,251.125,0
6,330,220.485,220.483,0
7,0,190.052,190.061,0
7,30,160.4,160.398,0
7,60,130.638,130.648,0
7,90,100.92,100.906,0
7,120,71.323,71.326,0
7,150,41.396,41.399,0
7,180,11.667,11.67,0
7,210,341.96,341.958,0
7,240,311.528,311.526,0
7,270,281.151,281.145,0
7,300,251.147,251.125,0
7,330,220.485,220.479,0
8,0,190.074,190.056,0
8,30,160.389,160.38,0
8,60,130.649,130.629,0
8,90,100.898,100.892,0
8,120,71.312,71.317,0
8,150,41.396,41.396,0
8,180,11.678,11.675,0
8,210,341.982,341.967,0
8,240,311.55,311.539,0
8,270,281.173,281.168,0
8,300,251.136,251.136,0
8,330,220.507,220.482,0
9,0,190.031,190.052,0
9,30,160.356,160.383,0
9,60,130.638,130.631,0
9,90,100.898,100.897,0
9,120,71.334,71.32,0
9,150,41.375,41.386,0
9,180,11.646,11.665,0
9,210,341.96,341.963,0
9,240,311.539,311.531,0
9,270,281.162,281.153,0
9,300,251.115,251.126,0
9,330,220.485,220.484,0
10,0,190.063,190.066,0
10,30,160.411,160.4,0
10,60,130.66,130.651,0
10,90,100.92,100.907,0
10,120,71.312,71.322,0
10,150,41.396,41.391,0
10,180,11.711,11.667,0
10,210,341.96,341.957,0
10,240,311.517,311.529,0
10,270,281.162,281.151,0
10,300,251.125,251.128,0
10,330,220.496,220.486,0
11,0,190.074,190.066,0
11,30,160.389,160.4,0
11,60,130.66,130.653,0
11,90,100.92,100.911,0
11,120,71.334,71.322,0
11,150,41.396,41.388,0
11,180,11.667,11.663,0
11,210,341.96,341.952,0
11,240,311.528,311.523,0
11,270,281.14,281.145,0
11,300,251.125,251.124,0
11,330,220.474,220.476,0
12,0,190.063,190.063,0
12,30,160.411,160.4,0
12,60,130.638,130.654,0
12,90,100.92,100.915,0
12,120,71.345,71.33,0
12,150,41.407,41.398,0
12,180,11.689,11.667,0
12,210,341.971,341.958,0
12,240,311.539,311.521,0
12,270,281.162,281.133,0
12,300,251.125,251.117,0
12,330,220.485,220.477,0
13,0,190.063,190.058,0
13,30,160.411,160.398,0
13,60,130.66,130.652,0
13,90,100.931,100.913,0
13,120,71.334,71.335,0
13,150,41.407,41.405,0
13,180,11.678,11.672,0
13,210,341.96,341.951,0
13,240,311.528,311.521,0
13,270,281.173,281.145,0
13,300,251.147,251.127,0
13,330,220.485,220.489,0
14,0,190.085,190.069,0
14,30,160.411,160.403,0
14,60,130.638,130.652,0
14,90,100.92,100.91,0
14,120,71.323,71.327,0
14,150,41.385,41.39,0
14,180,11.678,11.664,0
14,210,341.96,341.96,0
14,240,311.517,311.527,0
14,270,281.162,281.154,0
14,300,251.136,251.132,0
14,330,220.496,220.49,0
15,0,190.063,190.061,0
15,30,160.389,160.39,0
15,60,130.649,130.639,0
15,90,100.909,100.902,0
15,120,71.334,71.326,0
15,150,41.418,41.4,0
15,180,11.667,11.677,0
15,210,341.96,341.951,0
15,240,311.528,311.528,0
15,270,281.151,281.152,0
15,300,251.158,251.134,0
15,330,220.496,220.49,0
16,0,190.096,190.071,0
16,30,160.4,160.402,0
16,60,130.66,130.65,0
16,90,100.931,100.906,0
16,120,71.334,71.322,0
16,150,41.385,41.388,0
16,180,11.678,11.665,0
16,210,341.96,341.951,0
16,240,311.517,311.527,0
16,270,281.151,281.155,0
16,300,251.158,251.132,0
16,330,220.474,220.486,0
17,0,190.074,190.059,0
17,30,160.4,160.39,0
17,60,130.649,130.641,0
17,90,100.931,100.906,0
17,120,71.323,71.328,0
17,150,41.385,41.397,0
17,180,11.667,11.674,0
17,210,341.96,341.965,0
17,240,311.561,311.537,0
17,270,281.173,281.157,0
17,300,251.136,251.127,0
17,330,220.485,220.479,0
18,0,190.052,190.053,0
18,30,160.4,160.394,0
18,60,130.649,130.643,0
18,90,100.909,100.903,0
18,120,71.334,71.324,0
18,150,41.385,41.396,0
18,180,11.678,11.672,0
18,210,341.96,341.963,0
18,240,311.517,311.534,0
18,270,281.173,281.16,0
18,300,251.147,251.134,0
18,330,220.485,220.485,0
19,0,190.063,190.061,0
19,30,160.4,160.393,0
19,60,130.66,130.647,0
19,90,100.909,100.91,0
19,120,71.323,71.331,0
19,150,41.418,41.399,0
19,180,11.689,11.673,0
19,210,341.982,341.958,0
19,240,311.528,311.528,0
19,270,281.162,281.151,0
19,300,251.125,251.127,0
19,330,220.496,220.478,0
20,0,190.063,190.058,0
20,30,160.411,160.395,0
20,60,130.638,130.65,0
20,90,100.909,100.913,0
20,120,71.323,71.332,0
20,150,41.407,41.395,0
20,180,11.678,11.676,0
20,210,341.971,341.958,0
20,240,311.517,311.523,0
20,270,281.14,281.143,0
20,300,251.125,251.125,0
20,330,220.485,220.484,0
21,0,190.052,190.063,0
21,30,160.389,160.4,0
21,60,130.649,130.652,0
21,90,100.931,100.913,0
21,120,71.345,71.336,0
21,150,41.396,41.398,0
21,180,11.678,11.666,0
21,210,341.949,341.945,0
21,240,311.517,311.515,0
21,270,281.129,281.136,0
21,300,251.115,251.122,0
21,330,220.474,220.484,0
22,0,190.063,190.07,0
22,30,160.422,160.407,0
22,60,130.66,130.663,0
22,90,100.931,100.923,0
22,120,71.345,71.327,0
22,150,41.396,41.389,0
22,180,11.678,11.661,0
22,210,341.938,341.946,0
22,240,311.506,311.523,0
22,270,281.162,281.148,0
22,300,251.125,251.13,0
22,330,220.485,220.49,0
23,0,190.085,190.072,0
23,30,160.422,160.41,0
23,60,130.66,130.66,0
23,90,100.92,100.912,0
23,120,71.345,71.326,0
23,150,41.396,41.387,0
23,180,11.656,11.66,0
23,210,341.96,341.949,0
23,240,311.528,311.526,0
23,270,281.162,281.151,0
23,300,251.147,251.131,0
23,330,220.474,220.491,0
24,0,190.063,190.072,0
24,30,160.4,160.405,0
24,60,130.649,130.653,0
24,90,100.931,100.908,0
24,120,71.323,71.32,0
24,150,41.396,41.387,0
24,180,11.678,11.66,0
24,210,341.96,341.954,0
24,240,311.517,311.529,0
24,270,281.14,281.159,0
24,300,251.147,251.135,0
24,330,220.474,220.488,0
25,0,190.074,190.064,0
25,30,160.4,160.397,0
25,60,130.66,130.647,0
25,90,100.909,100.907,0
25,120,71.345,71.325,0
25,150,41.429,41.391,0
25,180,11.667,11.666,0
25,210,341.949,341.959,0
25,240,311.539,311.531,0
25,270,281.195,281.162,0
25,300,251.147,251.139,0
25,330,220.485,220.493,0
26,0,190.063,190.067,0
26,30,160.411,160.399,0
26,60,130.66,130.641,0
26,90,100.909,100.901,0
26,120,71.345,71.322,0
26,150,41.396,41.391,0
26,180,11.7,11.676,0
26,210,341.949,341.962,0
26,240,311.539,311.533,0
26,270,281.184,281.164,0
26,300,251.125,251.126,0
26,330,220.496,220.483,0
27,0,190.074,190.056,0
27,30,160.4,160.39,0
27,60,130.638,130.64,0
27,90,100.92,100.91,0
27,120,71.334,71.334,0
27,150,41.396,41.405,0
27,180,11.689,11.687,0
27,210,341.96,341.963,0
27,240,311.539,311.529,0
27,270,281.173,281.152,0
27,300,251.115,251.128,0
27,330,220.474,220.481,0
28,0,190.042,190.054,0
28,30,160.378,160.39,0
28,60,130.649,130.647,0
28,90,100.909,100.91,0
28,120,71.334,71.33,0
28,150,41.407,41.396,0
28,180,11.689,11.678,0
28,210,341.971,341.969,0
28,240,311.55,311.538,0
28,270,281.173,281.154,0
28,300,251.125,251.123,0
28,330,220.474,220.476,0
29,0,190.063,190.059,0
29,30,160.411,160.396,0
29,60,130.66,130.654,0
29,90,100.898,100.914,0
29,120,71.323,71.323,0
29,150,41.375,41.391,0
29,180,11.678,11.668,0
29,210,341.971,341.955,0
29,240,311.539,311.529,0
29,270,281.151,281.157,0
29,300,251.125,251.134,0
29,330,220.507,220.493,0
30,0,190.074,190.073,0
30,30,160.389,160.402,0
30,60,130.638,130.652,0
30,90,100.92,100.909,0
30,120,71.334,71.329,0
30,150,41.375,41.387,0
30,180,11.678,11.666,0
30,210,341.96,341.954,0
30,240,311.539,311.526,0
30,270,281.151,281.147,0
30,300,251.125,251.121,0
30,330,220.496,220.481,0
31,0,190.085,190.069,0
31,30,160.422,160.412,0
31,60,130.682,130.671,0
31,90,100.909,100.922,0
31,120,71.279,71.31,0
31,150,41.364,41.371,0
31,180,11.646,11.657,0
31,210,341.96,341.958,0
31,240,311.55,311.54,0
31,270,281.162,281.165,0
31,300,251.158,251.134,0
31,330,220.485,220.494,0
32,0,190.096,190.078,0
32,30,160.433,160.413,0
32,60,130.66,130.661,0
32,90,100.92,100.907,0
32,120,71.323,71.311,0
32,150,41.375,41.372,0
32,180,11.667,11.658,0
32,210,341.96,341.958,0
32,240,311.528,311.528,0
32,270,281.162,281.155,0
32,300,251.125,251.132,0
32,330,220.507,220.488,0
33,0,190.074,190.063,0
33,30,160.367,160.395,0
33,60,130.66,130.647,0
33,90,100.92,100.907,0
33,120,71.345,71.326,0
33,150,41.385,41.392,0
33,180,11.656,11.667,0
33,210,341.971,341.95,0
33,240,311.506,311.521,0
33,270,281.162,281.15,0
33,300,251.158,251.131,0
33,330,220.518,220.492,0
34,0,190.085,190.066,0
34,30,160.411,160.398,0
34,60,130.66,130.652,0
34,90,100.92,100.909,0
34,120,71.334,71.327,0
34,150,41.418,41.395,0
34,180,11.678,11.671,0
34,210,341.949,341.954,0
34,240,311.517,311.521,0
34,270,281.162,281.149,0
34,300,251.147,251.134,0
34,330,220.485,220.489,0
35,0,190.063,190.059,0
35,30,160.4,160.391,0
35,60,130.638,130.637,0
35,90,100.909,100.899,0
35,120,71.312,71.324,0
35,150,41.385,41.393,0
35,180,11.689,11.675,0
35,210,341.96,341.959,0
35,240,311.561,311.529,0
35,270,281.162,281.163,0
35,300,251.169,251.138,0
35,330,220.485,220.488,0
36,0,190.074,190.06,0
36,30,160.411,160.386,0
36,60,130.638,130.636,0
36,90,100.909,100.898,0
36,120,71.323,71.315,0
36,150,41.385,41.384,0
36,180,11.689,11.668,0
36,210,341.993,341.969,0
36,240,311.572,311.548,0
36,270,281.173,281.173,0
36,300,251.125,251.12,0
36,330,220.485,220.47,0
37,0,190.063,190.053,0
37,30,160.411,160.395,0
37,60,130.649,130.655,0
37,90,100.931,100.91,0
37,120,71.334,71.326,0
37,150,41.407,41.392,0
37,180,11.7,11.677,0
37,210,341.982,341.968,0
37,240,311.528,311.54,0
37,270,281.151,281.153,0
37,300,251.125,251.117,0
37,330,220.496,220.469,0
38,0,190.063,190.051,0
38,30,160.367,160.384,0
38,60,130.638,130.638,0
38,90,100.92,100.902,0
38,120,71.345,71.325,0
38,150,41.44,41.397,0
38,180,11.7,11.675,0
38,210,341.971,341.961,0
38,240,311.528,311.533,0
38,270,281.173,281.16,0
38,300,251.136,251.129,0
38,330,220.485,220.476,0
39,0,190.074,190.052,0
39,30,160.378,160.386,0
39,60,130.638,130.643,0
39,90,100.909,100.906,0
39,120,71.334,71.315,0
39,150,41.385,41.383,0
39,180,11.667,11.663,0
39,210,341.971,341.962,0
39,240,311.539,311.538,0
39,270,281.173,281.163,0
39,300,251.115,251.129,0
39,330,220.518,220.484,0
40,0,190.096,190.061,0
40,30,160.411,160.392,0
40,60,130.66,130.651,0
40,90,100.92,100.903,0
40,120,71.334,71.316,0
40,150,41.418,41.383,0
40,180,11.689,11.665,0
40,210,341.938,341.952,0
40,240,311.55,311.524,0
40,270,281.151,281.152,0
40,300,251.125,251.126,0
40,330,220.507,220.482,0
41,0,190.085,190.063,0
41,30,160.411,160.396,0
41,60,130.66,130.648,0
41,90,100.942,100.907,0
41,120,71.345,71.324,0
41,150,41.407,41.389,0
41,180,11.678,11.662,0
41,210,341.96,341.956,0
41,240,311.539,311.527,0
41,270,281.173,281.149,0
41,300,251.136,251.126,0
41,330,220.485,220.479,0
42,0,190.074,190.056,0
42,30,160.411,160.395,0
42,60,130.66,130.653,0
42,90,100.92,100.913,0
42,120,71.323,71.329,0
42,150,41.407,41.396,0
42,180,11.678,11.67,0
42,210,341.971,341.954,0
42,240,311.528,311.53,0
42,270,281.173,281.154,0
42,300,251.125,251.133,0
42,330,220.485,220.489,0
43,0,190.074,190.066,0
43,30,160.433,160.398,0
43,60,130.671,130.65,0
43,90,100.92,100.905,0
43,120,71.312,71.32,0
43,150,41.429,41.387,0
43,180,11.678,11.665,0
43,210,341.96,341.956,0
43,240,311.517,311.526,0
43,270,281.184,281.162,0
43,300,251.136,251.14,0
43,330,220.507,220.495,0
44,0,190.085,190.067,0
44,30,160.4,160.398,0
44,60,130.627,130.643,0
44,90,100.92,100.903,0
44,120,71.334,71.323,0
44,150,41.375,41.387,0
44,180,11.7,11.667,0
44,210,341.96,341.956,0
44,240,311.572,311.53,0
44,270,281.173,281.164,0
44,300,251.136,251.135,0
44,330,220.485,220.484,0
45,0,190.052,190.056,0
45,30,160.4,160.388,0
45,60,130.638,130.643,0
45,90,100.898,100.901,0
45,120,71.301,71.316,0
45,150,41.396,41.387,0
45,180,11.678,11.672,0
45,210,341.993,341.97,0
45,240,311.55,311.542,0
45,270,281.195,281.168,0
45,300,251.147,251.131,0
45,330,220.485,220.48,0
46,0,190.063,190.053,0
46,30,160.4,160.391,0
46,60,130.649,130.639,0
46,90,100.887,100.899,0
46,120,71.323,71.318,0
46,150,41.396,41.39,0
46,180,11.678,11.667,0
46,210,341.971,341.956,0
46,240,311.539,311.532,0
46,270,281.151,281.161,0
46,300,251.169,251.133,0
46,330,220.496,220.483,0
47,0,190.085,190.056,0
47,30,160.422,160.388,0
47,60,130.649,130.637,0
47,90,100.931,100.9,0
47,120,71.345,71.322,0
47,150,41.407,41.39,0
47,180,11.678,11.671,0
47,210,341.982,341.957,0
47,240,311.539,311.527,0
47,270,281.173,281.158,0
47,300,251.136,251.131,0
47,330,220.507,220.483,0
48,0,190.096,190.053,0
48,30,160.4,160.388,0
48,60,130.66,130.637,0
48,90,100.898,100.902,0
48,120,71.323,71.312,0
48,150,41.396,41.382,0
48,180,11.667,11.661,0
48,210,341.96,341.952,0
48,240,311.561,311.53,0
48,270,281.173,281.162,0
48,300,251.136,251.134,0
48,330,220.496,220.486,0
49,0,190.085,190.063,0
49,30,160.4,160.392,0
49,60,130.638,130.643,0
49,90,100.887,100.899,0
49,120,71.312,71.314,0
49,150,41.407,41.382,0
49,180,11.689,11.658,0
49,210,341.96,341.957,0
49,240,311.539,311.529,0
49,270,281.173,281.156,0
49,300,251.147,251.128,0
49,330,220.518,220.48,0
50,0,190.063,190.053,0
50,30,160.4,160.391,0
50,60,130.682,130.653,0
50,90,100.931,100.907,0
50,120,71.323,71.32,0
50,150,41.385,41.383,0
50,180,11.689,11.663,0
50,210,341.982,341.952,0
50,240,311.528,311.528,0
50,270,281.162,281.155,0
50,300,251.147,251.129,0
50,330,220.474,220.481,0
51,0,190.085,190.06,0
51,30,160.4,160.394,0
51,60,130.671,130.648,0
51,90,100.92,100.904,0
51,120,71.334,71.32,0
51,150,41.407,41.387,0
51,180,11.689,11.661,0
51,210,341.971,341.951,0
51,240,311.55,311.526,0
51,270,281.162,281.159,0
51,300,251.158,251.137,0
51,330,220.518,220.493,0
52,0,190.085,190.067,0
52,30,160.4,160.397,0
52,60,130.638,130.65,0
52,90,100.909,100.898,0
52,120,71.334,71.307,0
52,150,41.375,41.372,0
52,180,11.678,11.651,0
52,210,341.971,341.953,0
52,240,311.561,311.533,0
52,270,281.173,281.168,0
52,300,251.136,251.142,0
52,330,220.518,220.494,0
53,0,190.085,190.066,0
53,30,160.389,160.399,0
53,60,130.671,130.651,0
53,90,100.92,100.903,0
53,120,71.334,71.313,0
53,150,41.385,41.379,0
53,180,11.678,11.657,0
53,210,341.982,341.947,0
53,240,311.55,311.528,0
53,270,281.184,281.164,0
53,300,251.136,251.135,0
53,330,220.507,220.489,0
54,0,190.063,190.065,0
54,30,160.389,160.395,0
54,60,130.66,130.642,0
54,90,100.92,100.899,0
54,120,71.334,71.309,0
54,150,41.396,41.381,0
54,180,11.667,11.67,0
54,210,341.982,341.958,0
54,240,311.539,311.534,0
54,270,281.184,281.17,0
54,300,251.158,251.143,0
54,330,220.507,220.493,0
55,0,190.074,190.058,0
55,30,160.4,160.386,0
55,60,130.638,130.63,0
55,90,100.898,100.892,0
55,120,71.334,71.319,0
55,150,41.385,41.381,0
55,180,11.689,11.658,0
55,210,341.982,341.953,0
55,240,311.539,311.529,0
55,270,281.162,281.157,0
55,300,251.136,251.128,0
55,330,220.518,220.482,0
56,0,190.052,190.059,0
56,30,160.389,160.395,0
56,60,130.671,130.655,0
56,90,100.92,100.91,0
56,120,71.345,71.317,0
56,150,41.396,41.387,0
56,180,11.689,11.668,0
56,210,341.96,341.96,0
56,240,311.561,311.535,0
56,270,281.162,281.161,0
56,300,251.158,251.129,0
56,330,220.496,220.481,0
57,0,190.074,190.056,0
57,30,160.411,160.387,0
57,60,130.649,130.64,0
57,90,100.898,100.9,0
57,120,71.323,71.321,0
57,150,41.429,41.393,0
57,180,11.667,11.669,0
57,210,341.982,341.963,0
57,240,311.528,311.531,0
57,270,281.173,281.153,0
57,300,251.147,251.124,0
57,330,220.496,220.478,0
58,0,190.052,190.054,0
58,30,160.389,160.392,0
58,60,130.682,130.653,0
58,90,100.942,100.913,0
58,120,71.345,71.329,0
58,150,41.418,41.391,0
58,180,11.678,11.663,0
58,210,341.949,341.959,0
58,240,311.539,311.529,0
58,270,281.173,281.149,0
58,300,251.115,251.121,0
58,330,220.496,220.482,0
59,0,190.074,190.057,0
59,30,160.411,160.389,0
59,60,130.66,130.65,0
59,90,100.909,100.914,0
59,120,71.367,71.337,0
59,150,41.429,41.408,0
59,180,11.678,11.675,0
59,210,341.949,341.958,0
59,240,311.539,311.526,0
59,270,281.14,281.144,0
59,300,251.147,251.136,0
59,330,220.474,220.486,0
60,0,190.074,190.061,0
60,30,160.389,160.389,0
60,60,130.66,130.641,0
60,90,100.887,100.898,0
60,120,71.345,71.319,0
60,150,41.407,41.39,0
60,180,11.689,11.67,0
60,210,341.982,341.972,0
60,240,311.561,311.549,0
60,270,281.173,281.176,0
60,300,251.147,251.143,0
60,330,220.496,220.49,0
61,0,190.052,190.062,0
61,30,160.389,160.392,0
61,60,130.649,130.646,0
61,90,100.92,100.898,0
61,120,71.312,71.311,0
61,150,41.375,41.38,0
61,180,11.689,11.665,0
61,210,342.004,341.972,0
61,240,311.572,311.558,0
61,270,281.173,281.181,0
61,300,251.147,251.138,0
61,330,220.496,220.488,0
62,0,190.052,190.056,0
62,30,160.411,160.393,0
62,60,130.66,130.643,0
62,90,100.909,100.894,0
62,120,71.345,71.311,0
62,150,41.385,41.378,0
62,180,11.678,11.652,0
62,210,341.949,341.944,0
62,240,311.539,311.524,0
62,270,281.173,281.166,0
62,300,251.147,251.156,0
62,330,220.529,220.524,0
63,0,190.096,190.085,0
63,30,160.411,160.409,0
63,60,130.638,130.65,0
63,90,100.909,100.9,0
63,120,71.345,71.322,0
63,150,41.407,41.389,0
63,180,11.646,11.656,0
63,210,341.971,341.953,0
63,240,311.528,311.533,0
63,270,281.151,281.171,0
63,300,251.169,251.144,0
63,330,220.485,220.492,0
64,0,190.063,190.067,0
64,30,160.422,160.403,0
64,60,130.671,130.653,0
64,90,100.909,100.906,0
64,120,71.323,71.321,0
64,150,41.385,41.388,0
64,180,11.678,11.661,0
64,210,341.971,341.957,0
64,240,311.528,311.531,0
64,270,281.173,281.165,0
64,300,251.125,251.134,0
64,330,220.518,220.492,0
65,0,190.074,190.069,0
65,30,160.422,160.405,0
65,60,130.682,130.659,0
65,90,100.92,100.911,0
65,120,71.334,71.322,0
65,150,41.396,41.384,0
65,180,11.689,11.656,0
65,210,341.949,341.955,0
65,240,311.539,311.529,0
65,270,281.162,281.163,0
65,300,251.147,251.136,0
65,330,220.496,220.486,0
66,0,190.063,190.051,0
66,30,160.411,160.385,0
66,60,130.671,130.636,0
66,90,100.931,100.905,0
66,120,71.345,71.335,0
66,150,41.407,41.409,0
66,180,11.667,11.677,0
66,210,342.004,341.965,0
66,240,311.528,311.534,0
66,270,281.162,281.155,0
66,300,251.136,251.128,0
66,330,220.485,220.477,0
67,0,190.052,190.043,0
67,30,160.4,160.387,0
67,60,130.66,130.643,0
67,90,100.909,100.9,0
67,120,71.323,71.314,0
67,150,41.375,41.384,0
67,180,11.689,11.663,0
67,210,341.993,341.964,0
67,240,311.55,311.539,0
67,270,281.173,281.165,0
67,300,251.147,251.128,0
67,330,220.485,220.478,0
68,0,190.063,190.052,0
68,30,160.411,160.392,0
68,60,130.649,130.634,0
68,90,100.898,100.889,0
68,120,71.323,71.307,0
68,150,41.385,41.375,0
68,180,11.667,11.653,0
68,210,341.96,341.952,0
68,240,311.517,311.531,0
68,270,281.162,281.172,0
68,300,251.18,251.154,0
68,330,220.507,220.503,0
69,0,190.085,190.065,0
69,30,160.411,160.396,0
69,60,130.66,130.639,0
69,90,100.887,100.893,0
69,120,71.312,71.293,0
69,150,41.375,41.36,0
69,180,11.635,11.643,0
69,210,341.993,341.957,0
69,240,311.561,311.552,0
69,270,281.195,281.183,0
69,300,251.18,251.152,0
69,330,220.496,220.496,0
70,0,190.096,190.068,0
70,30,160.422,160.4,0
70,60,130.66,130.646,0
70,90,100.876,100.887,0
70,120,71.279,71.292,0
70,150,41.364,41.357,0
70,180,11.646,11.645,0
70,210,341.938,341.923,0
70,240,311.495,311.497,0
70,270,281.14,281.132,0
70,300,251.136,251.131,0
70,330,220.518,220.503,0
71,0,190.107,190.082,0
71,30,160.444,160.412,0
71,60,130.682,130.664,0
71,90,100.942,100.92,0
71,120,71.356,71.332,0
71,150,41.407,41.387,0
71,180,11.635,11.642,0
71,210,341.938,341.922,0
71,240,311.506,311.501,0
71,270,281.151,281.139,0
71,300,251.136,251.131,0
71,330,220.485,220.481,0
72,0,190.085,190.059,0
72,30,160.411,160.395,0
72,60,130.671,130.656,0
72,90,100.909,100.909,0
72,120,71.345,71.318,0
72,150,41.385,41.382,0
72,180,11.667,11.663,0
72,210,341.96,341.965,0
72,240,311.572,311.546,0
72,270,281.151,281.169,0
72,300,251.158,251.129,0
72,330,220.485,220.479,0
73,0,190.063,190.056,0
73,30,160.389,160.385,0
73,60,130.638,130.625,0
73,90,100.909,100.888,0
73,120,71.301,71.31,0
73,150,41.396,41.384,0
73,180,11.667,11.671,0
73,210,341.982,341.965,0
73,240,311.583,311.543,0
73,270,281.195,281.174,0
73,300,251.169,251.147,0
73,330,220.485,220.495,0
74,0,190.052,190.054,0
74,30,160.4,160.38,0
74,60,130.616,130.627,0
74,90,100.909,100.89,0
74,120,71.323,71.299,0
74,150,41.385,41.366,0
74,180,11.678,11.655,0
74,210,341.971,341.96,0
74,240,311.583,311.553,0
74,270,281.206,281.183,0
74,300,251.147,251.147,0
74,330,220.496,220.495,0
75,0,190.085,190.064,0
75,30,160.4,160.395,0
75,60,130.649,130.643,0
75,90,100.898,100.892,0
75,120,71.323,71.301,0
75,150,41.385,41.368,0
75,180,11.656,11.661,0
75,210,341.982,341.958,0
75,240,311.539,311.532,0
75,270,281.173,281.17,0
75,300,251.147,251.141,0
75,330,220.529,220.493,0
76,0,190.063,190.063,0
76,30,160.411,160.394,0
76,60,130.638,130.64,0
76,90,100.909,100.901,0
76,120,71.334,71.321,0
76,150,41.407,41.388,0
76,180,11.678,11.669,0
76,210,341.96,341.955,0
76,240,311.539,311.528,0
76,270,281.151,281.16,0
76,300,251.115,251.134,0
76,330,220.485,220.485,0
77,0,190.063,190.059,0
77,30,160.411,160.391,0
77,60,130.649,130.647,0
77,90,100.92,100.906,0
77,120,71.312,71.325,0
77,150,41.407,41.392,0
77,180,11.689,11.666,0
77,210,341.971,341.956,0
77,240,311.55,311.535,0
77,270,281.184,281.168,0
77,300,251.147,251.136,0
77,330,220.507,220.486,0
78,0,190.085,190.062,0
78,30,160.389,160.381,0
78,60,130.671,130.638,0
78,90,100.92,100.897,0
78,120,71.323,71.316,0
78,150,41.396,41.389,0
78,180,11.667,11.677,0
78,210,342.004,341.981,0
78,240,311.561,311.556,0
78,270,281.173,281.178,0
78,300,251.169,251.141,0
78,330,220.507,220.49,0
79,0,190.042,190.057,0
79,30,160.411,160.386,0
79,60,130.627,130.639,0
79,90,100.887,100.895,0
79,120,71.345,71.327,0
79,150,41.407,41.392,0
79,180,11.667,11.666,0
79,210,341.971,341.956,0
79,240,311.539,311.53,0
79,270,281.151,281.167,0
79,300,251.158,251.144,0
79,330,220.507,220.499,0
80,0,190.096,190.068,0
80,30,160.411,160.399,0
80,60,130.66,130.649,0
80,90,100.92,100.908,0
80,120,71.345,71.321,0
80,150,41.385,41.383,0
80,180,11.656,11.651,0
80,210,341.949,341.951,0
80,240,311.528,311.536,0
80,270,281.195,281.175,0
80,300,251.147,251.147,0
80,330,220.496,220.499,0
81,0,190.074,190.073,0
81,30,160.411,160.405,0
81,60,130.704,130.656,0
81,90,100.92,100.907,0
81,120,71.301,71.313,0
81,150,41.407,41.38,0
81,180,11.656,11.664,0
81,210,341.971,341.968,0
81,240,311.55,311.551,0
81,270,281.195,281.181,0
81,300,251.158,251.154,0
81,330,220.507,220.505,0
82,0,190.074,190.067,0
82,30,160.411,160.395,0
82,60,130.66,130.647,0
82,90,100.909,100.897,0
82,120,71.334,71.311,0
82,150,41.364,41.381,0
82,180,11.656,11.663,0
82,210,341.96,341.959,0
82,240,311.539,311.539,0
82,270,281.173,281.177,0
82,300,251.158,251.153,0
82,330,220.507,220.502,0
83,0,190.085,190.066,0
83,30,160.389,160.393,0
83,60,130.627,130.64,0
83,90,100.92,100.903,0
83,120,71.323,71.322,0
83,150,41.396,41.389,0
83,180,11.678,11.675,0
83,210,341.993,341.964,0
83,240,311.55,311.537,0
83,270,281.184,281.173,0
83,300,251.158,251.146,0
83,330,220.529,220.504,0
84,0,190.085,190.064,0
84,30,160.389,160.39,0
84,60,130.682,130.642,0
84,90,100.898,100.9,0
84,120,71.345,71.324,0
84,150,41.418,41.397,0
84,180,11.689,11.678,0
84,210,341.949,341.965,0
84,240,311.561,311.541,0
84,270,281.173,281.171,0
84,300,251.169,251.148,0
84,330,220.507,220.499,0
85,0,190.096,190.067,0
85,30,160.411,160.393,0
85,60,130.671,130.647,0
85,90,100.92,100.903,0
85,120,71.312,71.318,0
85,150,41.396,41.386,0
85,180,11.689,11.669,0
85,210,341.982,341.968,0
85,240,311.55,311.55,0
85,270,281.184,281.18,0
85,300,251.147,251.144,0
85,330,220.507,220.493,0
86,0,190.063,190.065,0
86,30,160.422,160.391,0
86,60,130.638,130.646,0
86,90,100.92,100.906,0
86,120,71.356,71.322,0
86,150,41.418,41.391,0
86,180,11.689,11.674,0
86,210,341.993,341.98,0
86,240,311.572,311.555,0
86,270,281.195,281.179,0
86,300,251.147,251.142,0
86,330,220.496,220.49,0
87,0,190.063,190.06,0
87,30,160.422,160.395,0
87,60,130.649,130.648,0
87,90,100.92,100.904,0
87,120,71.323,71.321,0
87,150,41.407,41.391,0
87,180,11.678,11.664,0
87,210,341.96,341.961,0
87,240,311.528,311.54,0
87,270,281.184,281.173,0
87,300,251.169,251.144,0
87,330,220.507,220.496,0
88,0,190.096,190.066,0
88,30,160.4,160.399,0
88,60,130.649,130.647,0
88,90,100.909,100.902,0
88,120,71.345,71.318,0
88,150,41.407,41.383,0
88,180,11.667,11.657,0
88,210,341.949,341.953,0
88,240,311.539,311.531,0
88,270,281.173,281.172,0
88,300,251.169,251.15,0
88,330,220.496,220.507,0
89,0,190.096,190.071,0
89,30,160.389,160.394,0
89,60,130.66,130.647,0
89,90,100.92,100.901,0
89,120,71.323,71.314,0
89,150,41.396,41.381,0
89,180,11.646,11.655,0
89,210,341.982,341.957,0
89,240,311.572,311.54,0
89,270,281.173,281.174,0
89,300,251.147,251.151,0
89,330,220.54,220.498,0
90,0,190.107,190.065,0
90,30,160.4,160.393,0
90,60,130.649,130.643,0
90,90,100.909,100.896,0
90,120,71.301,71.301,0
90,150,41.385,41.37,0
90,180,11.656,11.651,0
90,210,341.982,341.955,0
90,240,311.528,311.543,0
90,270,281.195,281.18,0
90,300,251.191,251.16,0
90,330,220.518,220.508,0
91,0,190.063,190.069,0
91,30,160.411,160.391,0
91,60,130.649,130.643,0
91,90,100.876,100.892,0
91,120,71.334,71.299,0
91,150,41.407,41.366,0
91,180,11.656,11.651,0
91,210,341.982,341.953,0
91,240,311.55,311.529,0
91,270,281.162,281.164,0
91,300,251.136,251.139,0
91,330,220.474,220.49,0
92,0,190.063,190.058,0
92,30,160.4,160.392,0
92,60,130.671,130.643,0
92,90,100.909,100.904,0
92,120,71.356,71.322,0
92,150,41.396,41.388,0
92,180,11.689,11.67,0
92,210,341.949,341.957,0
92,240,311.539,311.53,0
92,270,281.173,281.165,0
92,300,251.191,251.16,0
92,330,220.507,220.505,0
93,0,190.074,190.063,0
93,30,160.411,160.385,0
93,60,130.638,130.626,0
93,90,100.898,100.882,0
93,120,71.312,71.303,0
93,150,41.385,41.375,0
93,180,11.689,11.665,0
93,210,341.971,341.96,0
93,240,311.55,311.544,0
93,270,281.173,281.181,0
93,300,251.158,251.132,0
93,330,220.496,220.483,0
94,0,190.063,190.054,0
94,30,160.411,160.385,0
94,60,130.66,130.647,0
94,90,100.92,100.905,0
94,120,71.334,71.319,0
94,150,41.396,41.385,0
94,180,11.678,11.665,0
94,210,341.971,341.963,0
94,240,311.539,311.539,0
94,270,281.195,281.164,0
94,300,251.136,251.128,0
94,330,220.485,220.479,0
95,0,190.063,190.05,0
95,30,160.4,160.385,0
95,60,130.649,130.636,0
95,90,100.92,100.895,0
95,120,71.323,71.315,0
95,150,41.407,41.386,0
95,180,11.667,11.665,0
95,210,341.971,341.958,0
95,240,311.572,311.539,0
95,270,281.184,281.167,0
95,300,251.147,251.133,0
95,330,220.485,220.483,0
96,0,190.063,190.054,0
96,30,160.411,160.384,0
96,60,130.649,130.64,0
96,90,100.92,100.901,0
96,120,71.312,71.302,0
96,150,41.385,41.369,0
96,180,11.667,11.654,0
96,210,341.971,341.957,0
96,240,311.572,311.544,0
96,270,281.184,281.178,0
96,300,251.158,251.149,0
96,330,220.507,220.494,0
97,0,190.085,190.06,0
97,30,160.4,160.389,0
97,60,130.649,130.642,0
97,90,100.909,100.893,0
97,120,71.312,71.303,0
97,150,41.375,41.369,0
97,180,11.656,11.653,0
97,210,341.971,341.955,0
97,240,311.572,311.534,0
97,270,281.184,281.164,0
97,300,251.147,251.131,0
97,330,220.496,220.482,0
98,0,190.063,190.056,0
98,30,160.411,160.39,0
98,60,130.66,130.646,0
98,90,100.909,100.901,0
98,120,71.356,71.315,0
98,150,41.418,41.384,0
98,180,11.678,11.659,0
98,210,341.982,341.955,0
98,240,311.528,311.533,0
98,270,281.184,281.165,0
98,300,251.158,251.133,0
98,330,220.507,220.482,0
99,0,190.063,190.052,0
99,30,160.4,160.382,0
99,60,130.649,130.639,0
99,90,100.92,100.9,0
99,120,71.345,71.317,0
99,150,41.396,41.384,0
99,180,11.678,11.661,0
99,210,341.949,341.943,0
99,240,311.517,311.526,0
99,270,281.173,281.165,0
99,300,251.158,251.137,0
99,330,220.496,220.488,0
100,0,190.074,190.062,0
100,30,160.389,160.393,0
100,60,130.649,130.644,0
100,90,100.92,100.897,0
100,120,71.323,71.307,0
100,150,41.385,41.374,0
100,180,11.689,11.649,0
100,210,341.971,341.947,0
100,240,311.55,311.53,0
100,270,281.151,281.165,0
100,300,251.158,251.132,0
100,330,220.507,220.485,0
101,0,190.074,190.058,0
101,30,160.4,160.389,0
101,60,130.671,130.643,0
101,90,100.887,100.9,0
101,120,71.334,71.313,0
101,150,41.375,41.383,0
101,180,11.667,11.659,0
101,210,341.971,341.95,0
101,240,311.539,311.531,0
101,270,281.173,281.164,0
101,300,251.169,251.136,0
101,330,220.496,220.482,0
102,0,190.085,190.055,0
102,30,160.367,160.383,0
102,60,130.649,130.632,0
102,90,100.92,100.888,0
102,120,71.323,71.304,0
102,150,41.396,41.376,0
102,180,11.667,11.659,0
102,210,341.971,341.959,0
102,240,311.561,311.546,0
102,270,281.173,281.177,0
102,300,251.158,251.145,0
102,330,220.507,220.486,0
103,0,190.052,190.053,0
103,30,160.389,160.38,0
103,60,130.638,130.63,0
103,90,100.898,100.884,0
103,120,71.312,71.299,0
103,150,41.375,41.372,0
103,180,11.678,11.66,0
103,210,341.993,341.964,0
103,240,311.561,311.549,0
103,270,281.173,281.175,0
103,300,251.136,251.139,0
103,330,220.507,220.487,0
104,0,190.052,190.051,0
104,30,160.378,160.378,0
104,60,130.649,130.631,0
104,90,100.887,100.888,0
104,120,71.301,71.303,0
104,150,41.385,41.375,0
104,180,11.667,11.661,0
104,210,341.993,341.955,0
104,240,311.55,311.531,0
104,270,281.151,281.165,0
104,300,251.169,251.135,0
104,330,220.518,220.48,0
105,0,190.063,190.045,0
105,30,160.4,160.378,0
105,60,130.627,130.628,0
105,90,100.931,100.896,0
105,120,71.345,71.318,0
105,150,41.396,41.385,0
105,180,11.689,11.669,0
105,210,341.96,341.956,0
105,240,311.517,311.527,0
105,270,281.173,281.152,0
105,300,251.158,251.125,0
105,330,220.496,220.48,0
106,0,190.042,190.047,0
106,30,160.378,160.379,0
106,60,130.649,130.639,0
106,90,100.909,100.901,0
106,120,71.334,71.323,0
106,150,41.396,41.395,0
106,180,11.678,11.67,0
106,210,341.96,341.953,0
106,240,311.506,311.522,0
106,270,281.173,281.15,0
106,300,251.158,251.132,0
106,330,220.507,220.484,0
107,0,190.042,190.048,0
107,30,160.4,160.381,0
107,60,130.649,130.632,0
107,90,100.909,100.898,0
107,120,71.345,71.318,0
107,150,41.385,41.383,0
107,180,11.667,11.663,0
107,210,341.96,341.951,0
107,240,311.55,311.527,0
107,270,281.173,281.161,0
107,300,251.147,251.133,0
107,330,220.485,220.477,0
108,0,190.063,190.044,0
108,30,160.378,160.375,0
108,60,130.649,130.631,0
108,90,100.931,100.892,0
108,120,71.334,71.309,0
108,150,41.418,41.382,0
108,180,11.678,11.661,0
108,210,341.971,341.959,0
108,240,311.561,311.542,0
108,270,281.184,281.17,0
108,300,251.147,251.135,0
108,330,220.496,220.482,0
109,0,190.052,190.048,0
109,30,160.4,160.385,0
109,60,130.66,130.635,0
109,90,100.909,100.894,0
109,120,71.356,71.312,0
109,150,41.396,41.378,0
109,180,11.656,11.662,0
109,210,341.96,341.951,0
109,240,311.561,311.527,0
109,270,281.162,281.164,0
109,300,251.169,251.138,0
109,330,220.518,220.487,0
110,0,190.074,190.055,0
110,30,160.389,160.376,0
110,60,130.638,130.632,0
110,90,100.92,100.888,0
110,120,71.312,71.306,0
110,150,41.396,41.375,0
110,180,11.667,11.66,0
110,210,341.982,341.966,0
110,240,311.572,311.548,0
110,270,281.184,281.175,0
110,300,251.147,251.137,0
110,330,220.496,220.483,0
111,0,190.063,190.046,0
111,30,160.4,160.38,0
111,60,130.627,130.629,0
111,90,100.898,100.884,0
111,120,71.301,71.299,0
111,150,41.385,41.374,0
111,180,11.656,11.656,0
111,210,341.982,341.958,0
111,240,311.561,311.543,0
111,270,281.173,281.174,0
111,300,251.158,251.143,0
111,330,220.485,220.486,0
112,0,190.063,190.051,0
112,30,160.378,160.375,0
112,60,130.649,130.628,0
112,90,100.876,100.889,0
112,120,71.334,71.31,0
112,150,41.396,41.385,0
112,180,11.678,11.667,0
112,210,341.96,341.96,0
112,240,311.55,311.541,0
112,270,281.184,281.171,0
112,300,251.136,251.135,0
112,330,220.485,220.476,0
113,0,190.052,190.041,0
113,30,160.378,160.377,0
113,60,130.649,130.628,0
113,90,100.92,100.887,0
113,120,71.323,71.307,0
113,150,41.385,41.38,0
113,180,11.667,11.66,0
113,210,341.971,341.961,0
113,240,311.55,311.547,0
113,270,281.195,281.176,0
113,300,251.158,251.141,0
113,330,220.518,220.484,0
114,0,190.074,190.048,0
114,30,160.389,160.38,0
114,60,130.638,130.633,0
114,90,100.909,100.889,0
114,120,71.323,71.308,0
114,150,41.418,41.381,0
114,180,11.678,11.666,0
114,210,341.982,341.955,0
114,240,311.561,311.536,0
114,270,281.195,281.171,0
114,300,251.147,251.145,0
114,330,220.518,220.499,0
115,0,190.074,190.058,0
115,30,160.367,160.379,0
115,60,130.638,130.63,0
115,90,100.898,100.889,0
115,120,71.345,71.312,0
115,150,41.375,41.385,0
115,180,11.678,11.666,0
115,210,341.993,341.963,0
115,240,311.539,311.543,0
115,270,281.206,281.171,0
115,300,251.158,251.135,0
115,330,220.507,220.478,0
116,0,190.042,190.043,0
116,30,160.389,160.376,0
116,60,130.638,130.631,0
116,90,100.92,100.893,0
116,120,71.323,71.315,0
116,150,41.418,41.386,0
116,180,11.678,11.665,0
116,210,341.971,341.954,0
116,240,311.55,311.535,0
116,270,281.195,281.167,0
116,300,251.147,251.133,0
116,330,220.507,220.487,0
117,0,190.063,190.059,0
117,30,160.411,160.393,0
117,60,130.671,130.652,0
117,90,100.931,100.903,0
117,120,71.323,71.313,0
117,150,41.364,41.375,0
117,180,11.667,11.657,0
117,210,341.971,341.954,0
117,240,311.539,311.531,0
117,270,281.184,281.165,0
117,300,251.158,251.146,0
117,330,220.518,220.495,0
118,0,190.085,190.057,0
118,30,160.4,160.384,0
118,60,130.66,130.632,0
118,90,100.909,100.893,0
118,120,71.323,71.311,0
118,150,41.375,41.376,0
118,180,11.678,11.66,0
118,210,341.971,341.953,0
118,240,311.561,311.533,0
118,270,281.173,281.171,0
118,300,251.136,251.136,0
118,330,220.485,220.484,0
119,0,190.085,190.052,0
119,30,160.4,160.386,0
119,60,130.638,130.641,0
119,90,100.92,100.897,0
119,120,71.345,71.308,0
119,150,41.375,41.377,0
119,180,11.667,11.654,0
119,210,341.982,341.952,0
119,240,311.572,311.537,0
119,270,281.195,281.17,0
119,300,251.147,251.137,0
119,330,220.507,220.486,0
120,0,190.074,190.056,0
120,30,160.4,160.385,0
120,60,130.638,130.636,0
120,90,100.887,100.892,0
120,120,71.334,71.305,0
120,150,41.396,41.377,0
120,180,11.678,11.656,0
120,210,341.96,341.952,0
120,240,311.55,311.534,0
120,270,281.173,281.17,0
120,300,251.147,251.142,0
120,330,220.507,220.487,0
121,0,190.063,190.053,0
121,30,160.422,160.383,0
121,60,130.649,130.624,0
121,90,100.898,100.881,0
121,120,71.312,71.297,0
121,150,41.385,41.367,0
121,180,11.667,11.654,0
121,210,341.96,341.953,0
121,240,311.539,311.541,0
121,270,281.195,281.18,0
121,300,251.18,251.16,0
121,330,220.529,220.504,0
122,0,190.074,190.059,0
122,30,160.411,160.38,0
122,60,130.649,130.632,0
122,90,100.898,100.887,0
122,120,71.323,71.301,0
122,150,41.407,41.377,0
122,180,11.689,11.66,0
122,210,341.971,341.96,0
122,240,311.561,311.546,0
122,270,281.195,281.178,0
122,300,251.158,251.148,0
122,330,220.507,220.489,0
123,0,190.052,190.055,0
123,30,160.389,160.379,0
123,60,130.638,130.628,0
123,90,100.909,100.889,0
123,120,71.312,71.307,0
123,150,41.407,41.379,0
123,180,11.678,11.662,0
123,210,341.971,341.96,0
123,240,311.561,311.544,0
123,270,281.162,281.175,0
123,300,251.147,251.146,0
123,330,220.518,220.484,0
124,0,190.074,190.049,0
124,30,160.389,160.371,0
124,60,130.616,130.63,0
124,90,100.898,100.889,0
124,120,71.323,71.308,0
124,150,41.418,41.38,0
124,180,11.689,11.668,0
124,210,341.982,341.973,0
124,240,311.561,311.553,0
124,270,281.173,281.174,0
124,300,251.136,251.136,0
124,330,220.496,220.477,0
125,0,190.052,190.041,0
125,30,160.378,160.371,0
125,60,130.649,130.631,0
125,90,100.909,100.889,0
125,120,71.323,71.304,0
125,150,41.385,41.374,0
125,180,11.667,11.661,0
125,210,341.982,341.963,0
125,240,311.561,311.543,0
125,270,281.184,281.17,0
125,300,251.158,251.135,0
125,330,220.507,220.487,0
126,0,190.063,190.051,0
126,30,160.367,160.38,0
126,60,130.66,130.637,0
126,90,100.92,100.893,0
126,120,71.323,71.316,0
126,150,41.407,41.382,0
126,180,11.678,11.659,0
126,210,341.971,341.953,0
126,240,311.572,311.533,0
126,270,281.173,281.165,0
126,300,251.158,251.134,0
126,330,220.496,220.48,0
127,0,190.042,190.051,0
127,30,160.4,160.386,0
127,60,130.649,130.641,0
127,90,100.898,100.899,0
127,120,71.29,71.297,0
127,150,41.385,41.371,0
127,180,11.689,11.655,0
127,210,341.993,341.959,0
127,240,311.55,311.548,0
127,270,281.206,281.183,0
127,300,251.18,251.155,0
127,330,220.507,220.496,0
128,0,190.085,190.06,0
128,30,160.389,160.382,0
128,60,130.638,130.626,0
128,90,100.898,100.879,0
128,120,71.312,71.294,0
128,150,41.396,41.367,0
128,180,11.689,11.656,0
128,210,341.96,341.953,0
128,240,311.517,311.529,0
128,270,281.151,281.16,0
128,300,251.136,251.133,0
128,330,220.496,220.489,0
129,0,190.074,190.06,0
129,30,160.411,160.393,0
129,60,130.66,130.651,0
129,90,100.92,100.903,0
129,120,71.345,71.314,0
129,150,41.385,41.373,0
129,180,11.667,11.653,0
129,210,341.971,341.951,0
129,240,311.55,311.532,0
129,270,281.184,281.166,0
129,300,251.158,251.143,0
129,330,220.518,220.492,0
130,0,190.042,190.053,0
130,30,160.389,160.383,0
130,60,130.649,130.632,0
130,90,100.887,100.892,0
130,120,71.323,71.309,0
130,150,41.385,41.377,0
130,180,11.678,11.663,0
130,210,341.971,341.956,0
130,240,311.539,311.538,0
130,270,281.195,281.171,0
130,300,251.147,251.132,0
130,330,220.474,220.476,0
131,0,190.085,190.047,0
131,30,160.378,160.382,0
131,60,130.638,130.635,0
131,90,100.909,100.891,0
131,120,71.356,71.308,0
131,150,41.385,41.377,0
131,180,11.667,11.667,0
131,210,342.004,341.969,0
131,240,311.55,311.551,0
131,270,281.206,281.173,0
131,300,251.147,251.133,0
131,330,220.507,220.475,0
132,0,190.063,190.043,0
132,30,160.389,160.385,0
132,60,130.638,130.635,0
132,90,100.898,100.895,0
132,120,71.345,71.311,0
132,150,41.407,41.379,0
132,180,11.656,11.655,0
132,210,341.982,341.954,0
132,240,311.561,311.538,0
132,270,281.173,281.169,0
132,300,251.18,251.137,0
132,330,220.507,220.483,0
133,0,190.074,190.05,0
133,30,160.4,160.374,0
133,60,130.66,130.632,0
133,90,100.909,100.894,0
133,120,71.334,71.315,0
133,150,41.396,41.389,0
133,180,11.678,11.671,0
133,210,341.982,341.967,0
133,240,311.572,311.545,0
133,270,281.184,281.172,0
133,300,251.147,251.133,0
133,330,220.496,220.478,0
134,0,190.074,190.044,0
134,30,160.378,160.376,0
134,60,130.638,130.631,0
134,90,100.931,100.898,0
134,120,71.312,71.303,0
134,150,41.407,41.372,0
134,180,11.667,11.657,0
134,210,341.982,341.96,0
134,240,311.561,311.545,0
134,270,281.195,281.179,0
134,300,251.169,251.147,0
134,330,220.518,220.491,0
135,0,190.063,190.058,0
135,30,160.4,160.385,0
135,60,130.66,130.642,0
135,90,100.887,100.893,0
135,120,71.323,71.305,0
135,150,41.396,41.373,0
135,180,11.689,11.655,0
135,210,341.949,341.951,0
135,240,311.539,311.528,0
135,270,281.184,281.158,0
135,300,251.136,251.129,0
135,330,220.496,220.481,0
136,0,190.085,190.054,0
136,30,160.378,160.392,0
136,60,130.66,130.652,0
136,90,100.92,100.909,0
136,120,71.345,71.321,0
136,150,41.429,41.384,0
136,180,11.7,11.66,0
136,210,341.982,341.949,0
136,240,311.517,311.526,0
136,270,281.162,281.155,0
136,300,251.147,251.137,0
136,330,220.485,220.489,0
137,0,190.052,190.062,0
137,30,160.411,160.395,0
137,60,130.66,130.648,0
137,90,100.931,100.904,0
137,120,71.334,71.319,0
137,150,41.375,41.381,0
137,180,11.678,11.655,0
137,210,341.96,341.95,0
137,240,311.539,311.531,0
137,270,281.173,281.167,0
137,300,251.158,251.144,0
137,330,220.507,220.487,0
138,0,190.052,190.051,0
138,30,160.411,160.379,0
138,60,130.649,130.633,0
138,90,100.898,100.891,0
138,120,71.345,71.309,0
138,150,41.396,41.38,0
138,180,11.689,11.662,0
138,210,341.971,341.961,0
138,240,311.583,311.547,0
138,270,281.195,281.179,0
138,300,251.158,251.145,0
138,330,220.496,220.486,0
139,0,190.074,190.053,0
139,30,160.411,160.379,0
139,60,130.627,130.63,0
139,90,100.909,100.889,0
139,120,71.312,71.307,0
139,150,41.375,41.381,0
139,180,11.689,11.665,0
139,210,341.982,341.963,0
139,240,311.55,311.547,0
139,270,281.195,281.18,0
139,300,251.169,251.148,0
139,330,220.518,220.488,0
140,0,190.052,190.051,0
140,30,160.4,160.385,0
140,60,130.649,130.637,0
140,90,100.898,100.894,0
140,120,71.323,71.312,0
140,150,41.396,41.383,0
140,180,11.689,11.66,0
140,210,341.993,341.959,0
140,240,311.561,311.544,0
140,270,281.195,281.174,0
140,300,251.158,251.141,0
140,330,220.496,220.486,0
141,0,190.063,190.051,0
141,30,160.367,160.381,0
141,60,130.66,130.64,0
141,90,100.909,100.897,0
141,120,71.356,71.309,0
141,150,41.407,41.377,0
141,180,11.678,11.663,0
141,210,341.982,341.967,0
141,240,311.572,311.549,0
141,270,281.173,281.175,0
141,300,251.136,251.137,0
141,330,220.485,220.483,0
142,0,190.063,190.052,0
142,30,160.367,160.373,0
142,60,130.649,130.623,0
142,90,100.898,100.891,0
142,120,71.334,71.317,0
142,150,41.418,41.389,0
142,180,11.689,11.676,0
142,210,341.96,341.965,0
142,240,311.572,311.541,0
142,270,281.162,281.168,0
142,300,251.169,251.136,0
142,330,220.496,220.481,0
143,0,190.063,190.038,0
143,30,160.422,160.368,0
143,60,130.649,130.626,0
143,90,100.909,100.894,0
143,120,71.334,71.316,0
143,150,41.396,41.387,0
143,180,11.678,11.665,0
143,210,341.971,341.96,0
143,240,311.561,311.542,0
143,270,281.184,281.169,0
143,300,251.136,251.134,0
143,330,220.485,220.479,0
144,0,190.052,190.046,0
144,30,160.389,160.379,0
144,60,130.66,130.635,0
144,90,100.909,100.897,0
144,120,71.312,71.316,0
144,150,41.385,41.385,0
144,180,11.678,11.665,0
144,210,341.971,341.964,0
144,240,311.55,311.543,0
144,270,281.162,281.167,0
144,300,251.147,251.13,0
144,330,220.485,220.48,0
145,0,190.074,190.051,0
145,30,160.389,160.384,0
145,60,130.671,130.642,0
145,90,100.898,100.899,0
145,120,71.312,71.317,0
145,150,41.396,41.382,0
145,180,11.678,11.663,0
145,210,342.004,341.962,0
145,240,311.561,311.538,0
145,270,281.206,281.169,0
145,300,251.147,251.141,0
145,330,220.507,220.487,0
146,0,190.042,190.046,0
146,30,160.4,160.376,0
146,60,130.649,130.628,0
146,90,100.909,100.892,0
146,120,71.345,71.313,0
146,150,41.407,41.383,0
146,180,11.689,11.67,0
146,210,341.96,341.953,0
146,240,311.55,311.53,0
146,270,281.173,281.168,0
146,300,251.169,251.137,0
146,330,220.496,220.488,0
147,0,190.085,190.054,0
147,30,160.389,160.386,0
147,60,130.66,130.636,0
147,90,100.909,100.896,0
147,120,71.334,71.313,0
147,150,41.375,41.38,0
147,180,11.678,11.666,0
147,210,341.96,341.954,0
147,240,311.561,311.535,0
147,270,281.173,281.164,0
147,300,251.147,251.136,0
147,330,220.518,220.49,0
148,0,190.074,190.059,0
148,30,160.422,160.39,0
148,60,130.671,130.647,0
148,90,100.92,100.896,0
148,120,71.312,71.307,0
148,150,41.375,41.372,0
148,180,11.667,11.65,0
148,210,341.971,341.953,0
148,240,311.55,311.537,0
148,270,281.184,281.17,0
148,300,251.147,251.139,0
148,330,220.529,220.485,0
149,0,190.063,190.051,0
149,30,160.389,160.381,0
149,60,130.638,130.635,0
149,90,100.92,100.894,0
149,120,71.323,71.308,0
149,150,41.407,41.377,0
149,180,11.646,11.656,0
149,210,341.971,341.955,0
149,240,311.539,311.538,0
149,270,281.184,281.168,0
149,300,251.147,251.132,0
149,330,220.496,220.482,0
150,0,190.063,190.05,0
150,30,160.4,160.383,0
150,60,130.649,130.63,0
150,90,100.887,100.891,0
150,120,71.334,71.314,0
150,150,41.385,41.38,0
150,180,11.667,11.662,0
150,210,341.96,341.953,0
150,240,311.539,311.527,0
150,270,281.162,281.16,0
150,300,251.147,251.132,0
150,330,220.507,220.483,0
151,0,190.085,190.044,0
151,30,160.367,160.363,0
151,60,130.649,130.613,0
151,90,100.898,100.873,0
151,120,71.323,71.292,0
151,150,41.396,41.371,0
151,180,11.678,11.663,0
151,210,342.004,341.975,0
151,240,311.583,311.563,0
151,270,281.217,281.194,0
151,300,251.18,251.151,0
151,330,220.496,220.484,0
152,0,190.052,190.04,0
152,30,160.367,160.364,0
152,60,130.638,130.62,0
152,90,100.887,100.889,0
152,120,71.334,71.312,0
152,150,41.418,41.384,0
152,180,11.656,11.672,0
152,210,341.993,341.963,0
152,240,311.528,311.539,0
152,270,281.173,281.166,0
152,300,251.158,251.131,0
152,330,220.485,220.475,0
153,0,190.063,190.038,0
153,30,160.389,160.369,0
153,60,130.638,130.626,0
153,90,100.898,100.889,0
153,120,71.334,71.314,0
153,150,41.418,41.388,0
153,180,11.689,11.665,0
153,210,341.993,341.96,0
153,240,311.539,311.536,0
153,270,281.184,281.162,0
153,300,251.158,251.127,0
153,330,220.496,220.47,0
154,0,190.063,190.034,0
154,30,160.367,160.367,0
154,60,130.649,130.627,0
154,90,100.909,100.894,0
154,120,71.345,71.318,0
154,150,41.407,41.389,0
154,180,11.689,11.665,0
154,210,341.96,341.958,0
154,240,311.561,311.539,0
154,270,281.173,281.165,0
154,300,251.147,251.126,0
154,330,220.496,220.47,0
155,0,190.063,190.04,0
155,30,160.411,160.378,0
155,60,130.66,130.632,0
155,90,100.92,100.891,0
155,120,71.312,71.307,0
155,150,41.407,41.376,0
155,180,11.667,11.656,0
155,210,341.96,341.955,0
155,240,311.583,311.538,0
155,270,281.184,281.165,0
155,300,251.147,251.136,0
155,330,220.507,220.483,0
156,0,190.052,190.051,0
156,30,160.4,160.386,0
156,60,130.649,130.626,0
156,90,100.898,100.886,0
156,120,71.323,71.303,0
156,150,41.396,41.37,0
156,180,11.667,11.656,0
156,210,341.971,341.951,0
156,240,311.539,311.533,0
156,270,281.184,281.174,0
156,300,251.18,251.151,0
156,330,220.529,220.5,0
157,0,190.052,190.059,0
157,30,160.411,160.381,0
157,60,130.638,130.636,0
157,90,100.92,100.891,0
157,120,71.323,71.303,0
157,150,41.385,41.369,0
157,180,11.656,11.654,0
157,210,342.004,341.958,0
157,240,311.55,311.543,0
157,270,281.184,281.173,0
157,300,251.158,251.138,0
157,330,220.485,220.486,0
158,0,190.052,190.054,0
158,30,160.4,160.383,0
158,60,130.638,130.634,0
158,90,100.898,100.888,0
158,120,71.301,71.3,0
158,150,41.385,41.369,0
158,180,11.656,11.649,0
158,210,341.938,341.95,0
158,240,311.561,311.537,0
158,270,281.184,281.171,0
158,300,251.158,251.147,0
158,330,220.529,220.494,0
159,0,190.074,190.058,0
159,30,160.389,160.385,0
159,60,130.66,130.632,0
159,90,100.898,100.886,0
159,120,71.334,71.301,0
159,150,41.385,41.372,0
159,180,11.656,11.651,0
159,210,341.96,341.953,0
159,240,311.55,311.533,0
159,270,281.162,281.166,0
159,300,251.147,251.132,0
159,330,220.496,220.482,0
160,0,190.052,190.054,0
160,30,160.411,160.385,0
160,60,130.638,130.645,0
160,90,100.898,100.902,0
160,120,71.345,71.31,0
160,150,41.407,41.372,0
160,180,11.656,11.653,0
160,210,341.96,341.954,0
160,240,311.561,311.538,0
160,270,281.206,281.176,0
160,300,251.202,251.15,0
160,330,220.496,220.495,0
161,0,190.052,190.053,0
161,30,160.4,160.382,0
161,60,130.649,130.627,0
161,90,100.876,100.886,0
161,120,71.345,71.304,0
161,150,41.396,41.374,0
161,180,11.667,11.661,0
161,210,342.004,341.957,0
161,240,311.55,311.539,0
161,270,281.195,281.168,0
161,300,251.158,251.133,0
161,330,220.485,220.478,0
162,0,190.063,190.044,0
162,30,160.4,160.374,0
162,60,130.66,130.631,0
162,90,100.92,100.893,0
162,120,71.312,71.312,0
162,150,41.407,41.384,0
162,180,11.7,11.662,0
162,210,341.993,341.955,0
162,240,311.572,311.537,0
162,270,281.195,281.168,0
162,300,251.136,251.131,0
162,330,220.496,220.476,0
163,0,190.052,190.041,0
163,30,160.389,160.376,0
163,60,130.66,130.632,0
163,90,100.92,100.896,0
163,120,71.323,71.314,0
163,150,41.385,41.382,0
163,180,11.667,11.661,0
163,210,341.96,341.956,0
163,240,311.539,311.536,0
163,270,281.173,281.167,0
163,300,251.169,251.132,0
163,330,220.496,220.484,0
164,0,190.074,190.055,0
164,30,160.411,160.389,0
164,60,130.649,130.646,0
164,90,100.931,100.898,0
164,120,71.345,71.312,0
164,150,41.396,41.378,0
164,180,11.667,11.653,0
164,210,341.982,341.954,0
164,240,311.539,311.533,0
164,270,281.151,281.164,0
164,300,251.136,251.131,0
164,330,220.529,220.481,0
165,0,190.063,190.05,0
165,30,160.356,160.381,0
165,60,130.638,130.637,0
165,90,100.909,100.899,0
165,120,71.323,71.314,0
165,150,41.418,41.382,0
165,180,11.678,11.658,0
165,210,341.993,341.953,0
165,240,311.539,311.534,0
165,270,281.184,281.168,0
165,300,251.136,251.136,0
165,330,220.485,220.481,0
166,0,190.063,190.052,0
166,30,160.4,160.386,0
166,60,130.649,130.637,0
166,90,100.898,100.894,0
166,120,71.345,71.309,0
166,150,41.385,41.376,0
166,180,11.667,11.653,0
166,210,341.949,341.952,0
166,240,311.539,311.534,0
166,270,281.184,281.165,0
166,300,251.136,251.135,0
166,330,220.507,220.485,0
167,0,190.063,190.053,0
167,30,160.411,160.385,0
167,60,130.616,130.635,0
167,90,100.898,100.893,0
167,120,71.323,71.308,0
167,150,41.396,41.379,0
167,180,11.678,11.655,0
167,210,341.971,341.953,0
167,240,311.572,311.539,0
167,270,281.195,281.171,0
167,300,251.147,251.139,0
167,330,220.507,220.481,0
168,0,190.074,190.045,0
168,30,160.389,160.374,0
168,60,130.649,130.628,0
168,90,100.898,100.891,0
168,120,71.334,71.309,0
168,150,41.385,41.379,0
168,180,11.667,11.662,0
168,210,341.982,341.961,0
168,240,311.561,311.548,0
168,270,281.195,281.177,0
168,300,251.158,251.139,0
168,330,220.507,220.478,0
169,0,190.052,190.045,0
169,30,160.4,160.369,0
169,60,130.627,130.62,0
169,90,100.898,100.887,0
169,120,71.312,71.313,0
169,150,41.44,41.388,0
169,180,11.656,11.677,0
169,210,341.96,341.97,0
169,240,311.55,311.546,0
169,270,281.173,281.174,0
169,300,251.169,251.135,0
169,330,220.485,220.479,0
170,0,190.042,190.034,0
170,30,160.389,160.362,0
170,60,130.616,130.617,0
170,90,100.909,100.887,0
170,120,71.334,71.311,0
170,150,41.385,41.382,0
170,180,11.678,11.67,0
170,210,341.949,341.96,0
170,240,311.561,311.54,0
170,270,281.184,281.174,0
170,300,251.169,251.141,0
170,330,220.507,220.484,0
171,0,190.052,190.044,0
171,30,160.4,160.374,0
171,60,130.638,130.626,0
171,90,100.909,100.892,0
171,120,71.29,71.302,0
171,150,41.353,41.37,0
171,180,11.656,11.655,0
171,210,341.96,341.962,0
171,240,311.572,311.547,0
171,270,281.195,281.175,0
171,300,251.147,251.139,0
171,330,220.496,220.486,0
172,0,190.074,190.051,0
172,30,160.389,160.38,0
172,60,130.649,130.635,0
172,90,100.887,100.89,0
172,120,71.323,71.304,0
172,150,41.396,41.373,0
172,180,11.689,11.656,0
172,210,341.982,341.945,0
172,240,311.528,311.528,0
172,270,281.162,281.162,0
172,300,251.169,251.132,0
172,330,220.496,220.487,0
173,0,190.063,190.056,0
173,30,160.411,160.387,0
173,60,130.66,130.641,0
173,90,100.909,100.898,0
173,120,71.323,71.313,0
173,150,41.385,41.379,0
173,180,11.656,11.652,0
173,210,341.949,341.945,0
173,240,311.561,311.527,0
173,270,281.184,281.163,0
173,300,251.147,251.143,0
173,330,220.507,220.488,0
174,0,190.052,190.052,0
174,30,160.389,160.384,0
174,60,130.638,130.632,0
174,90,100.909,100.893,0
174,120,71.356,71.31,0
174,150,41.385,41.376,0
174,180,11.678,11.659,0
174,210,341.96,341.953,0
174,240,311.55,311.533,0
174,270,281.195,281.168,0
174,300,251.147,251.134,0
174,330,220.507,220.481,0
175,0,190.063,190.044,0
175,30,160.411,160.374,0
175,60,130.66,130.635,0
175,90,100.909,100.892,0
175,120,71.323,71.309,0
175,150,41.407,41.379,0
175,180,11.7,11.663,0
175,210,341.993,341.966,0
175,240,311.55,311.548,0
175,270,281.173,281.176,0
175,300,251.147,251.139,0
175,330,220.485,220.483,0
176,0,190.063,190.046,0
176,30,160.4,160.384,0
176,60,130.649,130.638,0
176,90,100.909,100.897,0
176,120,71.334,71.316,0
176,150,41.396,41.382,0
176,180,11.678,11.657,0
176,210,341.96,341.955,0
176,240,311.572,311.541,0
176,270,281.184,281.174,0
176,300,251.147,251.141,0
176,330,220.496,220.486,0
177,0,190.063,190.054,0
177,30,160.411,160.391,0
177,60,130.649,130.639,0
177,90,100.92,100.891,0
177,120,71.301,71.303,0
177,150,41.385,41.372,0
177,180,11.667,11.653,0
177,210,341.993,341.953,0
177,240,311.539,311.541,0
177,270,281.184,281.175,0
177,300,251.18,251.15,0
177,330,220.485,220.495,0
178,0,190.074,190.058,0
178,30,160.378,160.383,0
178,60,130.649,130.635,0
178,90,100.909,100.895,0
178,120,71.345,71.312,0
178,150,41.385,41.383,0
178,180,11.667,11.664,0
178,210,341.971,341.959,0
178,240,311.528,311.544,0
178,270,281.162,281.177,0
178,300,251.147,251.143,0
178,330,220.485,220.484,0
179,0,190.052,190.05,0
179,30,160.4,160.378,0
179,60,130.649,130.631,0
179,90,100.931,100.891,0
179,120,71.312,71.304,0
179,150,41.396,41.376,0
179,180,11.656,11.659,0
179,210,341.993,341.963,0
179,240,311.561,311.55,0
179,270,281.195,281.181,0
179,300,251.158,251.149,0
179,330,220.485,220.488,0
180,0,190.063,190.049,0
180,30,160.378,160.379,0
180,60,130.649,130.63,0
180,90,100.887,100.887,0
180,120,71.323,71.312,0
180,150,41.407,41.385,0
180,180,11.678,11.665,0
180,210,341.971,341.961,0
180,240,311.55,311.544,0
180,270,281.195,281.173,0
180,300,251.147,251.137,0
180,330,220.496,220.481,0
181,0,190.063,190.047,0
181,30,160.411,160.378,0
181,60,130.649,130.634,0
181,90,100.909,100.897,0
181,120,71.323,71.313,0
181,150,41.407,41.386,0
181,180,11.7,11.668,0
181,210,341.982,341.964,0
181,240,311.55,311.547,0
181,270,281.195,281.178,0
181,300,251.136,251.144,0
181,330,220.507,220.483,0
182,0,190.052,190.048,0
182,30,160.4,160.377,0
182,60,130.649,130.633,0
182,90,100.909,100.895,0
182,120,71.334,71.319,0
182,150,41.407,41.387,0
182,180,11.678,11.665,0
182,210,341.982,341.96,0
182,240,311.539,311.539,0
182,270,281.173,281.168,0
182,300,251.147,251.135,0
182,330,220.474,220.483,0
183,0,190.063,190.052,0
183,30,160.422,160.385,0
183,60,130.638,130.642,0
183,90,100.931,100.9,0
183,120,71.323,71.318,0
183,150,41.385,41.378,0
183,180,11.667,11.66,0
183,210,341.96,341.954,0
183,240,311.539,311.535,0
183,270,281.162,281.161,0
183,300,251.125,251.126,0
183,330,220.496,220.478,0
184,0,190.074,190.058,0
184,30,160.411,160.395,0
184,60,130.671,130.655,0
184,90,100.92,100.909,0
184,120,71.301,71.295,0
184,150,41.364,41.364,0
184,180,11.678,11.65,0
184,210,341.982,341.961,0
184,240,311.572,311.551,0
184,270,281.206,281.186,0
184,300,251.169,251.161,0
184,330,220.518,220.503,0
185,0,190.063,190.062,0
185,30,160.4,160.387,0
185,60,130.649,130.635,0
185,90,100.898,100.883,0
185,120,71.301,71.294,0
185,150,41.364,41.361,0
185,180,11.656,11.645,0
185,210,341.96,341.948,0
185,240,311.528,311.533,0
185,270,281.184,281.167,0
185,300,251.147,251.139,0
185,330,220.496,220.49,0
186,0,190.063,190.06,0
186,30,160.378,160.39,0
186,60,130.66,130.643,0
186,90,100.909,100.897,0
186,120,71.334,71.309,0
186,150,41.396,41.377,0
186,180,11.646,11.653,0
186,210,341.971,341.949,0
186,240,311.528,311.533,0
186,270,281.162,281.17,0
186,300,251.158,251.136,0
186,330,220.507,220.485,0
187,0,190.074,190.052,0
187,30,160.4,160.382,0
187,60,130.649,130.637,0
187,90,100.942,100.895,0
187,120,71.323,71.309,0
187,150,41.385,41.374,0
187,180,11.667,11.656,0
187,210,341.982,341.962,0
187,240,311.572,311.547,0
187,270,281.195,281.177,0
187,300,251.169,251.152,0
187,330,220.496,220.49,0
188,0,190.052,190.052,0
188,30,160.4,160.379,0
188,60,130.627,130.631,0
188,90,100.898,100.886,0
188,120,71.301,71.304,0
188,150,41.375,41.378,0
188,180,11.667,11.66,0
188,210,341.993,341.958,0
188,240,311.55,311.547,0
188,270,281.184,281.179,0
188,300,251.147,251.128,0
188,330,220.496,220.473,0
189,0,190.074,190.04,0
189,30,160.345,160.371,0
189,60,130.649,130.635,0
189,90,100.898,100.899,0
189,120,71.334,71.317,0
189,150,41.385,41.389,0
189,180,11.689,11.673,0
189,210,341.982,341.971,0
189,240,311.55,311.547,0
189,270,281.173,281.17,0
189,300,251.158,251.129,0
189,330,220.496,220.473,0
190,0,190.052,190.038,0
190,30,160.378,160.381,0
190,60,130.638,130.631,0
190,90,100.898,100.889,0
190,120,71.323,71.306,0
190,150,41.396,41.376,0
190,180,11.689,11.655,0
190,210,341.96,341.956,0
190,240,311.539,311.545,0
190,270,281.184,281.175,0
190,300,251.18,251.143,0
190,330,220.507,220.488,0
191,0,190.063,190.054,0
191,30,160.389,160.382,0
191,60,130.638,130.629,0
191,90,100.92,100.89,0
191,120,71.334,71.307,0
191,150,41.385,41.378,0
191,180,11.678,11.663,0
191,210,341.971,341.954,0
191,240,311.55,311.535,0
191,270,281.195,281.171,0
191,300,251.147,251.141,0
191,330,220.485,220.49,0
192,0,190.063,190.055,0
192,30,160.389,160.376,0
192,60,130.649,130.635,0
192,90,100.92,100.895,0
192,120,71.312,71.311,0
192,150,41.407,41.379,0
192,180,11.678,11.662,0
192,210,342.015,341.965,0
192,240,311.572,311.547,0
192,270,281.184,281.175,0
192,300,251.147,251.14,0
192,330,220.496,220.484,0
193,0,190.031,190.047,0
193,30,160.389,160.378,0
193,60,130.649,130.638,0
193,90,100.909,100.893,0
193,120,71.312,71.309,0
193,150,41.396,41.38,0
193,180,11.678,11.659,0
193,210,341.971,341.957,0
193,240,311.539,311.544,0
193,270,281.162,281.172,0
193,300,251.169,251.138,0
193,330,220.496,220.485,0
194,0,190.052,190.053,0
194,30,160.389,160.383,0
194,60,130.66,130.635,0
194,90,100.898,100.892,0
194,120,71.323,71.307,0
194,150,41.385,41.379,0
194,180,11.667,11.659,0
194,210,341.982,341.96,0
194,240,311.55,311.539,0
194,270,281.173,281.169,0
194,300,251.158,251.134,0
194,330,220.518,220.48,0
195,0,190.052,190.045,0
195,30,160.389,160.377,0
195,60,130.66,130.632,0
195,90,100.909,100.896,0
195,120,71.356,71.315,0
195,150,41.396,41.385,0
195,180,11.667,11.661,0
195,210,341.982,341.954,0
195,240,311.561,311.533,0
195,270,281.173,281.172,0
195,300,251.158,251.144,0
195,330,220.507,220.488,0
196,0,190.063,190.052,0
196,30,160.4,160.382,0
196,60,130.638,130.632,0
196,90,100.92,100.892,0
196,120,71.323,71.308,0
196,150,41.375,41.376,0
196,180,11.656,11.661,0
196,210,341.982,341.953,0
196,240,311.561,311.535,0
196,270,281.162,281.171,0
196,300,251.169,251.144,0
196,330,220.518,220.495,0
197,0,190.085,190.057,0
197,30,160.422,160.386,0
197,60,130.638,130.631,0
197,90,100.92,100.891,0
197,120,71.345,71.307,0
197,150,41.375,41.373,0
197,180,11.656,11.66,0
197,210,341.96,341.952,0
197,240,311.572,311.53,0
197,270,281.195,281.171,0
197,300,251.136,251.147,0
197,330,220.507,220.49,0
198,0,190.063,190.048,0
198,30,160.4,160.378,0
198,60,130.627,130.625,0
198,90,100.887,100.889,0
198,120,71.323,71.311,0
198,150,41.385,41.379,0
198,180,11.689,11.664,0
198,210,341.993,341.959,0
198,240,311.572,311.542,0
198,270,281.184,281.176,0
198,300,251.158,251.142,0
198,330,220.507,220.484,0
199,0,190.063,190.048,0
199,30,160.378,160.379,0
199,60,130.66,130.634,0
199,90,100.898,100.895,0
199,120,71.356,71.311,0
199,150,41.407,41.383,0
199,180,11.678,11.663,0
199,210,341.971,341.959,0
199,240,311.55,311.545,0
199,270,281.151,281.172,0
199,300,251.158,251.147,0
199,330,220.507,220.491,0
200,0,190.063,190.048,0
200,30,160.389,160.373,0
200,60,130.66,130.62,0
200,90,100.909,100.885,0
200,120,71.312,71.31,0
200,150,41.396,41.382,0
200,180,11.678,11.671,0
200,210,341.971,341.959,0
200,240,311.55,311.542,0
200,270,281.173,281.175,0
200,300,251.147,251.131,0
200,330,220.485,220.473,0
201,0,190.063,190.041,0
201,30,160.4,160.378,0
201,60,130.649,130.639,0
201,90,100.909,100.902,0
201,120,71.334,71.32,0
201,150,41.396,41.387,0
201,180,11.689,11.662,0
201,210,341.971,341.955,0
201,240,311.55,311.535,0
201,270,281.162,281.161,0
201,300,251.125,251.128,0
201,330,220.474,220.475,0
202,0,190.042,190.046,0
202,30,160.378,160.381,0
202,60,130.638,130.638,0
202,90,100.931,100.898,0
202,120,71.323,71.315,0
202,150,41.385,41.384,0
202,180,11.689,11.661,0
202,210,341.982,341.955,0
202,240,311.55,311.537,0
202,270,281.162,281.166,0
202,300,251.158,251.133,0
202,330,220.496,220.479,0
203,0,190.052,190.048,0
203,30,160.389,160.379,0
203,60,130.616,130.625,0
203,90,100.898,100.888,0
203,120,71.345,71.311,0
203,150,41.407,41.378,0
203,180,11.678,11.661,0
203,210,341.971,341.953,0
203,240,311.539,311.534,0
203,270,281.184,281.172,0
203,300,251.169,251.146,0
203,330,220.507,220.488,0
204,0,190.085,190.05,0
204,30,160.4,160.38,0
204,60,130.649,130.635,0
204,90,100.898,100.89,0
204,120,71.301,71.301,0
204,150,41.418,41.369,0
204,180,11.667,11.653,0
204,210,341.982,341.958,0
204,240,311.539,311.545,0
204,270,281.184,281.174,0
204,300,251.136,251.14,0
204,330,220.496,220.486,0
205,0,190.074,190.052,0
205,30,160.389,160.386,0
205,60,130.638,130.632,0
205,90,100.92,100.888,0
205,120,71.312,71.303,0
205,150,41.385,41.37,0
205,180,11.689,11.655,0
205,210,341.971,341.95,0
205,240,311.55,311.532,0
205,270,281.195,281.174,0
205,300,251.169,251.152,0
205,330,220.518,220.498,0
206,0,190.063,190.058,0
206,30,160.4,160.383,0
206,60,130.638,130.628,0
206,90,100.887,100.886,0
206,120,71.323,71.304,0
206,150,41.396,41.375,0
206,180,11.646,11.653,0
206,210,341.993,341.956,0
206,240,311.55,311.545,0
206,270,281.184,281.178,0
206,300,251.169,251.149,0
206,330,220.507,220.49,0
207,0,190.085,190.049,0
207,30,160.378,160.377,0
207,60,130.649,130.628,0
207,90,100.887,100.885,0
207,120,71.301,71.292,0
207,150,41.375,41.361,0
207,180,11.667,11.649,0
207,210,341.982,341.959,0
207,240,311.539,311.55,0
207,270,281.184,281.183,0
207,300,251.147,251.151,0
207,330,220.529,220.494,0
208,0,190.042,190.055,0
208,30,160.411,160.38,0
208,60,130.649,130.627,0
208,90,100.887,100.88,0
208,120,71.312,71.295,0
208,150,41.375,41.366,0
208,180,11.667,11.656,0
208,210,341.949,341.96,0
208,240,311.539,311.537,0
208,270,281.162,281.171,0
208,300,251.18,251.14,0
208,330,220.507,220.484,0
209,0,190.031,190.044,0
209,30,160.389,160.372,0
209,60,130.638,130.624,0
209,90,100.898,100.889,0
209,120,71.334,71.311,0
209,150,41.385,41.382,0
209,180,11.689,11.667,0
209,210,341.96,341.958,0
209,240,311.561,311.542,0
209,270,281.184,281.17,0
209,300,251.158,251.133,0
209,330,220.496,220.478,0
210,0,190.085,190.042,0
210,30,160.411,160.374,0
210,60,130.649,130.631,0
210,90,100.909,100.894,0
210,120,71.323,71.313,0
210,150,41.396,41.384,0
210,180,11.7,11.664,0
210,210,341.982,341.959,0
210,240,311.517,311.539,0
210,270,281.162,281.17,0
210,300,251.158,251.139,0
210,330,220.529,220.483,0
211,0,190.074,190.046,0
211,30,160.4,160.375,0
211,60,130.66,130.624,0
211,90,100.876,100.887,0
211,120,71.334,71.311,0
211,150,41.407,41.381,0
211,180,11.689,11.666,0
211,210,341.982,341.958,0
211,240,311.539,311.529,0
211,270,281.162,281.16,0
211,300,251.136,251.127,0
211,330,220.485,220.474,0
212,0,190.052,190.037,0
212,30,160.378,160.375,0
212,60,130.638,130.634,0
212,90,100.92,100.9,0
212,120,71.334,71.324,0
212,150,41.429,41.39,0
212,180,11.689,11.671,0
212,210,341.982,341.962,0
212,240,311.55,311.534,0
212,270,281.184,281.159,0
212,300,251.136,251.124,0
212,330,220.485,220.474,0
213,0,190.042,190.034,0
213,30,160.367,160.364,0
213,60,130.671,130.629,0
213,90,100.909,100.896,0
213,120,71.323,71.324,0
213,150,41.418,41.399,0
213,180,11.689,11.678,0
213,210,341.96,341.947,0
213,240,311.539,311.525,0
213,270,281.173,281.158,0
213,300,251.136,251.13,0
213,330,220.496,220.481,0
214,0,190.085,190.055,0
214,30,160.4,160.387,0
214,60,130.649,130.643,0
214,90,100.909,100.899,0
214,120,71.334,71.314,0
214,150,41.396,41.377,0
214,180,11.656,11.65,0
214,210,341.96,341.945,0
214,240,311.528,311.527,0
214,270,281.162,281.162,0
214,300,251.158,251.141,0
214,330,220.496,220.486,0
215,0,190.063,190.052,0
215,30,160.411,160.383,0
215,60,130.638,130.638,0
215,90,100.92,100.895,0
215,120,71.323,71.309,0
215,150,41.407,41.378,0
215,180,11.656,11.655,0
215,210,341.949,341.951,0
215,240,311.561,311.532,0
215,270,281.195,281.164,0
215,300,251.18,251.148,0
215,330,220.496,220.483,0
216,0,190.085,190.046,0
216,30,160.389,160.368,0
216,60,130.627,130.613,0
216,90,100.887,100.868,0
216,120,71.301,71.285,0
216,150,41.375,41.362,0
216,180,11.656,11.659,0
216,210,341.993,341.982,0
216,240,311.616,311.575,0
216,270,281.217,281.201,0
216,300,251.169,251.148,0
216,330,220.474,220.476,0
217,0,190.031,190.029,0
217,30,160.367,160.359,0
217,60,130.605,130.613,0
217,90,100.898,100.867,0
217,120,71.323,71.287,0
217,150,41.375,41.365,0
217,180,11.689,11.67,0
217,210,341.993,341.985,0
217,240,311.583,311.581,0
217,270,281.228,281.201,0
217,300,251.158,251.132,0
217,330,220.507,220.475,0
218,0,190.052,190.04,0
218,30,160.389,160.373,0
218,60,130.671,130.635,0
218,90,100.909,100.896,0
218,120,71.312,71.313,0
218,150,41.407,41.384,0
218,180,11.689,11.669,0
218,210,341.982,341.97,0
218,240,311.561,311.546,0
218,270,281.195,281.167,0
218,300,251.158,251.128,0
218,330,220.485,220.471,0
219,0,190.063,190.04,0
219,30,160.367,160.365,0
219,60,130.638,130.617,0
219,90,100.898,100.887,0
219,120,71.345,71.319,0
219,150,41.418,41.394,0
219,180,11.711,11.683,0
219,210,342.015,341.974,0
219,240,311.55,311.545,0
219,270,281.173,281.172,0
219,300,251.158,251.136,0
219,330,220.507,220.477,0
220,0,190.063,190.032,0
220,30,160.367,160.363,0
220,60,130.638,130.621,0
220,90,100.92,100.891,0
220,120,71.323,71.306,0
220,150,41.385,41.376,0
220,180,11.689,11.655,0
220,210,341.982,341.952,0
220,240,311.55,311.539,0
220,270,281.173,281.174,0
220,300,251.147,251.142,0
220,330,220.507,220.486,0
221,0,190.074,190.053,0
221,30,160.4,160.383,0
221,60,130.649,130.637,0
221,90,100.909,100.896,0
221,120,71.334,71.317,0
221,150,41.385,41.385,0
221,180,11.689,11.663,0
221,210,342.004,341.956,0
221,240,311.55,311.535,0
221,270,281.195,281.163,0
221,300,251.147,251.132,0
221,330,220.518,220.48,0
222,0,190.052,190.047,0
222,30,160.4,160.382,0
222,60,130.649,130.636,0
222,90,100.909,100.895,0
222,120,71.323,71.313,0
222,150,41.385,41.379,0
222,180,11.678,11.652,0
222,210,341.96,341.947,0
222,240,311.55,311.53,0
222,270,281.184,281.166,0
222,300,251.191,251.139,0
222,330,220.496,220.488,0
223,0,190.063,190.053,0
223,30,160.389,160.385,0
223,60,130.66,130.642,0
223,90,100.931,100.898,0
223,120,71.301,71.306,0
223,150,41.429,41.375,0
223,180,11.667,11.653,0
223,210,341.949,341.951,0
223,240,311.539,311.538,0
223,270,281.206,281.172,0
223,300,251.147,251.141,0
223,330,220.496,220.484,0
224,0,190.063,190.05,0
224,30,160.389,160.379,0
224,60,130.638,130.631,0
224,90,100.898,100.889,0
224,120,71.312,71.301,0
224,150,41.385,41.369,0
224,180,11.667,11.655,0
224,210,341.982,341.96,0
224,240,311.55,311.544,0
224,270,281.184,281.175,0
224,300,251.158,251.143,0
224,330,220.518,220.488,0
225,0,190.063,190.053,0
225,30,160.378,160.379,0
225,60,130.649,130.633,0
225,90,100.898,100.886,0
225,120,71.312,71.301,0
225,150,41.396,41.371,0
225,180,11.656,11.653,0
225,210,341.971,341.954,0
225,240,311.561,311.544,0
225,270,281.184,281.178,0
225,300,251.169,251.151,0
225,330,220.496,220.489,0
226,0,190.063,190.051,0
226,30,160.378,160.377,0
226,60,130.66,130.628,0
226,90,100.898,100.884,0
226,120,71.312,71.299,0
226,150,41.375,41.372,0
226,180,11.678,11.654,0
226,210,341.982,341.955,0
226,240,311.561,311.544,0
226,270,281.195,281.175,0
226,300,251.158,251.14,0
226,330,220.485,220.481,0
227,0,190.052,190.045,0
227,30,160.4,160.374,0
227,60,130.66,130.627,0
227,90,100.898,100.887,0
227,120,71.323,71.307,0
227,150,41.396,41.378,0
227,180,11.678,11.659,0
227,210,341.982,341.958,0
227,240,311.572,311.54,0
227,270,281.195,281.172,0
227,300,251.136,251.138,0
227,330,220.507,220.48,0
228,0,190.074,190.045,0
228,30,160.389,160.372,0
228,60,130.638,130.631,0
228,90,100.931,100.89,0
228,120,71.334,71.306,0
228,150,41.407,41.375,0
228,180,11.678,11.659,0
228,210,341.982,341.96,0
228,240,311.572,311.544,0
228,270,281.195,281.171,0
228,300,251.158,251.131,0
228,330,220.485,220.472,0
229,0,190.042,190.036,0
229,30,160.4,160.366,0
229,60,130.638,130.625,0
229,90,100.909,100.894,0
229,120,71.323,71.316,0
229,150,41.418,41.387,0
229,180,11.678,11.668,0
229,210,341.982,341.964,0
229,240,311.539,311.544,0
229,270,281.173,281.169,0
229,300,251.147,251.131,0
229,330,220.496,220.47,0
230,0,190.031,190.036,0
230,30,160.4,160.381,0
230,60,130.616,130.631,0
230,90,100.887,100.888,0
230,120,71.334,71.307,0
230,150,41.407,41.377,0
230,180,11.678,11.655,0
230,210,341.971,341.953,0
230,240,311.55,311.539,0
230,270,281.184,281.172,0
230,300,251.18,251.146,0
230,330,220.496,220.489,0
231,0,190.052,190.053,0
231,30,160.378,160.385,0
231,60,130.66,130.637,0
231,90,100.909,100.9,0
231,120,71.323,71.315,0
231,150,41.385,41.38,0
231,180,11.678,11.659,0
231,210,341.949,341.948,0
231,240,311.55,311.526,0
231,270,281.184,281.164,0
231,300,251.147,251.136,0
231,330,220.518,220.487,0
232,0,190.052,190.053,0
232,30,160.389,160.377,0
232,60,130.671,130.637,0
232,90,100.898,100.9,0
232,120,71.345,71.316,0
232,150,41.407,41.383,0
232,180,11.656,11.666,0
232,210,341.971,341.967,0
232,240,311.561,311.544,0
232,270,281.162,281.169,0
232,300,251.169,251.132,0
232,330,220.507,220.477,0
233,0,190.042,190.043,0
233,30,160.367,160.377,0
233,60,130.671,130.636,0
233,90,100.909,100.895,0
233,120,71.323,71.306,0
233,150,41.385,41.377,0
233,180,11.667,11.655,0
233,210,341.982,341.953,0
233,240,311.528,311.542,0
233,270,281.151,281.174,0
233,300,251.169,251.147,0
233,330,220.507,220.488,0
234,0,190.031,190.051,0
234,30,160.4,160.378,0
234,60,130.649,130.631,0
234,90,100.909,100.89,0
234,120,71.312,71.304,0
234,150,41.375,41.374,0
234,180,11.678,11.655,0
234,210,341.982,341.951,0
234,240,311.561,311.537,0
234,270,281.195,281.169,0
234,300,251.136,251.138,0
234,330,220.507,220.48,0
235,0,190.074,190.046,0
235,30,160.4,160.378,0
235,60,130.66,130.63,0
235,90,100.92,100.888,0
235,120,71.312,71.307,0
235,150,41.396,41.378,0
235,180,11.667,11.656,0
235,210,341.971,341.95,0
235,240,311.528,311.534,0
235,270,281.173,281.168,0
235,300,251.147,251.138,0
235,330,220.507,220.486,0
236,0,190.074,190.052,0
236,30,160.4,160.382,0
236,60,130.649,130.633,0
236,90,100.898,100.89,0
236,120,71.301,71.304,0
236,150,41.375,41.374,0
236,180,11.678,11.65,0
236,210,341.971,341.955,0
236,240,311.572,311.543,0
236,270,281.206,281.176,0
236,300,251.169,251.145,0
236,330,220.485,220.483,0
237,0,190.052,190.044,0
237,30,160.389,160.371,0
237,60,130.616,130.625,0
237,90,100.898,100.887,0
237,120,71.323,71.306,0
237,150,41.385,41.376,0
237,180,11.678,11.659,0
237,210,341.971,341.953,0
237,240,311.539,311.538,0
237,270,281.184,281.172,0
237,300,251.169,251.141,0
237,330,220.474,220.482,0
238,0,190.074,190.047,0
238,30,160.4,160.378,0
238,60,130.649,130.626,0
238,90,100.898,100.882,0
238,120,71.312,71.302,0
238,150,41.418,41.375,0
238,180,11.678,11.656,0
238,210,341.982,341.954,0
238,240,311.55,311.539,0
238,270,281.184,281.17,0
238,300,251.158,251.138,0
238,330,220.507,220.482,0
239,0,190.063,190.043,0
239,30,160.378,160.372,0
239,60,130.638,130.632,0
239,90,100.931,100.888,0
239,120,71.334,71.305,0
239,150,41.418,41.375,0
239,180,11.667,11.659,0
239,210,341.993,341.961,0
239,240,311.55,311.545,0
239,270,281.173,281.172,0
239,300,251.158,251.129,0
239,330,220.496,220.475,0
240,0,190.074,190.048,0
240,30,160.378,160.383,0
240,60,130.649,130.643,0
240,90,100.942,100.899,0
240,120,71.345,71.313,0
240,150,41.375,41.374,0
240,180,11.678,11.654,0
240,210,341.982,341.954,0
240,240,311.539,311.533,0
240,270,281.195,281.161,0
240,300,251.158,251.128,0
240,330,220.507,220.478,0
241,0,190.063,190.051,0
241,30,160.4,160.378,0
241,60,130.66,130.64,0
241,90,100.909,100.897,0
241,120,71.334,71.311,0
241,150,41.407,41.378,0
241,180,11.656,11.659,0
241,210,341.982,341.957,0
241,240,311.55,311.536,0
241,270,281.173,281.165,0
241,300,251.136,251.13,0
241,330,220.485,220.479,0
242,0,190.074,190.047,0
242,30,160.378,160.38,0
242,60,130.66,130.641,0
242,90,100.931,100.898,0
242,120,71.323,71.306,0
242,150,41.375,41.37,0
242,180,11.667,11.653,0
242,210,341.949,341.946,0
242,240,311.539,311.527,0
242,270,281.184,281.167,0
242,300,251.158,251.142,0
242,330,220.507,220.49,0
243,0,190.052,190.053,0
243,30,160.4,160.383,0
243,60,130.638,130.631,0
243,90,100.909,100.887,0
243,120,71.323,71.303,0
243,150,41.385,41.37,0
243,180,11.667,11.655,0
243,210,341.949,341.952,0
243,240,311.539,311.533,0
243,270,281.184,281.164,0
243,300,251.147,251.132,0
243,330,220.496,220.48,0
244,0,190.063,190.049,0
244,30,160.4,160.381,0
244,60,130.649,130.636,0
244,90,100.909,100.892,0
244,120,71.301,71.308,0
244,150,41.385,41.377,0
244,180,11.667,11.653,0
244,210,341.982,341.955,0
244,240,311.561,311.54,0
244,270,281.184,281.172,0
244,300,251.158,251.141,0
244,330,220.496,220.482,0
245,0,190.074,190.044,0
245,30,160.389,160.37,0
245,60,130.649,130.621,0
245,90,100.909,100.886,0
245,120,71.312,71.304,0
245,150,41.407,41.376,0
245,180,11.678,11.66,0
245,210,341.96,341.95,0
245,240,311.539,311.523,0
245,270,281.151,281.155,0
245,300,251.147,251.127,0
245,330,220.507,220.476,0
246,0,190.063,190.037,0
246,30,160.378,160.37,0
246,60,130.649,130.627,0
246,90,100.909,100.897,0
246,120,71.345,71.328,0
246,150,41.418,41.404,0
246,180,11.689,11.678,0
246,210,341.982,341.961,0
246,240,311.561,311.547,0
246,270,281.195,281.177,0
246,300,251.158,251.147,0
246,330,220.507,220.488,0
247,0,190.085,190.051,0
247,30,160.378,160.375,0
247,60,130.638,130.626,0
247,90,100.887,100.887,0
247,120,71.312,71.306,0
247,150,41.375,41.378,0
247,180,11.667,11.661,0
247,210,341.96,341.958,0
247,240,311.55,311.546,0
247,270,281.184,281.18,0
247,300,251.125,251.137,0
247,330,220.507,220.479,0
248,0,190.042,190.04,0
248,30,160.389,160.372,0
248,60,130.649,130.625,0
248,90,100.887,100.894,0
248,120,71.334,71.319,0
248,150,41.407,41.387,0
248,180,11.667,11.674,0
248,210,341.982,341.967,0
248,240,311.55,311.539,0
248,270,281.173,281.167,0
248,300,251.147,251.133,0
248,330,220.485,220.478,0
249,0,190.052,190.039,0
249,30,160.378,160.38,0
249,60,130.649,130.641,0
249,90,100.92,100.9,0
249,120,71.323,71.321,0
249,150,41.418,41.392,0
249,180,11.667,11.665,0
249,210,342.004,341.956,0
249,240,311.572,311.534,0
249,270,281.173,281.163,0
249,300,251.158,251.132,0
249,330,220.496,220.479,0
250,0,190.085,190.049,0
250,30,160.389,160.378,0
250,60,130.627,130.633,0
250,90,100.887,100.893,0
250,120,71.334,71.311,0
250,150,41.396,41.38,0
250,180,11.656,11.658,0
250,210,341.96,341.956,0
250,240,311.561,311.539,0
250,270,281.206,281.175,0
250,300,251.169,251.141,0
250,330,220.496,220.484,0
251,0,190.074,190.051,0
251,30,160.389,160.381,0
251,60,130.649,130.637,0
251,90,100.909,100.895,0
251,120,71.367,71.321,0
251,150,41.396,41.387,0
251,180,11.667,11.67,0
251,210,341.971,341.959,0
251,240,311.55,311.537,0
251,270,281.162,281.167,0
251,300,251.169,251.134,0
251,330,220.485,220.481,0
252,0,190.074,190.045,0
252,30,160.389,160.378,0
252,60,130.638,130.631,0
252,90,100.909,100.893,0
252,120,71.312,71.314,0
252,150,41.396,41.387,0
252,180,11.678,11.663,0
252,210,341.96,341.955,0
252,240,311.539,311.54,0
252,270,281.173,281.173,0
252,300,251.147,251.139,0
252,330,220.507,220.483,0
253,0,190.063,190.05,0
253,30,160.389,160.378,0
253,60,130.638,130.633,0
253,90,100.909,100.896,0
253,120,71.334,71.316,0
253,150,41.396,41.379,0
253,180,11.678,11.657,0
253,210,341.993,341.957,0
253,240,311.539,311.539,0
253,270,281.173,281.167,0
253,300,251.125,251.134,0
253,330,220.507,220.482,0
254,0,190.042,190.052,0
254,30,160.4,160.384,0
254,60,130.649,130.646,0
254,90,100.931,100.899,0
254,120,71.323,71.313,0
254,150,41.396,41.379,0
254,180,11.678,11.659,0
254,210,341.96,341.965,0
254,240,311.583,311.551,0
254,270,281.173,281.181,0
254,300,251.18,251.149,0
254,330,220.529,220.494,0
255,0,190.063,190.057,0
255,30,160.4,160.379,0
255,60,130.638,130.633,0
255,90,100.92,100.888,0
255,120,71.29,71.301,0
255,150,41.375,41.374,0
255,180,11.656,11.659,0
255,210,341.982,341.963,0
255,240,311.572,311.55,0
255,270,281.184,281.183,0
255,300,251.169,251.149,0
255,330,220.485,220.487,0
256,0,190.042,190.047,0
256,30,160.378,160.372,0
256,60,130.627,130.626,0
256,90,100.898,100.888,0
256,120,71.323,71.31,0
256,150,41.364,41.383,0
256,180,11.667,11.665,0
256,210,341.982,341.968,0
256,240,311.55,311.554,0
256,270,281.195,281.184,0
256,300,251.147,251.149,0
256,330,220.485,220.486,0
257,0,190.074,190.049,0
257,30,160.4,160.377,0
257,60,130.649,130.629,0
257,90,100.887,100.887,0
257,120,71.312,71.305,0
257,150,41.396,41.38,0
257,180,11.689,11.663,0
257,210,341.993,341.964,0
257,240,311.572,311.55,0
257,270,281.195,281.18,0
257,300,251.147,251.138,0
257,330,220.507,220.484,0
258,0,190.063,190.049,0
258,30,160.4,160.378,0
258,60,130.638,130.637,0
258,90,100.898,100.896,0
258,120,71.323,71.312,0
258,150,41.396,41.382,0
258,180,11.656,11.662,0
258,210,341.971,341.963,0
258,240,311.539,311.545,0
258,270,281.151,281.171,0
258,300,251.136,251.132,0
258,330,220.485,220.478,0
259,0,190.042,190.047,0
259,30,160.4,160.383,0
259,60,130.682,130.644,0
259,90,100.92,100.907,0
259,120,71.356,71.326,0
259,150,41.375,41.392,0
259,180,11.689,11.665,0
259,210,341.993,341.958,0
259,240,311.539,311.536,0
259,270,281.162,281.163,0
259,300,251.136,251.129,0
259,330,220.485,220.476,0
260,0,190.074,190.049,0
260,30,160.378,160.378,0
260,60,130.671,130.636,0
260,90,100.909,100.9,0
260,120,71.334,71.319,0
260,150,41.407,41.391,0
260,180,11.667,11.667,0
260,210,341.971,341.96,0
260,240,311.572,311.541,0
260,270,281.173,281.171,0
260,300,251.169,251.136,0
260,330,220.496,220.482,0
261,0,190.031,190.049,0
261,30,160.411,160.379,0
261,60,130.649,130.638,0
261,90,100.887,100.903,0
261,120,71.345,71.311,0
261,150,41.396,41.38,0
261,180,11.667,11.658,0
261,210,341.949,341.953,0
261,240,311.55,311.534,0
261,270,281.184,281.174,0
261,300,251.169,251.154,0
261,330,220.507,220.506,0
262,0,190.063,190.061,0
262,30,160.367,160.384,0
262,60,130.638,130.639,0
262,90,100.909,100.895,0
262,120,71.323,71.318,0
262,150,41.385,41.383,0
262,180,11.667,11.659,0
262,210,341.96,341.958,0
262,240,311.539,311.544,0
262,270,281.173,281.173,0
262,300,251.147,251.142,0
262,330,220.485,220.491,0
263,0,190.085,190.059,0
263,30,160.4,160.388,0
263,60,130.627,130.64,0
263,90,100.898,100.898,0
263,120,71.334,71.307,0
263,150,41.375,41.377,0
263,180,11.678,11.658,0
263,210,341.96,341.956,0
263,240,311.572,311.546,0
263,270,281.195,281.181,0
263,300,251.18,251.154,0
263,330,220.496,220.494,0
264,0,190.063,190.058,0
264,30,160.4,160.384,0
264,60,130.616,130.632,0
264,90,100.92,100.892,0
264,120,71.279,71.308,0
264,150,41.396,41.379,0
264,180,11.678,11.659,0
264,210,341.96,341.96,0
264,240,311.55,311.546,0
264,270,281.173,281.177,0
264,300,251.169,251.146,0
264,330,220.496,220.486,0
265,0,190.074,190.052,0
265,30,160.378,160.382,0
265,60,130.649,130.635,0
265,90,100.909,100.891,0
265,120,71.323,71.31,0
265,150,41.396,41.383,0
265,180,11.667,11.663,0
265,210,341.96,341.956,0
265,240,311.55,311.54,0
265,270,281.173,281.174,0
265,300,251.158,251.149,0
265,330,220.518,220.501,0
266,0,190.074,190.056,0
266,30,160.367,160.378,0
266,60,130.638,130.631,0
266,90,100.909,100.891,0
266,120,71.312,71.313,0
266,150,41.375,41.383,0
266,180,11.656,11.663,0
266,210,341.971,341.954,0
266,240,311.539,311.536,0
266,270,281.206,281.173,0
266,300,251.158,251.141,0
266,330,220.507,220.486,0
267,0,190.063,190.054,0
267,30,160.411,160.383,0
267,60,130.638,130.638,0
267,90,100.898,100.897,0
267,120,71.334,71.315,0
267,150,41.396,41.382,0
267,180,11.678,11.656,0
267,210,341.982,341.965,0
267,240,311.561,311.548,0
267,270,281.184,281.171,0
267,300,251.147,251.135,0
267,330,220.485,220.476,0
268,0,190.042,190.04,0
268,30,160.411,160.373,0
268,60,130.638,130.634,0
268,90,100.92,100.897,0
268,120,71.334,71.318,0
268,150,41.418,41.391,0
268,180,11.656,11.67,0
268,210,341.971,341.957,0
268,240,311.528,311.531,0
268,270,281.162,281.161,0
268,300,251.136,251.134,0
268,330,220.496,220.488,0
269,0,190.074,190.05,0
269,30,160.4,160.378,0
269,60,130.638,130.639,0
269,90,100.92,100.903,0
269,120,71.312,71.327,0
269,150,41.407,41.394,0
269,180,11.667,11.668,0
269,210,341.971,341.955,0
269,240,311.539,311.529,0
269,270,281.184,281.16,0
269,300,251.125,251.132,0
269,330,220.485,220.472,0
270,0,190.074,190.037,0
270,30,160.356,160.372,0
270,60,130.638,130.636,0
270,90,100.92,100.899,0
270,120,71.323,71.32,0
270,150,41.385,41.39,0
270,180,11.689,11.671,0
270,210,341.993,341.972,0
270,240,311.572,311.553,0
270,270,281.151,281.173,0
270,300,251.136,251.131,0
270,330,220.485,220.477,0
271,0,190.074,190.041,0
271,30,160.389,160.391,0
271,60,130.627,130.639,0
271,90,100.887,100.898,0
271,120,71.345,71.313,0
271,150,41.385,41.377,0
271,180,11.689,11.66,0
271,210,341.949,341.949,0
271,240,311.528,311.528,0
271,270,281.195,281.172,0
271,300,251.147,251.147,0
271,330,220.518,220.498,0
272,0,190.085,190.062,0
272,30,160.378,160.379,0
272,60,130.671,130.635,0
272,90,100.909,100.897,0
272,120,71.312,71.319,0
272,150,41.396,41.385,0
272,180,11.667,11.662,0
272,210,341.982,341.96,0
272,240,311.539,311.544,0
272,270,281.184,281.174,0
272,300,251.136,251.139,0
272,330,220.496,220.482,0
273,0,190.052,190.045,0
273,30,160.4,160.375,0
273,60,130.638,130.633,0
273,90,100.931,100.894,0
273,120,71.334,71.293,0
273,150,41.364,41.358,0
273,180,11.646,11.645,0
273,210,341.96,341.955,0
273,240,311.572,311.549,0
273,270,281.217,281.184,0
273,300,251.169,251.159,0
273,330,220.529,220.504,0
274,0,190.085,190.065,0
274,30,160.4,160.387,0
274,60,130.649,130.634,0
274,90,100.92,100.883,0
274,120,71.323,71.294,0
274,150,41.375,41.358,0
274,180,11.678,11.645,0
274,210,341.96,341.958,0
274,240,311.561,311.541,0
274,270,281.184,281.174,0
274,300,251.158,251.14,0
274,330,220.485,220.483,0
275,0,190.074,190.049,0
275,30,160.378,160.379,0
275,60,130.649,130.633,0
275,90,100.898,100.892,0
275,120,71.323,71.311,0
275,150,41.407,41.384,0
275,180,11.678,11.662,0
275,210,341.971,341.972,0
275,240,311.572,311.555,0
275,270,281.206,281.179,0
275,300,251.147,251.136,0
275,330,220.485,220.478,0
276,0,190.052,190.038,0
276,30,160.4,160.368,0
276,60,130.649,130.628,0
276,90,100.898,100.887,0
276,120,71.312,71.306,0
276,150,41.385,41.381,0
276,180,11.7,11.671,0
276,210,341.982,341.976,0
276,240,311.572,311.555,0
276,270,281.173,281.18,0
276,300,251.147,251.134,0
276,330,220.507,220.479,0
277,0,190.063,190.047,0
277,30,160.4,160.377,0
277,60,130.649,130.631,0
277,90,100.909,100.895,0
277,120,71.345,71.316,0
277,150,41.407,41.386,0
277,180,11.7,11.664,0
277,210,341.971,341.956,0
277,240,311.55,311.539,0
277,270,281.173,281.166,0
277,300,251.158,251.133,0
277,330,220.485,220.476,0
278,0,190.063,190.044,0
278,30,160.367,160.376,0
278,60,130.649,130.631,0
278,90,100.876,100.893,0
278,120,71.334,71.312,0
278,150,41.407,41.382,0
278,180,11.667,11.661,0
278,210,341.993,341.957,0
278,240,311.55,311.544,0
278,270,281.184,281.173,0
278,300,251.18,251.138,0
278,330,220.474,220.48,0
279,0,190.063,190.045,0
279,30,160.389,160.368,0
279,60,130.638,130.626,0
279,90,100.898,100.89,0
279,120,71.323,71.309,0
279,150,41.385,41.382,0
279,180,11.667,11.665,0
279,210,341.96,341.958,0
279,240,311.539,311.544,0
279,270,281.184,281.173,0
279,300,251.158,251.137,0
279,330,220.496,220.477,0
280,0,190.042,190.042,0
280,30,160.4,160.371,0
280,60,130.638,130.625,0
280,90,100.898,100.889,0
280,120,71.323,71.312,0
280,150,41.385,41.382,0
280,180,11.667,11.661,0
280,210,341.982,341.957,0
280,240,311.55,311.539,0
280,270,281.195,281.171,0
280,300,251.158,251.136,0
280,330,220.496,220.478,0
281,0,190.052,190.04,0
281,30,160.4,160.37,0
281,60,130.638,130.628,0
281,90,100.909,100.889,0
281,120,71.323,71.311,0
281,150,41.396,41.376,0
281,180,11.656,11.652,0
281,210,341.971,341.948,0
281,240,311.517,311.532,0
281,270,281.184,281.168,0
281,300,251.147,251.136,0
281,330,220.529,220.485,0
282,0,190.085,190.057,0
282,30,160.411,160.386,0
282,60,130.649,130.637,0
282,90,100.909,100.893,0
282,120,71.323,71.306,0
282,150,41.385,41.372,0
282,180,11.656,11.65,0
282,210,341.96,341.948,0
282,240,311.55,311.531,0
282,270,281.195,281.169,0
282,300,251.147,251.141,0
282,330,220.496,220.488,0
283,0,190.085,190.056,0
283,30,160.4,160.386,0
283,60,130.649,130.637,0
283,90,100.898,100.894,0
283,120,71.334,71.309,0
283,150,41.396,41.376,0
283,180,11.689,11.657,0
283,210,341.971,341.959,0
283,240,311.572,311.543,0
283,270,281.173,281.173,0
283,300,251.147,251.136,0
283,330,220.518,220.48,0
284,0,190.085,190.045,0
284,30,160.389,160.377,0
284,60,130.627,130.636,0
284,90,100.909,100.893,0
284,120,71.301,71.306,0
284,150,41.407,41.376,0
284,180,11.689,11.661,0
284,210,341.96,341.958,0
284,240,311.561,311.542,0
284,270,281.173,281.172,0
284,300,251.147,251.136,0
284,330,220.485,220.484,0
285,0,190.074,190.055,0
285,30,160.378,160.38,0
285,60,130.649,130.636,0
285,90,100.909,100.892,0
285,120,71.312,71.304,0
285,150,41.375,41.371,0
285,180,11.667,11.654,0
285,210,341.949,341.955,0
285,240,311.55,311.539,0
285,270,281.173,281.169,0
285,300,251.147,251.137,0
285,330,220.496,220.478,0
286,0,190.042,190.042,0
286,30,160.4,160.373,0
286,60,130.627,130.63,0
286,90,100.92,100.893,0
286,120,71.312,71.315,0
286,150,41.396,41.384,0
286,180,11.689,11.66,0
286,210,341.982,341.954,0
286,240,311.561,311.539,0
286,270,281.195,281.167,0
286,300,251.136,251.129,0
286,330,220.496,220.473,0
287,0,190.074,190.041,0
287,30,160.367,160.373,0
287,60,130.638,130.63,0
287,90,100.92,100.893,0
287,120,71.345,71.312,0
287,150,41.418,41.381,0
287,180,11.678,11.661,0
287,210,341.971,341.96,0
287,240,311.561,311.533,0
287,270,281.173,281.163,0
287,300,251.136,251.128,0
287,330,220.496,220.481,0
288,0,190.042,190.039,0
288,30,160.378,160.367,0
288,60,130.627,130.625,0
288,90,100.909,100.892,0
288,120,71.334,71.319,0
288,150,41.396,41.392,0
288,180,11.689,11.67,0
288,210,341.982,341.952,0
288,240,311.561,311.531,0
288,270,281.184,281.162,0
288,300,251.136,251.131,0
288,330,220.485,220.476,0
289,0,190.052,190.044,0
289,30,160.389,160.377,0
289,60,130.649,130.633,0
289,90,100.931,100.895,0
289,120,71.356,71.311,0
289,150,41.385,41.379,0
289,180,11.667,11.656,0
289,210,341.971,341.951,0
289,240,311.539,311.529,0
289,270,281.173,281.162,0
289,300,251.158,251.13,0
289,330,220.507,220.481,0
290,0,190.085,190.047,0
290,30,160.389,160.377,0
290,60,130.649,130.627,0
290,90,100.92,100.89,0
290,120,71.323,71.31,0
290,150,41.364,41.376,0
290,180,11.656,11.659,0
290,210,341.982,341.955,0
290,240,311.539,311.536,0
290,270,281.184,281.168,0
290,300,251.147,251.136,0
290,330,220.496,220.483,0
291,0,190.085,190.05,0
291,30,160.411,160.379,0
291,60,130.66,130.63,0
291,90,100.898,100.886,0
291,120,71.334,71.299,0
291,150,41.396,41.366,0
291,180,11.667,11.65,0
291,210,341.96,341.952,0
291,240,311.55,311.539,0
291,270,281.173,281.17,0
291,300,251.169,251.126,0
291,330,220.507,220.479,0
292,0,190.063,190.037,0
292,30,160.389,160.365,0
292,60,130.649,130.626,0
292,90,100.898,100.891,0
292,120,71.345,71.314,0
292,150,41.407,41.384,0
292,180,11.678,11.666,0
292,210,341.982,341.953,0
292,240,311.528,311.531,0
292,270,281.173,281.162,0
292,300,251.147,251.128,0
292,330,220.474,220.48,0
293,0,190.063,190.04,0
293,30,160.378,160.372,0
293,60,130.649,130.624,0
293,90,100.909,100.885,0
293,120,71.323,71.304,0
293,150,41.396,41.376,0
293,180,11.678,11.659,0
293,210,341.993,341.958,0
293,240,311.561,311.538,0
293,270,281.184,281.168,0
293,300,251.158,251.133,0
293,330,220.485,220.476,0
294,0,190.085,190.041,0
294,30,160.411,160.377,0
294,60,130.627,130.623,0
294,90,100.898,100.888,0
294,120,71.334,71.31,0
294,150,41.407,41.378,0
294,180,11.667,11.662,0
294,210,341.949,341.954,0
294,240,311.55,311.537,0
294,270,281.195,281.169,0
294,300,251.147,251.137,0
294,330,220.496,220.481,0
295,0,190.074,190.042,0
295,30,160.378,160.372,0
295,60,130.638,130.625,0
295,90,100.909,100.889,0
295,120,71.312,71.31,0
295,150,41.396,41.379,0
295,180,11.689,11.668,0
295,210,341.993,341.957,0
295,240,311.561,311.535,0
295,270,281.162,281.168,0
295,300,251.18,251.136,0
295,330,220.496,220.482,0
296,0,190.063,190.048,0
296,30,160.389,160.373,0
296,60,130.638,130.627,0
296,90,100.92,100.891,0
296,120,71.345,71.315,0
296,150,41.407,41.388,0
296,180,11.7,11.667,0
296,210,341.982,341.96,0
296,240,311.55,311.539,0
296,270,281.184,281.165,0
296,300,251.136,251.128,0
296,330,220.485,220.472,0
297,0,190.052,190.038,0
297,30,160.4,160.371,0
297,60,130.66,130.628,0
297,90,100.931,100.893,0
297,120,71.301,71.306,0
297,150,41.407,41.375,0
297,180,11.678,11.656,0
297,210,341.982,341.961,0
297,240,311.561,311.543,0
297,270,281.184,281.173,0
297,300,251.169,251.134,0
297,330,220.496,220.479,0
298,0,190.074,190.046,0
298,30,160.389,160.374,0
298,60,130.627,130.633,0
298,90,100.898,100.892,0
298,120,71.301,71.306,0
298,150,41.385,41.372,0
298,180,11.667,11.658,0
298,210,341.982,341.951,0
298,240,311.55,311.529,0
298,270,281.184,281.168,0
298,300,251.191,251.144,0
298,330,220.496,220.492,0
299,0,190.063,190.054,0
299,30,160.4,160.383,0
299,60,130.649,130.63,0
299,90,100.898,100.888,0
299,120,71.334,71.306,0
299,150,41.385,41.372,0
299,180,11.678,11.653,0
299,210,341.949,341.942,0
299,240,311.539,311.525,0
299,270,281.162,281.161,0
299,300,251.169,251.134,0
299,330,220.485,220.483,0
300,0,190.063,190.055,0
300,30,160.411,160.386,0
300,60,130.649,130.642,0
300,90,100.92,100.897,0
300,120,71.334,71.309,0
300,150,41.407,41.373,0
300,180,11.656,11.648,0
300,210,341.971,341.951,0
300,240,311.539,311.535,0
300,270,281.184,281.168,0
300,300,251.147,251.134,0
300,330,220.507,220.479,0
301,0,190.074,190.052,0
301,30,160.389,160.382,0
301,60,130.649,130.633,0
301,90,100.92,100.892,0
301,120,71.312,71.308,0
301,150,41.429,41.376,0
301,180,11.667,11.654,0
301,210,341.971,341.947,0
301,240,311.539,311.525,0
301,270,281.184,281.165,0
301,300,251.147,251.139,0
301,330,220.507,220.491,0
302,0,190.096,190.055,0
302,30,160.411,160.385,0
302,60,130.649,130.631,0
302,90,100.909,100.89,0
302,120,71.323,71.308,0
302,150,41.396,41.373,0
302,180,11.678,11.655,0
302,210,341.982,341.946,0
302,240,311.55,311.526,0
302,270,281.184,281.166,0
302,300,251.169,251.14,0
302,330,220.485,220.481,0
303,0,190.074,190.045,0
303,30,160.411,160.373,0
303,60,130.638,130.624,0
303,90,100.898,100.884,0
303,120,71.301,71.3,0
303,150,41.396,41.373,0
303,180,11.667,11.658,0
303,210,342.004,341.957,0
303,240,311.55,311.544,0
303,270,281.162,281.176,0
303,300,251.158,251.144,0
303,330,220.496,220.482,0
304,0,190.052,190.046,0
304,30,160.389,160.37,0
304,60,130.638,130.625,0
304,90,100.898,100.888,0
304,120,71.334,71.311,0
304,150,41.429,41.384,0
304,180,11.678,11.665,0
304,210,341.982,341.96,0
304,240,311.561,311.541,0
304,270,281.195,281.167,0
304,300,251.147,251.13,0
304,330,220.485,220.473,0
305,0,190.042,190.036,0
305,30,160.389,160.377,0
305,60,130.638,130.625,0
305,90,100.898,100.887,0
305,120,71.323,71.308,0
305,150,41.396,41.377,0
305,180,11.667,11.661,0
305,210,341.949,341.953,0
305,240,311.55,311.537,0
305,270,281.206,281.173,0
305,300,251.158,251.142,0
305,330,220.507,220.486,0
306,0,190.085,190.048,0
306,30,160.389,160.359,0
306,60,130.616,130.616,0
306,90,100.909,100.885,0
306,120,71.312,71.311,0
306,150,41.385,41.382,0
306,180,11.667,11.671,0
306,210,341.982,341.963,0
306,240,311.572,311.542,0
306,270,281.173,281.171,0
306,300,251.18,251.135,0
306,330,220.507,220.477,0
307,0,190.042,190.039,0
307,30,160.389,160.366,0
307,60,130.638,130.621,0
307,90,100.898,100.887,0
307,120,71.356,71.31,0
307,150,41.375,41.376,0
307,180,11.667,11.658,0
307,210,341.971,341.948,0
307,240,311.539,311.527,0
307,270,281.173,281.163,0
307,300,251.147,251.139,0
307,330,220.507,220.489,0
308,0,190.063,190.05,0
308,30,160.378,160.378,0
308,60,130.638,130.63,0
308,90,100.909,100.892,0
308,120,71.334,71.311,0
308,150,41.385,41.375,0
308,180,11.678,11.657,0
308,210,341.982,341.958,0
308,240,311.561,311.543,0
308,270,281.151,281.173,0
308,300,251.169,251.135,0
308,330,220.474,220.478,0
309,0,190.074,190.047,0
309,30,160.4,160.378,0
309,60,130.638,130.633,0
309,90,100.887,100.89,0
309,120,71.323,71.304,0
309,150,41.385,41.37,0
309,180,11.667,11.655,0
309,210,341.982,341.959,0
309,240,311.561,311.542,0
309,270,281.173,281.171,0
309,300,251.158,251.132,0
309,330,220.474,220.48,0
310,0,190.074,190.049,0
310,30,160.411,160.383,0
310,60,130.66,130.637,0
310,90,100.887,100.895,0
310,120,71.356,71.312,0
310,150,41.407,41.382,0
310,180,11.678,11.657,0
310,210,341.949,341.95,0
310,240,311.55,311.532,0
310,270,281.195,281.165,0
310,300,251.147,251.143,0
310,330,220.54,220.488,0
311,0,190.074,190.049,0
311,30,160.378,160.375,0
311,60,130.649,130.623,0
311,90,100.909,100.887,0
311,120,71.323,71.305,0
311,150,41.364,41.372,0
311,180,11.667,11.66,0
311,210,341.993,341.956,0
311,240,311.561,311.54,0
311,270,281.184,281.177,0
311,300,251.136,251.143,0
311,330,220.485,220.479,0
312,0,190.063,190.042,0
312,30,160.389,160.369,0
312,60,130.649,130.621,0
312,90,100.909,100.882,0
312,120,71.334,71.301,0
312,150,41.407,41.376,0
312,180,11.678,11.659,0
312,210,342.004,341.959,0
312,240,311.561,311.547,0
312,270,281.195,281.174,0
312,300,251.158,251.14,0
312,330,220.485,220.48,0
313,0,190.085,190.041,0
313,30,160.389,160.375,0
313,60,130.638,130.626,0
313,90,100.887,100.889,0
313,120,71.323,71.313,0
313,150,41.385,41.383,0
313,180,11.678,11.666,0
313,210,341.971,341.955,0
313,240,311.561,311.535,0
313,270,281.195,281.169,0
313,300,251.147,251.135,0
313,330,220.496,220.478,0
314,0,190.042,190.042,0
314,30,160.389,160.367,0
314,60,130.649,130.624,0
314,90,100.898,100.891,0
314,120,71.323,71.311,0
314,150,41.385,41.379,0
314,180,11.667,11.658,0
314,210,341.971,341.957,0
314,240,311.55,311.54,0
314,270,281.206,281.169,0
314,300,251.158,251.133,0
314,330,220.507,220.475,0
315,0,190.063,190.042,0
315,30,160.4,160.376,0
315,60,130.627,130.63,0
315,90,100.909,100.893,0
315,120,71.312,71.313,0
315,150,41.385,41.384,0
315,180,11.667,11.662,0
315,210,341.971,341.954,0
315,240,311.55,311.53,0
315,270,281.173,281.162,0
315,300,251.147,251.13,0
315,330,220.507,220.478,0
316,0,190.042,190.042,0
316,30,160.356,160.369,0
316,60,130.638,130.626,0
316,90,100.909,100.894,0
316,120,71.356,71.318,0
316,150,41.407,41.387,0
316,180,11.678,11.668,0
316,210,341.982,341.953,0
316,240,311.528,311.53,0
316,270,281.195,281.165,0
316,300,251.147,251.13,0
316,330,220.496,220.477,0
317,0,190.031,190.043,0
317,30,160.367,160.375,0
317,60,130.649,130.629,0
317,90,100.92,100.894,0
317,120,71.334,71.315,0
317,150,41.385,41.38,0
317,180,11.667,11.663,0
317,210,341.982,341.951,0
317,240,311.561,311.528,0
317,270,281.173,281.158,0
317,300,251.147,251.129,0
317,330,220.496,220.479,0
318,0,190.074,190.046,0
318,30,160.4,160.379,0
318,60,130.638,130.632,0
318,90,100.92,100.893,0
318,120,71.345,71.315,0
318,150,41.418,41.382,0
318,180,11.7,11.662,0
318,210,341.96,341.949,0
318,240,311.561,311.525,0
318,270,281.162,281.161,0
318,300,251.158,251.129,0
318,330,220.485,220.479,0
319,0,190.074,190.047,0
319,30,160.389,160.376,0
319,60,130.638,130.631,0
319,90,100.92,100.895,0
319,120,71.356,71.31,0
319,150,41.385,41.376,0
319,180,11.678,11.653,0
319,210,341.96,341.948,0
319,240,311.561,311.531,0
319,270,281.184,281.166,0
319,300,251.147,251.131,0
319,330,220.485,220.476,0
320,0,190.052,190.046,0
320,30,160.4,160.378,0
320,60,130.649,130.631,0
320,90,100.92,100.89,0
320,120,71.334,71.305,0
320,150,41.385,41.373,0
320,180,11.667,11.65,0
320,210,341.96,341.949,0
320,240,311.539,311.532,0
320,270,281.162,281.164,0
320,300,251.147,251.13,0
320,330,220.507,220.478,0
321,0,190.074,190.047,0
321,30,160.4,160.38,0
321,60,130.649,130.625,0
321,90,100.887,100.882,0
321,120,71.334,71.299,0
321,150,41.385,41.367,0
321,180,11.678,11.653,0
321,210,341.982,341.946,0
321,240,311.539,311.529,0
321,270,281.195,281.168,0
321,300,251.18,251.143,0
321,330,220.518,220.489,0
322,0,190.063,190.051,0
322,30,160.378,160.371,0
322,60,130.627,130.622,0
322,90,100.92,100.883,0
322,120,71.301,71.301,0
322,150,41.396,41.371,0
322,180,11.646,11.655,0
322,210,341.982,341.954,0
322,240,311.572,311.541,0
322,270,281.162,281.173,0
322,300,251.169,251.14,0
322,330,220.496,220.479,0
323,0,190.063,190.043,0
323,30,160.378,160.372,0
323,60,130.627,130.622,0
323,90,100.92,100.881,0
323,120,71.323,71.305,0
323,150,41.396,41.373,0
323,180,11.689,11.659,0
323,210,341.982,341.948,0
323,240,311.528,311.526,0
323,270,281.173,281.161,0
323,300,251.147,251.131,0
323,330,220.507,220.482,0
324,0,190.074,190.048,0
324,30,160.4,160.379,0
324,60,130.66,130.626,0
324,90,100.887,100.891,0
324,120,71.334,71.311,0
324,150,41.385,41.382,0
324,180,11.689,11.659,0
324,210,341.971,341.95,0
324,240,311.528,311.535,0
324,270,281.195,281.166,0
324,300,251.147,251.129,0
324,330,220.496,220.471,0
325,0,190.063,190.036,0
325,30,160.389,160.371,0
325,60,130.66,130.627,0
325,90,100.92,100.89,0
325,120,71.323,71.311,0
325,150,41.385,41.378,0
325,180,11.7,11.657,0
325,210,341.96,341.946,0
325,240,311.539,311.519,0
325,270,281.195,281.154,0
325,300,251.115,251.125,0
325,330,220.496,220.476,0
326,0,190.074,190.046,0
326,30,160.4,160.382,0
326,60,130.649,130.634,0
326,90,100.909,100.896,0
326,120,71.345,71.317,0
326,150,41.407,41.378,0
326,180,11.656,11.656,0
326,210,341.938,341.942,0
326,240,311.528,311.516,0
326,270,281.173,281.149,0
326,300,251.147,251.131,0
326,330,220.507,220.476,0
327,0,190.074,190.043,0
327,30,160.4,160.374,0
327,60,130.638,130.627,0
327,90,100.92,100.889,0
327,120,71.323,71.306,0
327,150,41.375,41.374,0
327,180,11.667,11.654,0
327,210,341.982,341.95,0
327,240,311.572,311.533,0
327,270,281.173,281.169,0
327,300,251.158,251.132,0
327,330,220.485,220.474,0
328,0,190.074,190.039,0
328,30,160.389,160.37,0
328,60,130.638,130.627,0
328,90,100.909,100.886,0
328,120,71.312,71.304,0
328,150,41.396,41.371,0
328,180,11.678,11.656,0
328,210,342.004,341.962,0
328,240,311.55,311.544,0
328,270,281.151,281.17,0
328,300,251.18,251.133,0
328,330,220.485,220.477,0
329,0,190.074,190.044,0
329,30,160.411,160.381,0
329,60,130.649,130.639,0
329,90,100.92,100.893,0
329,120,71.312,71.305,0
329,150,41.396,41.372,0
329,180,11.689,11.655,0
329,210,341.982,341.953,0
329,240,311.572,311.538,0
329,270,281.195,281.169,0
329,300,251.158,251.131,0
329,330,220.507,220.479,0
330,0,190.074,190.046,0
330,30,160.422,160.377,0
330,60,130.649,130.635,0
330,90,100.92,100.892,0
330,120,71.345,71.311,0
330,150,41.396,41.373,0
330,180,11.678,11.657,0
330,210,341.96,341.95,0
330,240,311.55,311.534,0
330,270,281.206,281.168,0
330,300,251.18,251.138,0
330,330,220.507,220.481,0
331,0,190.063,190.046,0
331,30,160.4,160.377,0
331,60,130.649,130.626,0
331,90,100.931,100.887,0
331,120,71.323,71.307,0
331,150,41.385,41.375,0
331,180,11.689,11.659,0
331,210,341.96,341.951,0
331,240,311.561,311.535,0
331,270,281.206,281.168,0
331,300,251.169,251.135,0
331,330,220.507,220.485,0
332,0,190.063,190.054,0
332,30,160.389,160.382,0
332,60,130.638,130.637,0
332,90,100.909,100.892,0
332,120,71.301,71.305,0
332,150,41.396,41.369,0
332,180,11.667,11.654,0
332,210,341.96,341.953,0
332,240,311.539,311.538,0
332,270,281.195,281.171,0
332,300,251.169,251.139,0
332,330,220.474,220.482,0
333,0,190.052,190.044,0
333,30,160.378,160.372,0
333,60,130.638,130.622,0
333,90,100.931,100.888,0
333,120,71.312,71.312,0
333,150,41.396,41.378,0
333,180,11.7,11.664,0
333,210,341.971,341.956,0
333,240,311.55,311.538,0
333,270,281.184,281.17,0
333,300,251.18,251.14,0
333,330,220.507,220.487,0
334,0,190.042,190.05,0
334,30,160.433,160.382,0
334,60,130.638,130.632,0
334,90,100.92,100.894,0
334,120,71.312,71.311,0
334,150,41.385,41.377,0
334,180,11.689,11.658,0
334,210,341.971,341.947,0
334,240,311.539,311.526,0
334,270,281.173,281.161,0
334,300,251.115,251.123,0
334,330,220.496,220.469,0
335,0,190.085,190.036,0
335,30,160.367,160.367,0
335,60,130.649,130.627,0
335,90,100.909,100.893,0
335,120,71.312,71.313,0
335,150,41.418,41.382,0
335,180,11.678,11.664,0
335,210,341.971,341.964,0
335,240,311.561,311.541,0
335,270,281.195,281.167,0
335,300,251.158,251.134,0
335,330,220.474,220.476,0
336,0,190.085,190.043,0
336,30,160.389,160.372,0
336,60,130.649,130.631,0
336,90,100.92,100.89,0
336,120,71.334,71.304,0
336,150,41.396,41.369,0
336,180,11.678,11.652,0
336,210,341.993,341.956,0
336,240,311.561,311.538,0
336,270,281.184,281.167,0
336,300,251.158,251.129,0
336,330,220.518,220.478,0
337,0,190.063,190.046,0
337,30,160.389,160.378,0
337,60,130.638,130.633,0
337,90,100.909,100.893,0
337,120,71.323,71.309,0
337,150,41.396,41.377,0
337,180,11.678,11.652,0
337,210,341.982,341.946,0
337,240,311.561,311.527,0
337,270,281.162,281.16,0
337,300,251.147,251.127,0
337,330,220.507,220.475,0
338,0,190.074,190.046,0
338,30,160.411,160.374,0
338,60,130.649,130.62,0
338,90,100.909,100.884,0
338,120,71.312,71.304,0
338,150,41.385,41.37,0
338,180,11.689,11.653,0
338,210,341.96,341.947,0
338,240,311.561,311.525,0
338,270,281.184,281.167,0
338,300,251.147,251.14,0
338,330,220.507,220.484,0
339,0,190.074,190.047,0
339,30,160.4,160.379,0
339,60,130.671,130.641,0
339,90,100.909,100.895,0
339,120,71.323,71.306,0
339,150,41.396,41.369,0
339,180,11.667,11.648,0
339,210,342.004,341.949,0
339,240,311.55,311.531,0
339,270,281.195,281.158,0
339,300,251.147,251.122,0
339,330,220.496,220.475,0
340,0,190.063,190.045,0
340,30,160.389,160.376,0
340,60,130.616,130.625,0
340,90,100.898,100.883,0
340,120,71.334,71.298,0
340,150,41.396,41.371,0
340,180,11.667,11.652,0
340,210,341.971,341.95,0
340,240,311.55,311.537,0
340,270,281.195,281.17,0
340,300,251.158,251.141,0
340,330,220.507,220.479,0
341,0,190.063,190.044,0
341,30,160.378,160.37,0
341,60,130.638,130.621,0
341,90,100.92,100.882,0
341,120,71.334,71.309,0
341,150,41.429,41.382,0
341,180,11.689,11.663,0
341,210,342.015,341.956,0
341,240,311.572,311.537,0
341,270,281.173,281.167,0
341,300,251.169,251.135,0
341,330,220.507,220.482,0
342,0,190.074,190.039,0
342,30,160.4,160.364,0
342,60,130.638,130.622,0
342,90,100.909,100.886,0
342,120,71.356,71.308,0
342,150,41.407,41.381,0
342,180,11.711,11.663,0
342,210,341.96,341.957,0
342,240,311.55,311.539,0
342,270,281.195,281.166,0
342,300,251.158,251.127,0
342,330,220.485,220.47,0
343,0,190.074,190.037,0
343,30,160.378,160.367,0
343,60,130.66,130.621,0
343,90,100.909,100.889,0
343,120,71.312,71.304,0
343,150,41.418,41.377,0
343,180,11.689,11.659,0
343,210,341.982,341.955,0
343,240,311.561,311.538,0
343,270,281.184,281.169,0
343,300,251.169,251.134,0
343,330,220.507,220.474,0
344,0,190.052,190.038,0
344,30,160.389,160.367,0
344,60,130.649,130.62,0
344,90,100.909,100.884,0
344,120,71.323,71.302,0
344,150,41.407,41.373,0
344,180,11.667,11.654,0
344,210,342.004,341.955,0
344,240,311.55,311.537,0
344,270,281.195,281.162,0
344,300,251.158,251.125,0
344,330,220.518,220.472,0
345,0,190.063,190.042,0
345,30,160.367,160.375,0
345,60,130.638,130.636,0
345,90,100.909,100.893,0
345,120,71.334,71.307,0
345,150,41.396,41.374,0
345,180,11.689,11.654,0
345,210,341.982,341.954,0
345,240,311.561,311.532,0
345,270,281.162,281.161,0
345,300,251.136,251.126,0
345,330,220.507,220.473,0
346,0,190.063,190.044,0
346,30,160.4,160.376,0
346,60,130.671,130.631,0
346,90,100.92,100.894,0
346,120,71.345,71.311,0
346,150,41.375,41.379,0
346,180,11.656,11.652,0
346,210,341.96,341.948,0
346,240,311.55,311.531,0
346,270,281.173,281.161,0
346,300,251.136,251.131,0
346,330,220.518,220.475,0
347,0,190.085,190.045,0
347,30,160.411,160.375,0
347,60,130.66,130.629,0
347,90,100.909,100.886,0
347,120,71.323,71.3,0
347,150,41.385,41.369,0
347,180,11.646,11.647,0
347,210,341.971,341.946,0
347,240,311.539,311.533,0
347,270,281.184,281.166,0
347,300,251.158,251.136,0
347,330,220.518,220.482,0
348,0,190.052,190.05,0
348,30,160.389,160.379,0
348,60,130.66,130.629,0
348,90,100.92,100.886,0
348,120,71.345,71.302,0
348,150,41.407,41.375,0
348,180,11.689,11.656,0
348,210,341.982,341.955,0
348,240,311.539,311.538,0
348,270,281.173,281.169,0
348,300,251.158,251.137,0
348,330,220.507,220.478,0
349,0,190.063,190.045,0
349,30,160.4,160.372,0
349,60,130.649,130.621,0
349,90,100.92,100.882,0
349,120,71.345,71.304,0
349,150,41.375,41.374,0
349,180,11.678,11.654,0
349,210,341.982,341.947,0
349,240,311.55,311.535,0
349,270,281.173,281.169,0
349,300,251.158,251.138,0
349,330,220.507,220.482,0
350,0,190.074,190.049,0
350,30,160.4,160.38,0
350,60,130.66,130.634,0
350,90,100.92,100.888,0
350,120,71.334,71.305,0
350,150,41.375,41.371,0
350,180,11.667,11.65,0
350,210,341.971,341.948,0
350,240,311.539,311.534,0
350,270,281.184,281.168,0
350,300,251.147,251.134,0
350,330,220.507,220.479,0
351,0,190.085,190.052,0
351,30,160.422,160.38,0
351,60,130.66,130.631,0
351,90,100.92,100.891,0
351,120,71.323,71.309,0
351,150,41.407,41.378,0
351,180,11.678,11.652,0
351,210,341.982,341.952,0
351,240,311.55,311.535,0
351,270,281.184,281.168,0
351,300,251.147,251.137,0
351,330,220.474,220.475,0
352,0,190.042,190.032,0
352,30,160.378,160.359,0
352,60,130.627,130.613,0
352,90,100.909,100.885,0
352,120,71.345,71.315,0
352,150,41.418,41.388,0
352,180,11.7,11.667,0
352,210,342.015,341.966,0
352,240,311.561,311.542,0
352,270,281.184,281.169,0
352,300,251.147,251.132,0
352,330,220.507,220.475,0
353,0,190.052,190.04,0
353,30,160.389,160.37,0
353,60,130.649,130.631,0
353,90,100.909,100.892,0
353,120,71.345,71.307,0
353,150,41.396,41.377,0
353,180,11.689,11.661,0
353,210,341.982,341.964,0
353,240,311.539,311.543,0
353,270,281.184,281.166,0
353,300,251.136,251.124,0
353,330,220.496,220.471,0
354,0,190.063,190.038,0
354,30,160.411,160.362,0
354,60,130.627,130.617,0
354,90,100.909,100.889,0
354,120,71.334,71.317,0
354,150,41.407,41.39,0
354,180,11.7,11.677,0
354,210,341.982,341.965,0
354,240,311.561,311.538,0
354,270,281.162,281.166,0
354,300,251.158,251.131,0
354,330,220.485,220.472,0
355,0,190.063,190.029,0
355,30,160.356,160.362,0
355,60,130.627,130.616,0
355,90,100.909,100.889,0
355,120,71.312,71.295,0
355,150,41.385,41.361,0
355,180,11.656,11.646,0
355,210,341.96,341.953,0
355,240,311.55,311.541,0
355,270,281.173,281.174,0
355,300,251.147,251.142,0
355,330,220.496,220.488,0
356,0,190.085,190.056,0
356,30,160.4,160.382,0
356,60,130.649,130.635,0
356,90,100.898,100.887,0
356,120,71.301,71.295,0
356,150,41.375,41.361,0
356,180,11.656,11.646,0
356,210,341.993,341.948,0
356,240,311.572,311.524,0
356,270,281.184,281.16,0
356,300,251.169,251.133,0
356,330,220.485,220.482,0
357,0,190.063,190.048,0
357,30,160.389,160.378,0
357,60,130.649,130.628,0
357,90,100.931,100.891,0
357,120,71.323,71.313,0
357,150,41.407,41.377,0
357,180,11.678,11.658,0
357,210,341.971,341.954,0
357,240,311.55,311.542,0
357,270,281.184,281.172,0
357,300,251.158,251.141,0
357,330,220.496,220.478,0
358,0,190.052,190.043,0
358,30,160.4,160.372,0
358,60,130.649,130.625,0
358,90,100.92,100.884,0
358,120,71.323,71.302,0
358,150,41.385,41.373,0
358,180,11.678,11.654,0
358,210,341.982,341.947,0
358,240,311.55,311.534,0
358,270,281.173,281.165,0
358,300,251.18,251.132,0
358,330,220.485,220.479,0
359,0,190.074,190.051,0
359,30,160.389,160.38,0
359,60,130.671,130.631,0
359,90,100.92,100.889,0
359,120,71.323,71.304,0
359,150,41.396,41.374,0
359,180,11.678,11.652,0
359,210,341.96,341.947,0
359,240,311.539,311.531,0
359,270,281.195,281.165,0
359,300,251.169,251.134,0
359,330,220.518,220.482,0
360,0,190.074,190.051,0
360,30,160.411,160.38,0
360,60,130.671,130.634,0
360,90,100.909,100.889,0
360,120,71.334,71.301,0
360,150,41.407,41.365,0
360,180,11.667,11.644,0
360,210,341.949,341.948,0
360,240,311.561,311.535,0
360,270,281.184,281.168,0
360,300,251.147,251.138,0
360,330,220.496,220.476,0
361,0,190.052,190.044,0
361,30,160.389,160.371,0
361,60,130.638,130.62,0
361,90,100.887,100.878,0
361,120,71.312,71.291,0
361,150,41.385,41.365,0
361,180,11.667,11.649,0
361,210,342.015,341.95,0
361,240,311.561,311.537,0
361,270,281.206,281.17,0
361,300,251.18,251.135,0
361,330,220.496,220.482,0
362,0,190.074,190.048,0
362,30,160.411,160.374,0
362,60,130.638,130.626,0
362,90,100.898,100.882,0
362,120,71.312,71.295,0
362,150,41.375,41.364,0
362,180,11.678,11.65,0
362,210,341.993,341.952,0
362,240,311.561,311.535,0
362,270,281.195,281.171,0
362,300,251.136,251.139,0
362,330,220.507,220.482,0
363,0,190.052,190.051,0
363,30,160.389,160.375,0
363,60,130.627,130.627,0
363,90,100.909,100.881,0
363,120,71.301,71.291,0
363,150,41.375,41.357,0
363,180,11.635,11.632,0
363,210,341.971,341.946,0
363,240,311.561,311.536,0
363,270,281.184,281.171,0
363,300,251.18,251.138,0
363,330,220.474,220.478,0
364,0,190.052,190.044,0
364,30,160.389,160.373,0
364,60,130.66,130.627,0
364,90,100.909,100.877,0
364,120,71.323,71.284,0
364,150,41.364,41.352,0
364,180,11.656,11.641,0
364,210,341.971,341.952,0
364,240,311.572,311.54,0
364,270,281.184,281.17,0
364,300,251.18,251.136,0
364,330,220.496,220.476,0
365,0,190.074,190.042,0
365,30,160.4,160.364,0
365,60,130.649,130.61,0
365,90,100.898,100.87,0
365,120,71.323,71.286,0
365,150,41.385,41.358,0
365,180,11.667,11.635,0
365,210,341.96,341.944,0
365,240,311.55,311.534,0
365,270,281.206,281.171,0
365,300,251.158,251.143,0
365,330,220.507,220.481,0
366,0,190.085,190.044,0
366,30,160.4,160.369,0
366,60,130.627,130.621,0
366,90,100.931,100.881,0
366,120,71.323,71.298,0
366,150,41.396,41.363,0
366,180,11.678,11.641,0
366,210,341.96,341.939,0
366,240,311.561,311.521,0
366,270,281.184,281.161,0
366,300,251.158,251.131,0
366,330,220.507,220.479,0
367,0,190.063,190.043,0
367,30,160.367,160.371,0
367,60,130.627,130.62,0
367,90,100.887,100.878,0
367,120,71.312,71.291,0
367,150,41.385,41.359,0
367,180,11.678,11.641,0
367,210,341.971,341.943,0
367,240,311.55,311.529,0
367,270,281.184,281.165,0
367,300,251.169,251.137,0
367,330,220.518,220.478,0
368,0,190.063,190.044,0
368,30,160.356,160.37,0
368,60,130.638,130.619,0
368,90,100.898,100.877,0
368,120,71.301,71.292,0
368,150,41.385,41.362,0
368,180,11.646,11.64,0
368,210,341.96,341.94,0
368,240,311.55,311.527,0
368,270,281.173,281.163,0
368,300,251.136,251.131,0
368,330,220.518,220.475,0
369,0,190.063,190.04,0
369,30,160.389,160.366,0
369,60,130.649,130.619,0
369,90,100.909,100.876,0
369,120,71.323,71.284,0
369,150,41.385,41.344,0
369,180,11.656,11.627,0
369,210,341.971,341.934,0
369,240,311.528,311.518,0
369,270,281.184,281.158,0
369,300,251.158,251.127,0
369,330,220.496,220.477,0
370,0,190.074,190.048,0
370,30,160.4,160.376,0
370,60,130.66,130.628,0
370,90,100.898,100.878,0
370,120,71.301,71.285,0
370,150,41.385,41.348,0
370,180,11.667,11.631,0
370,210,341.993,341.943,0
370,240,311.55,311.528,0
370,270,281.206,281.162,0
370,300,251.158,251.127,0
370,330,220.485,220.469,0
371,0,190.063,190.034,0
371,30,160.378,160.358,0
371,60,130.638,130.612,0
371,90,100.898,100.871,0
371,120,71.323,71.289,0
371,150,41.396,41.36,0
371,180,11.667,11.641,0
371,210,341.96,341.936,0
371,240,311.561,311.525,0
371,270,281.206,281.16,0
371,300,251.147,251.129,0
371,330,220.507,220.474,0
372,0,190.074,190.041,0
372,30,160.4,160.367,0
372,60,130.66,130.619,0
372,90,100.887,100.877,0
372,120,71.301,71.289,0
372,150,41.385,41.359,0
372,180,11.678,11.637,0
372,210,341.971,341.938,0
372,240,311.55,311.521,0
372,270,281.184,281.157,0
372,300,251.147,251.118,0
372,330,220.496,220.462,0
373,0,190.074,190.033,0
373,30,160.411,160.362,0
373,60,130.638,130.614,0
373,90,100.909,100.874,0
373,120,71.312,71.295,0
373,150,41.396,41.365,0
373,180,11.678,11.643,0
373,210,341.971,341.941,0
373,240,311.561,311.526,0
373,270,281.184,281.159,0
373,300,251.147,251.125,0
373,330,220.496,220.468,0
374,0,190.063,190.032,0
374,30,160.378,160.36,0
374,60,130.627,130.613,0
374,90,100.92,100.876,0
374,120,71.323,71.296,0
374,150,41.385,41.363,0
374,180,11.667,11.647,0
374,210,341.982,341.938,0
374,240,311.55,311.519,0
374,270,281.173,281.157,0
374,300,251.158,251.126,0
374,330,220.507,220.472,0
375,0,190.085,190.038,0
375,30,160.378,160.367,0
375,60,130.671,130.623,0
375,90,100.909,100.882,0
375,120,71.334,71.294,0
375,150,41.396,41.363,0
375,180,11.667,11.641,0
375,210,341.993,341.941,0
375,240,311.539,311.525,0
375,270,281.184,281.157,0
375,300,251.169,251.122,0
375,330,220.507,220.469,0
376,0,190.063,190.038,0
376,30,160.389,160.368,0
376,60,130.649,130.621,0
376,90,100.92,100.878,0
376,120,71.334,71.286,0
376,150,41.385,41.355,0
376,180,11.656,11.634,0
376,210,341.96,341.935,0
376,240,311.528,311.525,0
376,270,281.206,281.164,0
376,300,251.202,251.14,0
376,330,220.529,220.484,0
377,0,190.085,190.047,0
377,30,160.378,160.371,0
377,60,130.649,130.621,0
377,90,100.909,100.877,0
377,120,71.334,71.285,0
377,150,41.385,41.352,0
377,180,11.667,11.63,0
377,210,341.949,341.93,0
377,240,311.539,311.512,0
377,270,281.162,281.157,0
377,300,251.158,251.132,0
377,330,220.518,220.477,0
378,0,190.074,190.045,0
378,30,160.4,160.374,0
378,60,130.638,130.618,0
378,90,100.92,100.876,0
378,120,71.334,71.29,0
378,150,41.396,41.355,0
378,180,11.667,11.642,0
378,210,341.982,341.938,0
378,240,311.55,311.519,0
378,270,281.173,281.159,0
378,300,251.136,251.135,0
378,330,220.485,220.483,0
379,0,190.063,190.042,0
379,30,160.389,160.371,0
379,60,130.671,130.617,0
379,90,100.92,100.875,0
379,120,71.312,71.291,0
379,150,41.407,41.359,0
379,180,11.667,11.643,0
379,210,341.982,341.937,0
379,240,311.55,311.522,0
379,270,281.206,281.162,0
379,300,251.147,251.131,0
379,330,220.485,220.475,0
380,0,190.096,190.042,0
380,30,160.389,160.368,0
380,60,130.649,130.62,0
380,90,100.898,100.88,0
380,120,71.301,71.295,0
380,150,41.429,41.364,0
380,180,11.678,11.645,0
380,210,341.982,341.945,0
380,240,311.55,311.53,0
380,270,281.173,281.164,0
380,300,251.158,251.128,0
380,330,220.507,220.471,0
381,0,190.063,190.038,0
381,30,160.4,160.367,0
381,60,130.649,130.618,0
381,90,100.898,100.878,0
381,120,71.345,71.296,0
381,150,41.385,41.368,0
381,180,11.667,11.649,0
381,210,341.971,341.95,0
381,240,311.583,311.533,0
381,270,281.195,281.164,0
381,300,251.158,251.131,0
381,330,220.474,220.473,0
382,0,190.074,190.036,0
382,30,160.4,160.364,0
382,60,130.638,130.611,0
382,90,100.887,100.869,0
382,120,71.334,71.285,0
382,150,41.385,41.357,0
382,180,11.656,11.639,0
382,210,341.971,341.943,0
382,240,311.55,311.534,0
382,270,281.195,281.171,0
382,300,251.169,251.143,0
382,330,220.507,220.481,0
383,0,190.107,190.046,0
383,30,160.389,160.374,0
383,60,130.671,130.633,0
383,90,100.909,100.887,0
383,120,71.323,71.296,0
383,150,41.396,41.36,0
383,180,11.667,11.643,0
383,210,341.971,341.946,0
383,240,311.561,311.526,0
383,270,281.184,281.158,0
383,300,251.147,251.122,0
383,330,220.496,220.472,0
384,0,190.063,190.043,0
384,30,160.389,160.376,0
384,60,130.649,130.621,0
384,90,100.909,100.873,0
384,120,71.301,71.284,0
384,150,41.364,41.354,0
384,180,11.678,11.632,0
384,210,341.96,341.937,0
384,240,311.539,311.529,0
384,270,281.195,281.171,0
384,300,251.191,251.15,0
384,330,220.529,220.491,0
385,0,190.063,190.053,0
385,30,160.411,160.37,0
385,60,130.638,130.62,0
385,90,100.909,100.884,0
385,120,71.323,71.301,0
385,150,41.385,41.366,0
385,180,11.656,11.649,0
385,210,341.982,341.94,0
385,240,311.572,311.521,0
385,270,281.184,281.16,0
385,300,251.158,251.128,0
385,330,220.496,220.475,0
386,0,190.085,190.043,0
386,30,160.4,160.376,0
386,60,130.649,130.627,0
386,90,100.909,100.88,0
386,120,71.312,71.29,0
386,150,41.396,41.358,0
386,180,11.689,11.639,0
386,210,341.971,341.94,0
386,240,311.55,311.528,0
386,270,281.184,281.166,0
386,300,251.191,251.143,0
386,330,220.529,220.486,0
387,0,190.063,190.047,0
387,30,160.389,160.378,0
387,60,130.638,130.624,0
387,90,100.909,100.879,0
387,120,71.323,71.293,0
387,150,41.385,41.354,0
387,180,11.624,11.635,0
387,210,341.96,341.93,0
387,240,311.528,311.517,0
387,270,281.184,281.162,0
387,300,251.18,251.141,0
387,330,220.507,220.492,0
388,0,190.107,190.054,0
388,30,160.378,160.371,0
388,60,130.649,130.618,0
388,90,100.898,100.875,0
388,120,71.312,71.287,0
388,150,41.385,41.355,0
388,180,11.667,11.634,0
388,210,341.971,341.939,0
388,240,311.572,311.529,0
388,270,281.195,281.168,0
388,300,251.147,251.143,0
388,330,220.518,220.484,0
389,0,190.063,190.045,0
389,30,160.4,160.371,0
389,60,130.638,130.62,0
389,90,100.887,100.873,0
389,120,71.334,71.29,0
389,150,41.396,41.359,0
389,180,11.667,11.648,0
389,210,341.971,341.944,0
389,240,311.539,311.53,0
389,270,281.184,281.167,0
389,300,251.18,251.146,0
389,330,220.529,220.487,0
390,0,190.085,190.044,0
390,30,160.378,160.366,0
390,60,130.638,130.61,0
390,90,100.898,100.871,0
390,120,71.312,71.29,0
390,150,41.385,41.359,0
390,180,11.656,11.645,0
390,210,341.938,341.935,0
390,240,311.55,311.52,0
390,270,281.195,281.162,0
390,300,251.147,251.134,0
390,330,220.507,220.482,0
391,0,190.074,190.048,0
391,30,160.4,160.376,0
391,60,130.638,130.629,0
391,90,100.909,100.886,0
391,120,71.323,71.297,0
391,150,41.396,41.359,0
391,180,11.667,11.635,0
391,210,341.96,341.934,0
391,240,311.539,311.518,0
391,270,281.173,281.158,0
391,300,251.136,251.13,0
391,330,220.507,220.478,0
392,0,190.074,190.044,0
392,30,160.411,160.377,0
392,60,130.649,130.622,0
392,90,100.898,100.881,0
392,120,71.345,71.297,0
392,150,41.385,41.362,0
392,180,11.678,11.645,0
392,210,341.982,341.937,0
392,240,311.528,311.515,0
392,270,281.184,281.156,0
392,300,251.158,251.131,0
392,330,220.496,220.482,0
393,0,190.074,190.046,0
393,30,160.378,160.371,0
393,60,130.638,130.62,0
393,90,100.909,100.881,0
393,120,71.323,71.297,0
393,150,41.385,41.363,0
393,180,11.678,11.646,0
393,210,341.971,341.935,0
393,240,311.528,311.514,0
393,270,281.173,281.157,0
393,300,251.136,251.129,0
393,330,220.518,220.478,0
394,0,190.085,190.044,0
394,30,160.411,160.376,0
394,60,130.66,130.625,0
394,90,100.909,100.887,0
394,120,71.323,71.301,0
394,150,41.396,41.361,0
394,180,11.678,11.646,0
394,210,341.96,341.938,0
394,240,311.528,311.517,0
394,270,281.184,281.155,0
394,300,251.158,251.13,0
394,330,220.485,220.48,0
395,0,190.074,190.047,0
395,30,160.422,160.376,0
395,60,130.638,130.623,0
395,90,100.92,100.882,0
395,120,71.323,71.297,0
395,150,41.396,41.361,0
395,180,11.635,11.643,0
395,210,341.971,341.929,0
395,240,311.55,311.516,0
395,270,281.195,281.157,0
395,300,251.147,251.132,0
395,330,220.529,220.484,0
396,0,190.107,190.054,0
396,30,160.411,160.38,0
396,60,130.671,130.631,0
396,90,100.909,100.882,0
396,120,71.345,71.291,0
396,150,41.385,41.352,0
396,180,11.667,11.625,0
396,210,341.938,341.925,0
396,240,311.528,311.513,0
396,270,281.184,281.158,0
396,300,251.147,251.137,0
396,330,220.507,220.479,0
397,0,190.063,190.039,0
397,30,160.389,160.364,0
397,60,130.649,130.61,0
397,90,100.876,100.871,0
397,120,71.312,71.29,0
397,150,41.396,41.358,0
397,180,11.656,11.647,0
397,210,341.971,341.943,0
397,240,311.55,311.526,0
397,270,281.184,281.163,0
397,300,251.147,251.126,0
397,330,220.529,220.474,0
398,0,190.052,190.043,0
398,30,160.4,160.367,0
398,60,130.649,130.619,0
398,90,100.909,100.876,0
398,120,71.345,71.288,0
398,150,41.385,41.354,0
398,180,11.678,11.634,0
398,210,341.971,341.934,0
398,240,311.539,311.52,0
398,270,281.195,281.159,0
398,300,251.169,251.131,0
398,330,220.496,220.477,0
399,0,190.074,190.041,0
399,30,160.389,160.36,0
399,60,130.616,130.614,0
399,90,100.931,100.875,0
399,120,71.312,71.292,0
399,150,41.396,41.36,0
399,180,11.656,11.641,0
399,210,342.004,341.939,0
399,240,311.561,311.526,0
399,270,281.184,281.159,0
399,300,251.18,251.124,0
399,330,220.485,220.465,0
400,0,190.052,190.032,0
400,30,160.422,160.372,0
400,60,130.638,130.618,0
400,90,100.898,100.875,0
400,120,71.323,71.29,0
400,150,41.385,41.354,0
400,180,11.667,11.64,0
400,210,341.993,341.933,0
400,240,311.528,311.513,0
400,270,281.184,281.153,0
400,300,251.169,251.129,0
400,330,220.518,220.482,0
401,0,190.074,190.044,0
401,30,160.389,160.372,0
401,60,130.649,130.618,0
401,90,100.898,100.876,0
401,120,71.334,71.284,0
401,150,41.375,41.355,0
401,180,11.656,11.635,0
401,210,341.982,341.934,0
401,240,311.528,311.52,0
401,270,281.195,281.16,0
401,300,251.147,251.129,0
401,330,220.496,220.469,0
402,0,190.063,190.037,0
402,30,160.389,160.363,0
402,60,130.638,130.616,0
402,90,100.898,100.875,0
402,120,71.323,71.287,0
402,150,41.385,41.35,0
402,180,11.656,11.625,0
402,210,341.971,341.927,0
402,240,311.55,311.517,0
402,270,281.162,281.155,0
402,300,251.158,251.126,0
402,330,220.485,220.472,0
403,0,190.074,190.042,0
403,30,160.411,160.369,0
403,60,130.649,130.62,0
403,90,100.92,100.873,0
403,120,71.312,71.283,0
403,150,41.375,41.35,0
403,180,11.646,11.627,0
403,210,341.949,341.931,0
403,240,311.528,311.518,0
403,270,281.184,281.156,0
403,300,251.169,251.129,0
403,330,220.529,220.48,0
404,0,190.085,190.045,0
404,30,160.4,160.371,0
404,60,130.66,130.623,0
404,90,100.898,100.876,0
404,120,71.323,71.282,0
404,150,41.385,41.341,0
404,180,11.656,11.622,0
404,210,341.949,341.929,0
404,240,311.55,311.514,0
404,270,281.206,281.158,0
404,300,251.147,251.122,0
404,330,220.496,220.469,0
405,0,190.074,190.034,0
405,30,160.389,160.367,0
405,60,130.627,130.616,0
405,90,100.898,100.878,0
405,120,71.323,71.295,0
405,150,41.385,41.359,0
405,180,11.678,11.644,0
405,210,341.971,341.939,0
405,240,311.539,311.516,0
405,270,281.184,281.153,0
405,300,251.147,251.122,0
405,330,220.54,220.474,0
406,0,190.063,190.034,0
406,30,160.4,160.364,0
406,60,130.671,130.615,0
406,90,100.898,100.872,0
406,120,71.312,71.286,0
406,150,41.385,41.357,0
406,180,11.678,11.638,0
406,210,341.971,341.935,0
406,240,311.528,311.518,0
406,270,281.195,281.156,0
406,300,251.147,251.127,0
406,330,220.507,220.471,0
407,0,190.085,190.038,0
407,30,160.4,160.364,0
407,60,130.627,130.614,0
407,90,100.898,100.874,0
407,120,71.312,71.281,0
407,150,41.375,41.347,0
407,180,11.656,11.623,0
407,210,341.96,341.928,0
407,240,311.528,311.52,0
407,270,281.184,281.16,0
407,300,251.169,251.138,0
407,330,220.496,220.482,0
408,0,190.085,190.045,0
408,30,160.411,160.372,0
408,60,130.671,130.618,0
408,90,100.887,100.869,0
408,120,71.301,71.279,0
408,150,41.375,41.347,0
408,180,11.667,11.626,0
408,210,341.982,341.935,0
408,240,311.561,311.52,0
408,270,281.206,281.157,0
408,300,251.169,251.125,0
408,330,220.507,220.472,0
409,0,190.063,190.039,0
409,30,160.389,160.364,0
409,60,130.638,130.614,0
409,90,100.909,100.872,0
409,120,71.301,71.287,0
409,150,41.353,41.354,0
409,180,11.678,11.634,0
409,210,341.971,341.933,0
409,240,311.539,311.514,0
409,270,281.184,281.155,0
409,300,251.158,251.128,0
409,330,220.518,220.475,0
410,0,190.096,190.037,0
410,30,160.389,160.364,0
410,60,130.649,130.611,0
410,90,100.876,100.875,0
410,120,71.334,71.293,0
410,150,41.385,41.357,0
410,180,11.667,11.64,0
410,210,341.96,341.934,0
410,240,311.55,311.517,0
410,270,281.173,281.152,0
410,300,251.158,251.122,0
410,330,220.485,220.469,0
411,0,190.063,190.029,0
411,30,160.4,160.362,0
411,60,130.638,130.611,0
411,90,100.909,100.872,0
411,120,71.312,71.292,0
411,150,41.375,41.357,0
411,180,11.656,11.643,0
411,210,341.949,341.936,0
411,240,311.561,311.524,0
411,270,281.184,281.159,0
411,300,251.158,251.127,0
411,330,220.507,220.47,0
412,0,190.085,190.037,0
412,30,160.4,160.362,0
412,60,130.638,130.611,0
412,90,100.898,100.869,0
412,120,71.301,71.284,0
412,150,41.353,41.352,0
412,180,11.646,11.63,0
412,210,341.982,341.931,0
412,240,311.55,311.518,0
412,270,281.184,281.155,0
412,300,251.147,251.126,0
412,330,220.485,220.47,0
413,0,190.074,190.037,0
413,30,160.389,160.364,0
413,60,130.638,130.615,0
413,90,100.909,100.872,0
413,120,71.323,71.286,0
413,150,41.375,41.352,0
413,180,11.667,11.629,0
413,210,341.971,341.93,0
413,240,311.572,311.518,0
413,270,281.195,281.153,0
413,300,251.147,251.111,0
413,330,220.463,220.457,0
414,0,190.074,190.028,0
414,30,160.4,160.361,0
414,60,130.638,130.618,0
414,90,100.92,100.88,0
414,120,71.323,71.294,0
414,150,41.375,41.36,0
414,180,11.646,11.638,0
414,210,341.96,341.932,0
414,240,311.539,311.509,0
414,270,281.173,281.146,0
414,300,251.147,251.115,0
414,330,220.507,220.462,0
415,0,190.063,190.033,0
415,30,160.422,160.366,0
415,60,130.616,130.615,0
415,90,100.898,100.871,0
415,120,71.301,71.283,0
415,150,41.385,41.348,0
415,180,11.646,11.627,0
415,210,341.971,341.928,0
415,240,311.528,311.517,0
415,270,281.162,281.157,0
415,300,251.158,251.132,0
415,330,220.507,220.473,0
416,0,190.074,190.036,0
416,30,160.389,160.364,0
416,60,130.649,130.613,0
416,90,100.887,100.867,0
416,120,71.312,71.278,0
416,150,41.353,41.341,0
416,180,11.646,11.625,0
416,210,341.949,341.923,0
416,240,311.561,311.511,0
416,270,281.184,281.153,0
416,300,251.169,251.132,0
416,330,220.507,220.48,0
417,0,190.085,190.041,0
417,30,160.378,160.364,0
417,60,130.649,130.604,0
417,90,100.865,100.86,0
417,120,71.301,71.273,0
417,150,41.385,41.342,0
417,180,11.646,11.624,0
417,210,341.949,341.927,0
417,240,311.55,311.517,0
417,270,281.184,281.156,0
417,300,251.158,251.131,0
417,330,220.529,220.473,0
418,0,190.052,190.036,0
418,30,160.389,160.36,0
418,60,130.627,130.606,0
418,90,100.898,100.864,0
418,120,71.323,71.278,0
418,150,41.385,41.346,0
418,180,11.656,11.627,0
418,210,341.96,341.928,0
418,240,311.528,311.512,0
418,270,281.184,281.149,0
418,300,251.158,251.118,0
418,330,220.474,220.462,0
419,0,190.063,190.027,0
419,30,160.389,160.36,0
419,60,130.649,130.612,0
419,90,100.909,100.87,0
419,120,71.301,71.285,0
419,150,41.385,41.356,0
419,180,11.678,11.635,0
419,210,341.993,341.935,0
419,240,311.55,311.52,0
419,270,281.184,281.154,0
419,300,251.147,251.129,0
419,330,220.496,220.471,0
420,0,190.063,190.037,0
420,30,160.4,160.361,0
420,60,130.66,130.609,0
420,90,100.92,100.867,0
420,120,71.312,71.282,0
420,150,41.375,41.351,0
420,180,11.678,11.63,0
420,210,341.96,341.931,0
420,240,311.561,311.517,0
420,270,281.173,281.154,0
420,300,251.136,251.118,0
420,330,220.518,220.469,0
421,0,190.074,190.038,0
421,30,160.4,160.369,0
421,60,130.638,130.627,0
421,90,100.931,100.882,0
421,120,71.345,71.289,0
421,150,41.407,41.348,0
421,180,11.646,11.625,0
421,210,341.949,341.93,0
421,240,311.539,311.515,0
421,270,281.173,281.148,0
421,300,251.158,251.115,0
421,330,220.474,220.465,0
422,0,190.085,190.039,0
422,30,160.367,160.363,0
422,60,130.638,130.613,0
422,90,100.898,100.869,0
422,120,71.323,71.283,0
422,150,41.385,41.351,0
422,180,11.656,11.631,0
422,210,341.971,341.932,0
422,240,311.572,311.517,0
422,270,281.173,281.154,0
422,300,251.147,251.125,0
422,330,220.496,220.471,0
423,0,190.074,190.038,0
423,30,160.389,160.346,0
423,60,130.638,130.601,0
423,90,100.909,100.868,0
423,120,71.323,71.29,0
423,150,41.385,41.359,0
423,180,11.667,11.645,0
423,210,341.982,341.938,0
423,240,311.572,311.516,0
423,270,281.173,281.155,0
423,300,251.158,251.125,0
423,330,220.518,220.466,0
424,0,190.063,190.024,0
424,30,160.356,160.35,0
424,60,130.638,130.603,0
424,90,100.909,100.868,0
424,120,71.323,71.284,0
424,150,41.375,41.346,0
424,180,11.646,11.628,0
424,210,341.96,341.925,0
424,240,311.528,311.509,0
424,270,281.162,281.156,0
424,300,251.169,251.132,0
424,330,220.518,220.48,0
425,0,190.063,190.044,0
425,30,160.4,160.37,0
425,60,130.638,130.612,0
425,90,100.887,100.866,0
425,120,71.279,71.278,0
425,150,41.385,41.341,0
425,180,11.667,11.629,0
425,210,341.971,341.931,0
425,240,311.539,311.514,0
425,270,281.195,281.157,0
425,300,251.136,251.134,0
425,330,220.518,220.48,0
426,0,190.052,190.04,0
426,30,160.4,160.366,0
426,60,130.627,130.61,0
426,90,100.887,100.866,0
426,120,71.334,71.284,0
426,150,41.353,41.348,0
426,180,11.678,11.634,0
426,210,341.982,341.931,0
426,240,311.561,311.521,0
426,270,281.173,281.158,0
426,300,251.169,251.131,0
426,330,220.518,220.47,0
427,0,190.052,190.036,0
427,30,160.378,160.362,0
427,60,130.649,130.612,0
427,90,100.898,100.868,0
427,120,71.312,71.279,0
427,150,41.375,41.349,0
427,180,11.656,11.633,0
427,210,341.982,341.936,0
427,240,311.572,311.526,0
427,270,281.184,281.161,0
427,300,251.158,251.131,0
427,330,220.507,220.474,0
428,0,190.063,190.039,0
428,30,160.389,160.362,0
428,60,130.638,130.608,0
428,90,100.898,100.863,0
428,120,71.312,71.277,0
428,150,41.385,41.348,0
428,180,11.667,11.631,0
428,210,341.982,341.933,0
428,240,311.55,311.521,0
428,270,281.195,281.16,0
428,300,251.169,251.128,0
428,330,220.496,220.467,0
429,0,190.074,190.03,0
429,30,160.367,160.354,0
429,60,130.627,130.605,0
429,90,100.92,100.868,0
429,120,71.334,71.287,0
429,150,41.385,41.357,0
429,180,11.667,11.637,0
429,210,341.949,341.939,0
429,240,311.539,311.526,0
429,270,281.184,281.159,0
429,300,251.158,251.121,0
429,330,220.496,220.462,0
430,0,190.074,190.024,0
430,30,160.4,160.354,0
430,60,130.638,130.614,0
430,90,100.909,100.873,0
430,120,71.312,71.287,0
430,150,41.385,41.354,0
430,180,11.667,11.641,0
430,210,342.004,341.943,0
430,240,311.572,311.525,0
430,270,281.206,281.155,0
430,300,251.136,251.116,0
430,330,220.474,220.461,0
431,0,190.031,190.027,0
431,30,160.4,160.359,0
431,60,130.649,130.615,0
431,90,100.909,100.876,0
431,120,71.279,71.284,0
431,150,41.396,41.349,0
431,180,11.646,11.625,0
431,210,341.96,341.925,0
431,240,311.539,311.51,0
431,270,281.195,281.152,0
431,300,251.158,251.128,0
431,330,220.518,220.473,0
432,0,190.074,190.041,0
432,30,160.411,160.368,0
432,60,130.66,130.622,0
432,90,100.92,100.875,0
432,120,71.312,71.29,0
432,150,41.375,41.355,0
432,180,11.667,11.638,0
432,210,341.982,341.932,0
432,240,311.561,311.514,0
432,270,281.173,281.154,0
432,300,251.147,251.126,0
432,330,220.518,220.473,0
433,0,190.074,190.037,0
433,30,160.378,160.364,0
433,60,130.638,130.612,0
433,90,100.931,100.87,0
433,120,71.312,71.284,0
433,150,41.385,41.351,0
433,180,11.678,11.637,0
433,210,341.971,341.929,0
433,240,311.561,311.512,0
433,270,281.184,281.152,0
433,300,251.158,251.124,0
433,330,220.507,220.468,0
434,0,190.063,190.039,0
434,30,160.411,160.369,0
434,60,130.66,130.62,0
434,90,100.909,100.877,0
434,120,71.323,71.291,0
434,150,41.407,41.355,0
434,180,11.635,11.628,0
434,210,341.971,341.927,0
434,240,311.539,311.51,0
434,270,281.195,281.148,0
434,300,251.158,251.118,0
434,330,220.507,220.472,0
435,0,190.074,190.042,0
435,30,160.411,160.371,0
435,60,130.627,130.628,0
435,90,100.92,100.879,0
435,120,71.334,71.283,0
435,150,41.385,41.344,0
435,180,11.635,11.625,0
435,210,341.96,341.932,0
435,240,311.55,311.516,0
435,270,281.195,281.155,0
435,300,251.158,251.123,0
435,330,220.496,220.474,0
436,0,190.085,190.044,0
436,30,160.411,160.365,0
436,60,130.66,130.605,0
436,90,100.887,100.864,0
436,120,71.323,71.28,0
436,150,41.375,41.347,0
436,180,11.667,11.636,0
436,210,341.971,341.931,0
436,240,311.539,311.517,0
436,270,281.162,281.158,0
436,300,251.158,251.136,0
436,330,220.507,220.482,0
437,0,190.085,190.041,0
437,30,160.345,160.365,0
437,60,130.627,130.608,0
437,90,100.909,100.869,0
437,120,71.29,71.286,0
437,150,41.375,41.353,0
437,180,11.656,11.639,0
437,210,341.982,341.935,0
437,240,311.55,311.52,0
437,270,281.184,281.16,0
437,300,251.191,251.133,0
437,330,220.54,220.478,0
438,0,190.052,190.035,0
438,30,160.389,160.361,0
438,60,130.638,130.609,0
438,90,100.887,100.868,0
438,120,71.334,71.291,0
438,150,41.396,41.356,0
438,180,11.656,11.643,0
438,210,341.982,341.936,0
438,240,311.539,311.517,0
438,270,281.184,281.156,0
438,300,251.158,251.128,0
438,330,220.54,220.473,0
439,0,190.052,190.04,0
439,30,160.433,160.365,0
439,60,130.649,130.612,0
439,90,100.931,100.873,0
439,120,71.279,71.278,0
439,150,41.375,41.35,0
439,180,11.678,11.631,0
439,210,341.971,341.935,0
439,240,311.55,311.524,0
439,270,281.173,281.162,0
439,300,251.18,251.136,0
439,330,220.518,220.473,0
440,0,190.063,190.036,0
440,30,160.389,160.361,0
440,60,130.638,130.612,0
440,90,100.887,100.869,0
440,120,71.312,71.283,0
440,150,41.418,41.352,0
440,180,11.678,11.632,0
440,210,341.949,341.928,0
440,240,311.539,311.516,0
440,270,281.184,281.155,0
440,300,251.158,251.125,0
440,330,220.496,220.469,0
441,0,190.074,190.039,0
441,30,160.422,160.369,0
441,60,130.649,130.619,0
441,90,100.92,100.875,0
441,120,71.312,71.283,0
441,150,41.385,41.348,0
441,180,11.667,11.627,0
441,210,341.993,341.939,0
441,240,311.539,311.514,0
441,270,281.184,281.145,0
441,300,251.136,251.111,0
441,330,220.485,220.458,0
442,0,190.052,190.025,0
442,30,160.4,160.356,0
442,60,130.66,130.61,0
442,90,100.898,100.878,0
442,120,71.345,71.303,0
442,150,41.396,41.368,0
442,180,11.7,11.647,0
442,210,341.949,341.919,0
442,240,311.528,311.505,0
442,270,281.217,281.146,0
442,300,251.125,251.12,0
442,330,220.507,220.47,0
443,0,190.074,190.04,0
443,30,160.4,160.369,0
443,60,130.671,130.622,0
443,90,100.931,100.879,0
443,120,71.323,71.289,0
443,150,41.364,41.35,0
443,180,11.667,11.623,0
443,210,341.949,341.92,0
443,240,311.55,311.508,0
443,270,281.184,281.151,0
443,300,251.147,251.13,0
443,330,220.529,220.475,0
444,0,190.063,190.039,0
444,30,160.411,160.366,0
444,60,130.649,130.609,0
444,90,100.898,100.867,0
444,120,71.345,71.28,0
444,150,41.353,41.345,0
444,180,11.656,11.632,0
444,210,341.96,341.929,0
444,240,311.539,311.512,0
444,270,281.184,281.156,0
444,300,251.169,251.133,0
444,330,220.529,220.476,0
445,0,190.085,190.041,0
445,30,160.389,160.365,0
445,60,130.627,130.613,0
445,90,100.898,100.868,0
445,120,71.29,71.281,0
445,150,41.429,41.349,0
445,180,11.656,11.629,0
445,210,341.949,341.93,0
445,240,311.539,311.521,0
445,270,281.184,281.159,0
445,300,251.158,251.127,0
445,330,220.496,220.473,0
446,0,190.074,190.041,0
446,30,160.389,160.369,0
446,60,130.66,130.622,0
446,90,100.931,100.877,0
446,120,71.323,71.285,0
446,150,41.407,41.35,0
446,180,11.646,11.626,0
446,210,341.949,341.929,0
446,240,311.539,311.516,0
446,270,281.162,281.156,0
446,300,251.169,251.128,0
446,330,220.54,220.475,0
447,0,190.096,190.045,0
447,30,160.4,160.368,0
447,60,130.649,130.622,0
447,90,100.92,100.874,0
447,120,71.312,71.286,0
447,150,41.385,41.35,0
447,180,11.678,11.633,0
447,210,341.971,341.939,0
447,240,311.561,311.524,0
447,270,281.162,281.156,0
447,300,251.147,251.125,0
447,330,220.507,220.473,0
448,0,190.063,190.038,0
448,30,160.389,160.361,0
448,60,130.649,130.609,0
448,90,100.876,100.864,0
448,120,71.312,71.28,0
448,150,41.385,41.352,0
448,180,11.689,11.632,0
448,210,341.96,341.932,0
448,240,311.539,311.522,0
448,270,281.195,281.165,0
448,300,251.191,251.141,0
448,330,220.518,220.49,0
449,0,190.085,190.042,0
449,30,160.4,160.363,0
449,60,130.638,130.618,0
449,90,100.92,100.877,0
449,120,71.312,71.29,0
449,150,41.385,41.357,0
449,180,11.656,11.635,0
449,210,341.96,341.936,0
449,240,311.55,311.518,0
449,270,281.173,281.153,0
449,300,251.169,251.12,0
449,330,220.518,220.467,0
450,0,190.074,190.035,0
450,30,160.411,160.368,0
450,60,130.638,130.62,0
450,90,100.931,100.878,0
450,120,71.312,71.284,0
450,150,41.396,41.351,0
450,180,11.656,11.626,0
450,210,341.949,341.928,0
450,240,311.528,311.512,0
450,270,281.184,281.153,0
450,300,251.169,251.128,0
450,330,220.529,220.474,0
451,0,190.074,190.041,0
451,30,160.4,160.369,0
451,60,130.66,130.621,0
451,90,100.898,100.877,0
451,120,71.323,71.288,0
451,150,41.375,41.354,0
451,180,11.667,11.627,0
451,210,341.96,341.928,0
451,240,311.539,311.515,0
451,270,281.184,281.158,0
451,300,251.18,251.13,0
451,330,220.507,220.475,0
452,0,190.085,190.044,0
452,30,160.411,160.372,0
452,60,130.649,130.621,0
452,90,100.898,100.875,0
452,120,71.29,71.284,0
452,150,41.396,41.348,0
452,180,11.646,11.626,0
452,210,341.971,341.928,0
452,240,311.561,311.515,0
452,270,281.173,281.154,0
452,300,251.169,251.131,0
452,330,220.518,220.478,0
453,0,190.085,190.047,0
453,30,160.411,160.373,0
453,60,130.649,130.622,0
453,90,100.898,100.871,0
453,120,71.312,71.282,0
453,150,41.385,41.349,0
453,180,11.656,11.622,0
453,210,341.96,341.928,0
453,240,311.572,311.513,0
453,270,281.184,281.156,0
453,300,251.147,251.128,0
453,330,220.496,220.471,0
454,0,190.074,190.039,0
454,30,160.389,160.363,0
454,60,130.638,130.614,0
454,90,100.909,100.872,0
454,120,71.312,71.282,0
454,150,41.364,41.349,0
454,180,11.646,11.628,0
454,210,341.938,341.929,0
454,240,311.528,311.507,0
454,270,281.173,281.15,0
454,300,251.18,251.12,0
454,330,220.518,220.469,0
455,0,190.074,190.039,0
455,30,160.4,160.367,0
455,60,130.649,130.618,0
455,90,100.909,100.877,0
455,120,71.334,71.292,0
455,150,41.385,41.355,0
455,180,11.678,11.637,0
455,210,341.971,341.931,0
455,240,311.55,311.515,0
455,270,281.162,281.152,0
455,300,251.169,251.123,0
455,330,220.496,220.469,0
456,0,190.063,190.039,0
456,30,160.389,160.366,0
456,60,130.649,130.616,0
456,90,100.887,100.874,0
456,120,71.334,71.288,0
456,150,41.385,41.356,0
456,180,11.689,11.632,0
456,210,341.96,341.931,0
456,240,311.528,311.515,0
456,270,281.184,281.154,0
456,300,251.136,251.122,0
456,330,220.496,220.465,0
457,0,190.063,190.032,0
457,30,160.411,160.361,0
457,60,130.649,130.616,0
457,90,100.92,100.875,0
457,120,71.323,71.289,0
457,150,41.375,41.356,0
457,180,11.667,11.636,0
457,210,341.971,341.936,0
457,240,311.561,311.522,0
457,270,281.206,281.156,0
457,300,251.158,251.125,0
457,330,220.507,220.467,0
458,0,190.052,190.036,0
458,30,160.4,160.365,0
458,60,130.638,130.616,0
458,90,100.92,100.875,0
458,120,71.312,71.289,0
458,150,41.407,41.356,0
458,180,11.678,11.636,0
458,210,341.96,341.933,0
458,240,311.539,311.514,0
458,270,281.173,281.151,0
458,300,251.147,251.119,0
458,330,220.496,220.465,0
459,0,190.063,190.036,0
459,30,160.378,160.369,0
459,60,130.671,130.622,0
459,90,100.931,100.878,0
459,120,71.301,71.29,0
459,150,41.396,41.355,0
459,180,11.667,11.629,0
459,210,341.949,341.925,0
459,240,311.528,311.509,0
459,270,281.195,281.149,0
459,300,251.147,251.119,0
459,330,220.507,220.465,0
460,0,190.074,190.036,0
460,30,160.411,160.367,0
460,60,130.649,130.622,0
460,90,100.887,100.878,0
460,120,71.312,71.284,0
460,150,41.396,41.351,0
460,180,11.667,11.632,0
460,210,341.982,341.934,0
460,240,311.572,311.518,0
460,270,281.184,281.153,0
460,300,251.147,251.121,0
460,330,220.496,220.465,0
461,0,190.031,190.037,0
461,30,160.389,160.366,0
461,60,130.638,130.616,0
461,90,100.887,100.872,0
461,120,71.312,71.285,0
461,150,41.385,41.354,0
461,180,11.656,11.63,0
461,210,341.927,341.92,0
461,240,311.517,311.503,0
461,270,281.184,281.141,0
461,300,251.158,251.115,0
461,330,220.496,220.467,0
462,0,190.074,190.039,0
462,30,160.4,160.368,0
462,60,130.671,130.623,0
462,90,100.898,100.879,0
462,120,71.323,71.289,0
462,150,41.385,41.35,0
462,180,11.635,11.624,0
462,210,341.96,341.922,0
462,240,311.528,311.506,0
462,270,281.184,281.146,0
462,300,251.18,251.122,0
462,330,220.518,220.467,0
463,0,190.063,190.038,0
463,30,160.389,160.364,0
463,60,130.649,130.612,0
463,90,100.898,100.867,0
463,120,71.312,71.279,0
463,150,41.385,41.346,0
463,180,11.635,11.625,0
463,210,341.96,341.929,0
463,240,311.561,311.512,0
463,270,281.173,281.15,0
463,300,251.169,251.123,0
463,330,220.507,220.471,0
464,0,190.074,190.038,0
464,30,160.4,160.366,0
464,60,130.627,130.612,0
464,90,100.909,100.865,0
464,120,71.323,71.28,0
464,150,41.364,41.349,0
464,180,11.667,11.627,0
464,210,341.96,341.928,0
464,240,311.561,311.514,0
464,270,281.184,281.154,0
464,300,251.18,251.126,0
464,330,220.507,220.468,0
465,0,190.063,190.032,0
465,30,160.378,160.357,0
465,60,130.66,130.609,0
465,90,100.876,100.866,0
465,120,71.323,71.279,0
465,150,41.407,41.346,0
465,180,11.646,11.627,0
465,210,341.96,341.931,0
465,240,311.572,311.52,0
465,270,281.184,281.157,0
465,300,251.18,251.128,0
465,330,220.529,220.467,0
466,0,190.063,190.034,0
466,30,160.4,160.36,0
466,60,130.627,130.605,0
466,90,100.931,100.862,0
466,120,71.323,71.28,0
466,150,41.396,41.348,0
466,180,11.678,11.634,0
466,210,341.96,341.929,0
466,240,311.55,311.51,0
466,270,281.162,281.149,0
466,300,251.169,251.123,0
466,330,220.485,220.471,0
467,0,190.063,190.033,0
467,30,160.411,160.365,0
467,60,130.66,130.612,0
467,90,100.92,100.869,0
467,120,71.312,71.28,0
467,150,41.375,41.347,0
467,180,11.678,11.624,0
467,210,341.949,341.921,0
467,240,311.528,311.506,0
467,270,281.184,281.149,0
467,300,251.158,251.12,0
467,330,220.507,220.465,0
468,0,190.063,190.032,0
468,30,160.411,160.355,0
468,60,130.66,130.61,0
468,90,100.909,100.87,0
468,120,71.323,71.287,0
468,150,41.385,41.352,0
468,180,11.656,11.63,0
468,210,341.982,341.928,0
468,240,311.55,311.51,0
468,270,281.184,281.146,0
468,300,251.125,251.111,0
468,330,220.507,220.458,0
469,0,190.063,190.031,0
469,30,160.389,160.362,0
469,60,130.638,130.62,0
469,90,100.909,100.873,0
469,120,71.334,71.283,0
469,150,41.375,41.348,0
469,180,11.678,11.63,0
469,210,341.971,341.93,0
469,240,311.55,311.508,0
469,270,281.184,281.142,0
469,300,251.147,251.108,0
469,330,220.496,220.461,0
470,0,190.052,190.031,0
470,30,160.389,160.361,0
470,60,130.638,130.616,0
470,90,100.92,100.877,0
470,120,71.301,71.292,0
470,150,41.418,41.357,0
470,180,11.678,11.633,0
470,210,341.96,341.926,0
470,240,311.539,311.507,0
470,270,281.173,281.147,0
470,300,251.147,251.113,0
470,330,220.496,220.458,0
471,0,190.074,190.031,0
471,30,160.4,160.363,0
471,60,130.638,130.617,0
471,90,100.909,100.873,0
471,120,71.323,71.283,0
471,150,41.385,41.348,0
471,180,11.667,11.632,0
471,210,341.96,341.929,0
471,240,311.55,311.512,0
471,270,281.206,281.148,0
471,300,251.169,251.125,0
471,330,220.496,220.473,0
472,0,190.074,190.036,0
472,30,160.4,160.359,0
472,60,130.649,130.612,0
472,90,100.898,100.867,0
472,120,71.334,71.282,0
472,150,41.385,41.349,0
472,180,11.667,11.635,0
472,210,341.96,341.92,0
472,240,311.539,311.502,0
472,270,281.173,281.144,0
472,300,251.158,251.117,0
472,330,220.496,220.468,0
473,0,190.074,190.037,0
473,30,160.411,160.366,0
473,60,130.66,130.618,0
473,90,100.909,100.876,0
473,120,71.312,71.285,0
473,150,41.364,41.347,0
473,180,11.656,11.621,0
473,210,341.971,341.921,0
473,240,311.583,311.508,0
473,270,281.184,281.147,0
473,300,251.18,251.123,0
473,330,220.507,220.471,0
474,0,190.085,190.042,0
474,30,160.389,160.368,0
474,60,130.671,130.62,0
474,90,100.909,100.866,0
474,120,71.301,71.272,0
474,150,41.375,41.334,0
474,180,11.646,11.617,0
474,210,341.96,341.928,0
474,240,311.561,311.516,0
474,270,281.173,281.151,0
474,300,251.136,251.125,0
474,330,220.518,220.475,0
475,0,190.085,190.043,0
475,30,160.389,160.354,0
475,60,130.649,130.607,0
475,90,100.887,100.859,0
475,120,71.312,71.275,0
475,150,41.385,41.347,0
475,180,11.678,11.635,0
475,210,341.96,341.94,0
475,240,311.561,311.53,0
475,270,281.195,281.167,0
475,300,251.18,251.132,0
475,330,220.529,220.466,0
476,0,190.074,190.026,0
476,30,160.378,160.347,0
476,60,130.627,130.599,0
476,90,100.909,100.859,0
476,120,71.323,71.278,0
476,150,41.375,41.343,0
476,180,11.656,11.623,0
476,210,341.96,341.927,0
476,240,311.539,311.518,0
476,270,281.228,281.157,0
476,300,251.169,251.13,0
476,330,220.496,220.475,0
477,0,190.096,190.039,0
477,30,160.411,160.366,0
477,60,130.627,130.613,0
477,90,100.931,100.867,0
477,120,71.312,71.28,0
477,150,41.375,41.347,0
477,180,11.656,11.625,0
477,210,341.96,341.924,0
477,240,311.539,311.508,0
477,270,281.162,281.145,0
477,300,251.158,251.119,0
477,330,220.485,220.467,0
478,0,190.074,190.038,0
478,30,160.422,160.367,0
478,60,130.649,130.619,0
478,90,100.92,100.877,0
478,120,71.323,71.291,0
478,150,41.407,41.354,0
478,180,11.667,11.63,0
478,210,341.96,341.923,0
478,240,311.528,311.499,0
478,270,281.151,281.135,0
478,300,251.125,251.11,0
478,330,220.529,220.469,0
479,0,190.074,190.032,0
479,30,160.367,160.361,0
479,60,130.649,130.62,0
479,90,100.92,100.88,0
479,120,71.334,71.295,0
479,150,41.407,41.357,0
479,180,11.646,11.631,0
479,210,341.96,341.919,0
479,240,311.539,311.496,0
479,270,281.151,281.131,0
479,300,251.169,251.124,0
479,330,220.507,220.475,0
480,0,190.096,190.042,0
480,30,160.389,160.367,0
480,60,130.638,130.614,0
480,90,100.909,100.869,0
480,120,71.29,71.283,0
480,150,41.396,41.346,0
480,180,11.678,11.629,0
480,210,341.949,341.919,0
480,240,311.539,311.5,0
480,270,281.173,281.145,0
480,300,251.169,251.118,0
480,330,220.507,220.462,0
481,0,190.085,190.029,0
481,30,160.389,160.353,0
481,60,130.682,130.605,0
481,90,100.887,100.862,0
481,120,71.312,71.278,0
481,150,41.385,41.345,0
481,180,11.667,11.63,0
481,210,341.982,341.938,0
481,240,311.55,311.525,0
481,270,281.195,281.158,0
481,300,251.169,251.124,0
481,330,220.507,220.463,0
482,0,190.052,190.026,0
482,30,160.4,160.348,0
482,60,130.649,130.603,0
482,90,100.887,100.862,0
482,120,71.334,71.28,0
482,150,41.385,41.347,0
482,180,11.689,11.633,0
482,210,341.96,341.927,0
482,240,311.539,311.51,0
482,270,281.184,281.147,0
482,300,251.158,251.118,0
482,330,220.507,220.465,0
483,0,190.085,190.028,0
483,30,160.411,160.349,0
483,60,130.638,130.599,0
483,90,100.876,100.86,0
483,120,71.301,71.274,0
483,150,41.396,41.34,0
483,180,11.656,11.623,0
483,210,341.96,341.917,0
483,240,311.528,311.499,0
483,270,281.195,281.147,0
483,300,251.147,251.124,0
483,330,220.529,220.471,0
484,0,190.074,190.034,0
484,30,160.378,160.353,0
484,60,130.627,130.602,0
484,90,100.898,100.859,0
484,120,71.312,71.273,0
484,150,41.375,41.335,0
484,180,11.656,11.619,0
484,210,341.993,341.925,0
484,240,311.517,311.512,0
484,270,281.195,281.151,0
484,300,251.158,251.13,0
484,330,220.496,220.471,0
485,0,190.074,190.028,0
485,30,160.389,160.349,0
485,60,130.638,130.601,0
485,90,100.876,100.858,0
485,120,71.312,71.276,0
485,150,41.375,41.34,0
485,180,11.678,11.629,0
485,210,341.96,341.915,0
485,240,311.539,311.496,0
485,270,281.184,281.138,0
485,300,251.158,251.111,0
485,330,220.507,220.465,0
486,0,190.085,190.033,0
486,30,160.378,160.356,0
486,60,130.649,130.609,0
486,90,100.931,100.867,0
486,120,71.323,71.283,0
486,150,41.375,41.346,0
486,180,11.667,11.627,0
486,210,341.982,341.917,0
486,240,311.539,311.494,0
486,270,281.162,281.139,0
486,300,251.158,251.103,0
486,330,220.485,220.451,0
487,0,190.074,190.007,0
487,30,160.389,160.335,0
487,60,130.649,130.598,0
487,90,100.909,100.867,0
487,120,71.323,71.293,0
487,150,41.385,41.366,0
487,180,11.689,11.645,0
487,210,341.982,341.932,0
487,240,311.561,311.511,0
487,270,281.184,281.14,0
487,300,251.158,251.105,0
487,330,220.496,220.452,0
488,0,190.052,190.014,0
488,30,160.378,160.343,0
488,60,130.649,130.599,0
488,90,100.887,100.861,0
488,120,71.356,71.281,0
488,150,41.385,41.35,0
488,180,11.667,11.636,0
488,210,341.971,341.929,0
488,240,311.539,311.508,0
488,270,281.184,281.144,0
488,300,251.147,251.111,0
488,330,220.485,220.457,0
489,0,190.042,190.024,0
489,30,160.367,160.356,0
489,60,130.671,130.609,0
489,90,100.909,100.87,0
489,120,71.345,71.287,0
489,150,41.407,41.352,0
489,180,11.689,11.629,0
489,210,341.96,341.925,0
489,240,311.528,311.505,0
489,270,281.173,281.143,0
489,300,251.158,251.112,0
489,330,220.507,220.456,0
490,0,190.096,190.025,0
490,30,160.4,160.354,0
490,60,130.66,130.611,0
490,90,100.909,100.868,0
490,120,71.312,71.284,0
490,150,41.385,41.347,0
490,180,11.678,11.623,0
490,210,341.949,341.92,0
490,240,311.539,311.502,0
490,270,281.184,281.141,0
490,300,251.158,251.108,0
490,330,220.496,220.457,0
491,0,190.063,190.029,0
491,30,160.378,160.355,0
491,60,130.671,130.61,0
491,90,100.92,100.866,0
491,120,71.323,71.277,0
491,150,41.396,41.348,0
491,180,11.667,11.625,0
491,210,341.971,341.923,0
491,240,311.572,311.506,0
491,270,281.173,281.143,0
491,300,251.158,251.114,0
491,330,220.518,220.46,0
492,0,190.074,190.027,0
492,30,160.433,160.354,0
492,60,130.627,130.603,0
492,90,100.909,100.862,0
492,120,71.323,71.276,0
492,150,41.396,41.347,0
492,180,11.667,11.621,0
492,210,341.96,341.922,0
492,240,311.561,311.512,0
492,270,281.184,281.149,0
492,300,251.158,251.124,0
492,330,220.496,220.462,0
493,0,190.074,190.029,0
493,30,160.389,160.355,0
493,60,130.638,130.606,0
493,90,100.898,100.861,0
493,120,71.312,71.278,0
493,150,41.375,41.348,0
493,180,11.656,11.62,0
493,210,341.982,341.921,0
493,240,311.539,311.508,0
493,270,281.173,281.141,0
493,300,251.158,251.111,0
493,330,220.496,220.463,0
494,0,190.074,190.029,0
494,30,160.411,160.358,0
494,60,130.638,130.611,0
494,90,100.887,100.868,0
494,120,71.345,71.282,0
494,150,41.396,41.354,0
494,180,11.678,11.627,0
494,210,341.982,341.917,0
494,240,311.539,311.5,0
494,270,281.195,281.141,0
494,300,251.147,251.112,0
494,330,220.529,220.465,0
495,0,190.052,190.028,0
495,30,160.389,160.358,0
495,60,130.66,130.609,0
495,90,100.898,100.863,0
495,120,71.345,71.279,0
495,150,41.396,41.348,0
495,180,11.646,11.617,0
495,210,341.96,341.921,0
495,240,311.528,311.508,0
495,270,281.173,281.145,0
495,300,251.169,251.119,0
495,330,220.496,220.461,0
496,0,190.063,190.027,0
496,30,160.378,160.353,0
496,60,130.638,130.609,0
496,90,100.898,100.864,0
496,120,71.301,71.273,0
496,150,41.385,41.345,0
496,180,11.656,11.625,0
496,210,341.938,341.93,0
496,240,311.561,311.516,0
496,270,281.173,281.147,0
496,300,251.158,251.106,0
496,330,220.485,220.454,0
497,0,190.074,190.024,0
497,30,160.389,160.354,0
497,60,130.605,130.608,0
497,90,100.942,100.87,0
497,120,71.323,71.288,0
497,150,41.407,41.359,0
497,180,11.667,11.631,0
497,210,341.971,341.926,0
497,240,311.528,311.506,0
497,270,281.173,281.141,0
497,300,251.136,251.107,0
497,330,220.507,220.456,0
498,0,190.052,190.02,0
498,30,160.378,160.351,0
498,60,130.649,130.607,0
498,90,100.931,100.866,0
498,120,71.334,71.283,0
498,150,41.396,41.353,0
498,180,11.656,11.624,0
498,210,341.971,341.922,0
498,240,311.583,311.506,0
498,270,281.162,281.136,0
498,300,251.169,251.105,0
498,330,220.496,220.457,0
499,0,190.074,190.023,0
499,30,160.4,160.356,0
499,60,130.649,130.613,0
499,90,100.909,100.872,0
499,120,71.334,71.286,0
499,150,41.375,41.353,0
499,180,11.667,11.627,0
499,210,341.96,341.922,0
499,240,311.55,311.499,0
499,270,281.162,281.135,0
499,300,251.158,251.103,0
499,330,220.518,220.454,0
500,0,190.085,190.024,0
500,30,160.4,160.356,0
500,60,130.649,130.611,0
500,90,100.909,100.876,0
500,120,71.345,71.295,0
500,150,41.418,41.36,0
500,180,11.667,11.625,0
500,210,341.971,341.918,0
500,240,311.55,311.496,0
500,270,281.162,281.13,0
500,300,251.147,251.102,0
500,330,220.485,220.452,0
